country,country_m49,year,species,raw_milk_t,milk_animals_head_PAS,total_stock_head_QCL,total_stock_head_GLE,ch4_enteric_kt,ch4_manure_kt,ch4_whole_herd_kt,milk_allocation_factor_delta,ch4_g_per_kg_raw_milk_whole_herd,ch4_g_per_kg_raw_milk_milk_allocated,flag_milk_t,flag_milk_animals,flag_stock_gle,flag_ch4_enteric_kt,flag_ch4_manure_kt,note_milk_t,note_milk_animals,note_stock_gle
Afghanistan,4,2020,camel,6873.29,21916.0,168376.0,169410.0,7.7929,0.2168,8.0097,0.1301610680857129,1165.3371238518964,151.68152472049556,I,I,I,E,E,,,
Afghanistan,4,2021,camel,6854.96,21831.0,167373.0,169133.0,7.7801,0.2165,7.9966,0.1304332239967019,1166.5421825947926,152.15585780398823,I,I,I,E,E,,,
Afghanistan,4,2022,camel,6850.27,21801.0,166937.0,168335.0,7.7434,0.2155,7.9589,0.1305941762461288,1161.8374166273736,151.7292003563822,I,I,I,E,E,,,
Afghanistan,4,2023,camel,6833.49,21722.0,166004.0,167537.0,7.7067,0.2144,7.9211,0.1308522686200332,1159.158790017985,151.67855736470608,I,I,I,E,E,,,
Afghanistan,4,2020,cattle,1868866.61,3570111.0,5370129.0,3523277.0,204.3501,17.6164,221.9665,1.0,118.77064891217675,118.77064891217675,I,I,E,E,E,,,
Afghanistan,4,2021,cattle,1841535.8,3510489.0,5267794.0,3567559.0,206.9184,17.8378,224.7562,1.0,122.04823821508111,122.04823821508111,I,I,E,E,E,,,
Afghanistan,4,2022,cattle,1876786.33,3583530.0,5386042.0,3648399.0,211.6071,18.242,229.8491,1.0,122.46950882256266,122.46950882256266,I,I,E,E,E,,,
Afghanistan,4,2023,cattle,1902352.02,3636085.0,5470284.0,3709761.0,215.1661,18.5488,233.7149,1.0,122.8557583154352,122.8557583154352,I,I,E,E,E,,,
Afghanistan,4,2020,goats,117900.97,2747975.0,8002444.0,7742708.0,38.7135,0.8517,39.5652,0.3433919687535458,335.57993628042243,115.2354549935237,I,I,E,E,E,,,
Afghanistan,4,2021,goats,116893.13,2714244.0,7883967.0,7855729.0,39.2786,0.8641,40.1427,0.3442738915573847,343.413680513132,118.22836420430036,I,I,E,E,E,,,
Afghanistan,4,2022,goats,118055.12,2749688.0,7998225.0,7955326.0,39.7766,0.8751,40.651700000000005,0.3437872778022623,344.3450821955033,118.38145843258836,I,I,E,E,E,,,
Afghanistan,4,2023,goats,119074.24,2780650.0,8097476.0,8038813.0,40.1941,0.8843,41.0784,0.3433971276975689,344.9814166355376,118.46562758168194,I,I,E,E,E,,,
Afghanistan,4,2020,sheep,197306.06,6666034.0,12808421.0,12810861.0,64.0543,1.2811,65.33539999999999,0.5204415126579615,331.1373203641084,172.33760790780056,I,I,I,E,E,,,
Afghanistan,4,2021,sheep,196388.17,6619162.0,12700000.0,12700000.0,63.5,1.27,64.77,0.5211938582677166,329.8060163196184,171.8928701255274,I,I,E,E,E,,,
Afghanistan,4,2022,sheep,194548.06,6529464.0,12500000.0,12500000.0,62.5,1.25,63.75,0.52235712,327.6825273919462,171.16730128277814,I,I,E,E,E,,,
Afghanistan,4,2023,sheep,191272.91,6373780.0,12159580.0,12239176.0,61.1959,1.2239,62.4198,0.5241776442936351,326.3389467959681,171.0595803727765,I,I,I,E,E,,,
Albania,8,2020,cattle,924270.0,296311.0,362583.0,296311.0,34.6684,7.194,41.8624,1.0,45.29239291549006,45.29239291549006,A,A,E,E,E,,,
Albania,8,2021,cattle,885160.0,281320.0,336784.0,281320.0,32.9144,6.83,39.7444,1.0,44.90080889330743,44.90080889330743,A,A,E,E,E,,,
Albania,8,2022,cattle,849690.26,264874.0,297656.0,264874.0,30.9903,6.4308,37.4211,1.0,44.040872023177016,44.040872023177016,A,A,E,E,E,,,
Albania,8,2023,cattle,788307.0,242401.0,263385.0,242401.0,28.3609,5.8851,34.246,1.0,43.442465942837,43.442465942837,A,A,E,E,E,,,
Albania,8,2020,goats,82600.0,638228.0,774332.0,774332.0,3.8717,0.1007,3.9724,0.8242304334574834,48.09200968523002,39.63889798869862,A,A,A,E,E,,,
Albania,8,2021,goats,82580.0,626972.0,775337.0,775337.0,3.8767,0.1008,3.9775,0.8086444991016809,48.16541535480746,38.94869817361269,A,A,A,E,E,,,
Albania,8,2022,goats,78478.79,592833.0,721555.0,721555.0,3.6078,0.0938,3.7016,0.8216047286762617,47.166884198902665,38.75253509474408,A,A,A,E,E,,,
Albania,8,2023,goats,72852.0,545054.0,640242.0,640242.0,3.2012,0.0832,3.2844,0.8513249677465708,45.08318234228298,38.38043875345683,A,A,A,E,E,,,
Albania,8,2020,sheep,76890.0,1150824.0,1557861.0,1557861.0,12.4629,0.296,12.7589,0.7387205918884933,165.9370529327611,122.58111795872152,A,A,A,E,E,,,
Albania,8,2021,sheep,75670.0,1161657.0,1480450.0,1480450.0,11.8436,0.2813,12.1249,0.7846647978655139,160.2339104004229,125.7299089155487,A,A,A,E,E,,,
Albania,8,2022,sheep,71103.99,1090881.0,1371695.0,1371695.0,10.9736,0.2606,11.2342,0.795279562876587,157.9967593942337,125.65159374696346,A,A,A,E,E,,,
Albania,8,2023,sheep,66426.0,1013252.0,1206206.0,1206206.0,9.6496,0.2292,9.8788,0.840032299623779,148.7188751392527,124.9286586806881,A,A,A,E,E,,,
Algeria,12,2020,camel,14717.59,96887.0,435214.0,435214.0,20.0198,0.8356,20.8554,0.2226192172126815,1417.039066858093,315.4601278237374,I,I,A,E,E,,,
Algeria,12,2021,camel,15003.09,99309.0,448546.0,448546.0,20.6331,0.8612,21.4943,0.2214020412622117,1432.6582057429505,317.1934511825468,I,I,A,E,E,,,
Algeria,12,2022,camel,15243.26,101347.0,459765.0,433642.0,19.9475,0.8326,20.7801,0.2204321773079725,1363.2320120499155,300.5002005920912,I,I,E,E,E,,,
Algeria,12,2023,camel,15290.15,101700.0,461455.0,439134.0,20.2002,0.8431,21.0433,0.2203898538319012,1376.2651118530555,303.3148668352402,I,I,E,E,E,,,
Algeria,12,2020,cattle,2414552.0,908412.0,1740183.0,908412.0,41.787,0.9084,42.6954,1.0,17.682534896742748,17.682534896742748,A,A,E,E,E,,,
Algeria,12,2021,cattle,2409291.0,908134.0,1734476.0,908134.0,41.7742,0.9081,42.6823,1.0,17.71570972539224,17.71570972539224,A,A,E,E,E,,,
Algeria,12,2022,cattle,2433986.67,908100.0,1734460.0,937688.0,43.1336,0.9377,44.0713,1.0,18.106631619309567,18.106631619309567,E,E,E,E,E,,,
Algeria,12,2023,cattle,2419276.56,945000.0,1805943.0,972288.0,44.7252,0.9723,45.6975,1.0,18.888911154498185,18.888911154498185,E,E,E,E,E,,,
Algeria,12,2020,goats,332793.0,2838636.0,4908168.0,4908168.0,24.5408,0.8344,25.3752,0.5783493963531811,76.24919995312402,44.098678765302274,A,A,A,E,E,,,
Algeria,12,2021,goats,314117.0,2943088.0,5029042.0,5029042.0,25.1452,0.8549,26.0001,0.585218417344695,82.77202443675446,48.43971314129387,A,A,A,E,E,,,
Algeria,12,2022,goats,324463.67,3000000.0,5127003.0,5120169.0,25.6008,0.8704,26.4712,0.5851371649285168,81.58448062921806,47.73811169754615,E,E,I,E,E,,,
Algeria,12,2023,goats,323791.22,2986000.0,5102740.0,5105938.0,25.5297,0.868,26.3977,0.5851758075073392,81.52691725241964,47.707579636768685,E,E,I,E,E,,,
Algeria,12,2020,sheep,592306.0,19279794.0,30905560.0,30905560.0,154.5278,4.6358,159.1636,0.6238293045005494,268.7185340010063,167.63449617225498,A,A,A,E,E,,,
Algeria,12,2021,sheep,524908.0,19374997.0,31126445.0,31126445.0,155.6322,4.669,160.30120000000002,0.6224609652660302,305.389134857918,190.09281566541756,A,A,A,E,E,,,
Algeria,12,2022,sheep,547145.33,19634000.0,31542575.0,31210734.0,156.0537,4.6816,160.7353,0.622460277894243,293.7707610517301,182.8606295614632,E,E,I,E,E,,,
Algeria,12,2023,sheep,554786.44,19812500.0,31829369.0,31816014.0,159.0801,4.7724,163.8525,0.6224597163707518,295.3433757321106,183.83935389018995,E,E,I,E,E,,,
Angola,24,2020,cattle,213047.39,428679.0,4924541.0,441661.0,20.3164,0.4417,20.7581,1.0,97.43419058079049,97.43419058079049,I,I,E,E,E,,,
Angola,24,2021,cattle,219526.96,443316.0,5140151.0,441404.0,20.3046,0.4414,20.746,1.0,94.50319906037964,94.50319906037964,I,I,E,E,E,,,
Angola,24,2022,cattle,219434.93,442890.0,5130157.0,443889.0,20.4189,0.4439,20.8628,1.0,95.07510950968472,95.07510950968472,I,I,E,E,E,,,
Angola,24,2023,cattle,220646.99,445456.0,5165133.0,446402.0,20.5345,0.4464,20.9809,1.0,95.08808617783546,95.08808617783546,I,I,E,E,E,,,
Antigua and Barbuda,28,2020,cattle,2936.13,3051.0,4198.0,2628.0,0.1892,0.0053,0.1945,1.0,66.24366087332645,66.24366087332645,I,I,E,E,E,,,
Antigua and Barbuda,28,2021,cattle,2933.46,3047.0,4187.0,2534.0,0.1824,0.0051,0.1875,1.0,63.917694463193634,63.917694463193634,I,I,E,E,E,,,
Antigua and Barbuda,28,2022,cattle,2904.27,3011.0,4126.0,2446.0,0.1761,0.0049,0.181,1.0,62.32202928791056,62.32202928791056,I,I,E,E,E,,,
Antigua and Barbuda,28,2023,cattle,2877.18,2978.0,4069.0,2357.0,0.1697,0.0047,0.1744,1.0,60.6149076526321,60.6149076526321,I,I,E,E,E,,,
Argentina,32,2020,cattle,11446583.21,1547299.0,54460799.0,1547299.0,111.4055,1.5473,112.9528,1.0,9.867818014140832,9.867818014140832,A,A,E,E,E,,,
Argentina,32,2021,cattle,11899905.14,1527097.0,53517534.0,1527097.0,109.951,1.5271,111.4781,1.0,9.367982239226489,9.367982239226489,A,A,E,E,E,,,
Argentina,32,2022,cattle,11904142.0,1563134.0,53416435.0,1563134.0,112.5456,1.5631,114.1087,1.0,9.585629942922388,9.585629942922388,A,E,E,E,E,,,
Argentina,32,2023,cattle,11665405.0,1545843.0,54242595.0,1545843.0,111.3007,1.5458,112.8465,1.0,9.673603273954056,9.673603273954056,A,E,E,E,E,,,
Armenia,51,2020,cattle,605400.0,251716.0,579256.0,251716.0,11.5789,0.5034,12.0823,1.0,19.957548728113643,19.957548728113643,A,A,E,E,E,,,
Armenia,51,2021,cattle,647000.0,265810.0,613413.0,265810.0,12.2273,0.5316,12.7589,1.0,19.720092735703247,19.720092735703247,A,A,E,E,E,,,
Armenia,51,2022,cattle,607000.0,246127.0,559627.0,246127.0,11.3218,0.4923,11.8141,1.0,19.46309719934102,19.46309719934102,A,A,E,E,E,,,
Armenia,51,2023,cattle,557000.0,222065.0,501862.0,222065.0,10.215,0.4441,10.6591,1.0,19.136624775583485,19.136624775583485,A,A,E,E,E,,,
Armenia,51,2020,goats,3900.0,15828.0,22934.0,22934.0,0.1147,0.0025,0.1172,0.6901543559780239,30.05128205128205,20.740023210416517,A,A,A,E,E,,,
Armenia,51,2021,goats,1700.0,17176.0,24365.0,24365.0,0.1218,0.0027,0.1245,0.7049456187153704,73.23529411764706,51.62689972356684,E,A,A,E,E,,,
Armenia,51,2022,goats,1100.0,16217.0,21943.0,21943.0,0.1097,0.0024,0.1121,0.7390511780522262,101.9090909090909,75.31603369059505,E,A,A,E,E,,,
Armenia,51,2023,goats,2400.0,14455.0,20561.0,20561.0,0.1028,0.0023,0.1051,0.7030300082680804,43.79166666666667,30.78685577873969,E,A,A,E,E,,,
Armenia,51,2020,sheep,45000.0,452646.0,639598.0,639598.0,3.198,0.064,3.262,0.7077039015131379,72.4888888888889,51.30066948301902,A,A,A,E,E,,,
Armenia,51,2021,sheep,22000.0,476534.0,693439.0,693439.0,3.4672,0.0693,3.5365,0.6872039213254518,160.75,110.46803035306638,E,A,A,E,E,,,
Armenia,51,2022,sheep,15000.0,492452.0,691787.0,691787.0,3.4589,0.0692,3.5281,0.7118549495726285,235.20666666666665,167.43302983914603,E,A,A,E,E,,,
Armenia,51,2023,sheep,32200.0,494207.0,680410.0,680410.0,3.4021,0.068,3.4701,0.7263370614776384,107.76708074534162,78.27522475259482,E,A,A,E,E,,,
Australia,36,2020,cattle,9099000.0,1393782.0,23503238.0,1393782.0,125.4404,40.4197,165.8601,1.0,18.228387734915923,18.228387734915923,A,A,E,E,E,,,
Australia,36,2021,cattle,9067000.0,1384000.0,24431174.0,1384000.0,124.56,40.136,164.696,1.0,18.16433219366935,18.16433219366935,A,A,E,E,E,,,
Australia,36,2022,cattle,8450000.0,1339506.0,24398826.0,1339506.0,120.5555,38.8457,159.4012,1.0,18.864047337278105,18.864047337278105,A,A,E,E,E,,,
Australia,36,2023,cattle,8467000.0,1290000.0,29878186.0,1372429.0,123.5186,39.8004,163.31900000000002,1.0,19.288886264320304,19.288886264320304,A,A,E,E,E,,,
Austria,40,2020,cattle,3815470.0,524780.0,1855430.0,524780.0,61.3993,11.0204,72.41969999999999,1.0,18.980544991835863,18.980544991835863,A,A,E,E,E,,,
Austria,40,2021,cattle,3830140.0,526460.0,1870100.0,526460.0,61.5958,11.0557,72.6515,1.0,18.96836669155697,18.96836669155697,A,A,E,E,E,,,
Austria,40,2022,cattle,3942500.0,550550.0,1861070.0,550550.0,64.4143,11.5616,75.9759,1.0,19.270995561192137,19.270995561192137,A,A,E,E,E,,,
Austria,40,2023,cattle,3678790.0,543030.0,1835470.0,543030.0,63.5345,11.4036,74.9381,1.0,20.370311977579583,20.370311977579583,A,A,E,E,E,,,
Austria,40,2020,goats,25370.0,59730.0,92760.0,92760.0,0.4638,0.0121,0.4759,0.6439197930142303,18.75837603468664,12.078889613538518,A,A,A,E,E,,,
Austria,40,2021,goats,26540.0,63750.0,100600.0,100600.0,0.503,0.0131,0.5161,0.6336978131212724,19.446119065561412,12.322963125542149,A,A,A,E,E,,,
Austria,40,2022,goats,26110.0,64720.0,99020.0,99020.0,0.4951,0.0129,0.508,0.6536053322561098,19.45614707008809,12.716641470168664,A,A,A,E,E,,,
Austria,40,2023,goats,26640.0,62880.0,96940.0,96940.0,0.4847,0.0126,0.4973,0.6486486486486487,18.66741741741742,12.108595081568057,A,A,A,E,E,,,
Austria,40,2020,sheep,11420.0,28054.0,393760.0,393760.0,3.1501,0.0748,3.2249000000000003,0.0712464445347419,282.3905429071804,20.119322152372103,A,A,A,E,E,,,
Austria,40,2021,sheep,10810.0,28880.0,402350.0,402350.0,3.2188,0.0764,3.2952,0.0717783024729712,304.8288621646623,21.880098270946807,A,A,A,E,E,,,
Austria,40,2022,sheep,11690.0,28625.0,400660.0,400660.0,3.2053,0.0761,3.2814,0.0714446163829681,280.7014542343884,20.05460771591716,A,A,A,E,E,,,
Austria,40,2023,sheep,11540.0,27828.0,391870.0,391870.0,3.135,0.0745,3.2095,0.0710133462627912,278.11958405545926,19.7502023249938,A,A,A,E,E,,,
Azerbaijan,31,2020,cattle,2156882.0,1278208.0,2504048.0,1278208.0,58.7976,2.5564,61.354,1.0,28.44569151209941,28.44569151209941,A,A,E,E,E,,,
Azerbaijan,31,2021,cattle,2187782.0,1280513.0,2519692.0,1280513.0,58.9036,2.561,61.4646,1.0,28.09448107718228,28.09448107718228,A,A,E,E,E,,,
Azerbaijan,31,2022,cattle,2229118.0,1287996.0,2498179.0,1287996.0,59.2478,2.576,61.8238,1.0,27.73464661807944,27.73464661807944,A,A,E,E,E,,,
Azerbaijan,31,2023,cattle,2249686.0,1288828.0,2399626.0,1288828.0,59.2861,2.5777,61.8638,1.0,27.49885984088446,27.49885984088446,A,A,E,E,E,,,
Azerbaijan,31,2020,goats,5341.0,104678.0,605925.0,605925.0,3.0296,0.0667,3.0963,0.1727573544580599,579.7228983336454,100.15139423487943,A,E,A,E,E,,,
Azerbaijan,31,2021,goats,5142.0,104704.0,585520.0,585520.0,2.9276,0.0644,2.992,0.1788222434758846,581.8747569039284,104.0521494515455,A,E,A,E,E,,,
Azerbaijan,31,2022,goats,5065.0,104705.0,580840.0,580840.0,2.9042,0.0639,2.9681,0.1802647889263824,586.0019743336625,105.63552221370108,A,E,A,E,E,,,
Azerbaijan,31,2023,goats,4681.0,94233.0,419905.0,419905.0,2.0995,0.0462,2.1457,0.2244150462604636,458.3849604785303,102.86848211089018,A,I,A,E,E,,,
Azerbaijan,31,2020,sheep,30275.0,318622.0,7483725.0,7483725.0,37.4186,0.7484,38.167,0.0425753217815994,1260.677126341866,53.673734316707,A,E,A,E,E,,,
Azerbaijan,31,2021,sheep,30502.0,316063.0,7314166.0,7314166.0,36.5708,0.7314,37.3022,0.0432124455474486,1222.942757851944,52.84634733132376,A,E,A,E,E,,,
Azerbaijan,31,2022,sheep,30496.0,317751.0,7170828.0,7170828.0,35.8541,0.7171,36.571200000000005,0.0443116192439701,1199.2130115424975,53.13907035988594,A,E,A,E,E,,,
Azerbaijan,31,2023,sheep,29623.0,317479.0,6640708.0,6640708.0,33.2035,0.6641,33.8676,0.0478080048091257,1143.2873105357326,54.65828524030478,A,E,A,E,E,,,
Bahamas,44,2020,cattle,685.28,676.0,749.0,688.0,0.0495,0.0007,0.0502,1.0,73.25472799439646,73.25472799439646,I,I,E,E,E,,,
Bahamas,44,2021,cattle,682.19,672.0,743.0,693.0,0.0499,0.0007,0.0506,1.0,74.17288438704759,74.17288438704759,I,I,E,E,E,,,
Bahamas,44,2022,cattle,683.56,673.0,744.0,695.0,0.05,0.0007,0.0507,1.0,74.1705190473404,74.1705190473404,I,I,E,E,E,,,
Bahamas,44,2023,cattle,683.83,673.0,744.0,697.0,0.0502,0.0007,0.0509,1.0,74.43370428322828,74.43370428322828,I,I,E,E,E,,,
Bahamas,44,2020,goats,1370.14,7109.0,14996.0,15046.0,0.0752,0.0026,0.0778,0.474059749266471,56.78251857474418,26.91830651826196,I,I,I,E,E,,,
Bahamas,44,2021,goats,1375.48,7144.0,15076.0,15051.0,0.0753,0.0026,0.0779,0.4738657468824622,56.63477476953499,26.837279845685725,I,I,I,E,E,,,
Bahamas,44,2022,goats,1375.92,7143.0,15063.0,15084.0,0.0754,0.0026,0.078,0.4742083250348536,56.68934240362812,26.88255810855179,I,I,I,E,E,,,
Bahamas,44,2023,goats,1378.66,7158.0,15093.0,15122.0,0.0756,0.0026,0.0782,0.4742595905386603,56.7217443024386,26.90083122751312,I,I,I,E,E,,,
Bahrain,48,2020,cattle,10000.0,4100.0,7000.0,4100.0,0.1886,0.0107,0.1992999999999999,1.0,19.92999999999999,19.92999999999999,A,A,E,E,E,,,
Bahrain,48,2021,cattle,10000.0,4100.0,7500.0,4100.0,0.1886,0.0107,0.1992999999999999,1.0,19.92999999999999,19.92999999999999,A,A,E,E,E,,,
Bahrain,48,2022,cattle,10765.88,4343.0,7200.0,4770.0,0.2194,0.0124,0.2318,1.0,21.530984926452835,21.530984926452835,I,E,E,E,E,,,
Bahrain,48,2023,cattle,10528.33,4181.0,7000.0,4638.0,0.2133,0.0121,0.2254,1.0,21.408903406333195,21.408903406333195,I,E,E,E,E,,,
Bahrain,48,2020,goats,299.74,2883.0,21000.0,21000.0,0.105,0.0046,0.1096,0.1372857142857143,365.6502301995062,50.19855303167507,I,I,A,E,E,,,
Bahrain,48,2021,goats,322.75,3253.0,25000.0,25000.0,0.125,0.0055,0.1305,0.13012,404.3377226955848,52.6124244771495,I,I,A,E,E,,,
Bahrain,48,2022,goats,319.72,3201.0,24400.0,24400.0,0.122,0.0054,0.1273999999999999,0.1311885245901639,398.47366445639904,52.27517212807104,I,I,A,E,E,,,
Bahrain,48,2023,goats,323.24,3257.0,25000.0,23467.0,0.1173,0.0052,0.1225,0.13028,378.9753743348595,49.3729117683455,I,I,E,E,E,,,
Bahrain,48,2020,sheep,156.05,1933.0,60000.0,60000.0,0.3,0.012,0.312,0.0322166666666666,1999.35917975008,64.4126882409484,I,I,A,E,E,,,
Bahrain,48,2021,sheep,156.16,1934.0,60000.0,60000.0,0.3,0.012,0.312,0.0322333333333333,1997.950819672131,64.40061475409836,I,I,A,E,E,,,
Bahrain,48,2022,sheep,158.2,1978.0,62300.0,62300.0,0.3115,0.0125,0.324,0.0317495987158908,2048.0404551201013,65.02446260397369,I,I,A,E,E,,,
Bahrain,48,2023,sheep,158.97,1994.0,63100.0,60767.0,0.3038,0.0122,0.316,0.0316006339144215,1987.7964395797949,62.81562758355168,I,I,E,E,E,,,
Bangladesh,50,2020,buffalo,267000.0,477800.0,1493000.0,1493000.0,82.115,7.465,89.58,0.3200267916945747,335.50561797752806,107.37078651685393,E,E,A,E,E,,,
Bangladesh,50,2021,buffalo,299625.0,525000.0,1500000.0,1500000.0,82.5,7.5,90.0,0.35,300.37546933667085,105.13141426783478,E,E,A,E,E,,,
Bangladesh,50,2022,buffalo,326850.0,527800.0,1508000.0,1508000.0,82.94,7.54,90.48,0.35,276.82423129876094,96.88848095456632,E,E,A,E,E,,,
Bangladesh,50,2023,buffalo,351700.0,530600.0,1516000.0,1516000.0,83.38,7.58,90.96,0.35,258.6295137901621,90.52032982655672,E,E,A,E,E,,,
Bangladesh,50,2020,cattle,9612000.0,8536900.0,24391000.0,8536900.0,495.1402,42.6845,537.8247,1.0,55.95346441947566,55.95346441947566,E,E,E,E,E,,,
Bangladesh,50,2021,cattle,10786500.0,8590800.0,24545000.0,8590800.0,498.2664,42.954,541.2203999999999,1.0,50.17571964956195,50.17571964956195,E,E,E,E,E,,,
Bangladesh,50,2022,cattle,11766600.0,8645000.0,24700000.0,8645000.0,501.41,43.225,544.635,1.0,46.28652286981796,46.28652286981796,E,E,E,E,E,,,
Bangladesh,50,2023,cattle,12661200.0,8700000.0,24856000.0,8700000.0,504.6,43.5,548.1,1.0,43.28973557008815,43.28973557008815,E,E,E,E,E,,,
Bangladesh,50,2020,goats,747600.0,8195000.0,26435000.0,26435000.0,132.175,5.1805,137.3555,0.3100056742954416,183.72859818084535,56.95690796640922,E,E,A,E,E,,,
Bangladesh,50,2021,goats,838950.0,8779000.0,26604000.0,26604000.0,133.02,5.2136,138.23360000000002,0.3299879717335739,164.76977173848266,54.37204277898584,E,E,A,E,E,,,
Bangladesh,50,2022,goats,915180.0,9371000.0,26774000.0,26774000.0,133.87,5.2469,139.11690000000002,0.3500037349667588,152.0104241788501,53.20421621647883,E,E,A,E,E,,,
Bangladesh,50,2023,goats,984760.0,9431000.0,26945000.0,26945000.0,134.725,5.2804,140.0054,0.3500092781592132,142.17210284739429,49.7615550919939,E,E,A,E,E,,,
Bangladesh,50,2020,sheep,53400.0,1118000.0,3607000.0,3607000.0,18.035,0.6347,18.6697,0.3099528694205711,349.61985018726585,108.36567577193324,E,E,A,E,E,,,
Bangladesh,50,2021,sheep,59925.0,1214000.0,3679000.0,3679000.0,18.395,0.6474,19.0424,0.3299809730905137,317.77054651647893,104.85823415901208,E,E,A,E,E,,,
Bangladesh,50,2022,sheep,65370.0,1313000.0,3752000.0,3752000.0,18.76,0.6602,19.4202,0.3499466950959488,297.0812299219826,103.96259458623751,E,E,A,E,E,,,
Bangladesh,50,2023,sheep,70340.0,1339000.0,3827000.0,3827000.0,19.135,0.6734,19.8084,0.3498824144238306,281.6093261302246,98.53015095071092,E,E,A,E,E,,,
Barbados,52,2020,cattle,3978.0,2940.0,10966.0,2908.0,0.2094,0.0056,0.215,1.0,54.04725992961287,54.04725992961287,A,I,E,E,E,,,
Barbados,52,2021,cattle,4341.0,2994.0,11229.0,2914.0,0.2098,0.0056,0.2153999999999999,1.0,49.61990324809949,49.61990324809949,A,I,E,E,E,,,
Barbados,52,2022,cattle,4039.0,3014.0,11322.0,2910.0,0.2095,0.0056,0.2150999999999999,1.0,53.25575637534041,53.25575637534041,A,I,E,E,E,,,
Barbados,52,2023,cattle,4119.33,3027.0,11378.0,2905.0,0.2092,0.0056,0.2148,1.0,52.14440212364632,52.14440212364632,E,I,E,E,E,,,
Belarus,112,2020,cattle,7751800.0,1482600.0,4287700.0,1482600.0,146.7774,16.3086,163.086,1.0,21.03846848473903,21.03846848473903,A,A,E,E,E,,,
Belarus,112,2021,cattle,7811000.0,1456700.0,4232400.0,1456700.0,144.2133,16.0237,160.237,1.0,20.514274740750224,20.514274740750224,A,A,E,E,E,,,
Belarus,112,2022,cattle,7869000.0,1447300.0,4209300.0,1447300.0,143.2827,15.9203,159.203,1.0,20.231668572880928,20.231668572880928,A,A,E,E,E,,,
Belarus,112,2023,cattle,8331000.0,1444000.0,4197100.0,1443500.0,142.9065,15.8785,158.785,1.0,19.05953667026768,19.05953667026768,A,A,E,E,E,,,
Belarus,112,2020,goats,13500.0,28187.0,56900.0,56900.0,0.2845,0.0074,0.2919,0.495377855887522,21.622222222222224,10.711170083967977,A,I,A,E,E,,,
Belarus,112,2021,goats,16961.41,30474.0,53300.0,53300.0,0.2665,0.0069,0.2734,0.5717448405253284,16.118942941654023,9.215922461612848,I,E,A,E,E,,,
Belarus,112,2022,goats,16673.98,30368.0,52000.0,52000.0,0.26,0.0068,0.2668,0.584,16.0009787705155,9.34457160198105,I,E,A,E,E,,,
Belarus,112,2023,goats,16289.69,30653.0,50300.0,50300.0,0.2515,0.0065,0.258,0.609403578528827,15.838238787846793,9.651879394907906,I,E,A,E,E,,,
Belgium,56,2020,cattle,4457000.0,537940.0,2335440.0,537940.0,62.939,11.2967,74.2357,1.0,16.655979358312766,16.655979358312766,A,A,E,E,E,,,
Belgium,56,2021,cattle,4438000.0,537250.0,2310440.0,537250.0,62.8582,11.2822,74.1404,1.0,16.705813429472734,16.705813429472734,A,A,E,E,E,,,
Belgium,56,2022,cattle,4572000.0,543680.0,2286110.0,543680.0,63.6106,11.4173,75.0279,1.0,16.410301837270342,16.410301837270342,A,A,E,E,E,,,
Belgium,56,2023,cattle,4627000.0,535550.0,2245710.0,535550.0,62.6594,11.2465,73.9059,1.0,15.9727469202507,15.9727469202507,A,A,E,E,E,,,
Belize,84,2020,cattle,4522.0,6122.0,101632.0,6122.0,0.4408,0.0066,0.4474,1.0,98.93852277753209,98.93852277753209,A,E,E,E,E,,,
Belize,84,2021,cattle,5739.0,5996.0,100528.0,5996.0,0.4317,0.0065,0.4382,1.0,76.354765638613,76.354765638613,A,E,E,E,E,,,
Belize,84,2022,cattle,5465.0,6028.0,99522.0,6028.0,0.434,0.0065,0.4405,1.0,80.60384263494967,80.60384263494967,A,E,E,E,E,,,
Belize,84,2023,cattle,6525.0,6049.0,99270.0,6049.0,0.4355,0.0065,0.442,1.0,67.73946360153256,67.73946360153256,A,E,E,E,E,,,
Benin,204,2020,cattle,95994.71,465994.0,1937604.0,465994.0,21.4357,0.466,21.9017,1.0,228.1552806399436,228.1552806399436,A,A,E,E,E,,,
Benin,204,2021,cattle,104897.49,509211.0,2117302.0,509211.0,23.4237,0.5092,23.9329,1.0,228.1551255420888,228.1551255420888,A,A,E,E,E,,,
Benin,204,2022,cattle,114625.95,556437.0,2313666.0,556437.0,25.5961,0.5564,26.1525,1.0,228.15514287995,228.15514287995,A,A,E,E,E,,,
Benin,204,2023,cattle,136873.0,608042.0,2528241.0,571705.0,26.2984,0.5717,26.8701,1.0,196.31410139326235,196.31410139326235,A,A,E,E,E,,,
Benin,204,2020,goats,32733.47,375709.0,2880913.0,2880913.0,14.4046,0.6338,15.0384,0.1304131711023554,459.4196704474044,59.914376089845085,I,I,A,E,E,,,
Benin,204,2021,goats,36808.94,439750.0,3513827.0,3513827.0,17.5691,0.773,18.3421,0.1251484492549007,498.3055746783253,62.36216992606453,I,I,A,E,E,,,
Benin,204,2022,goats,37483.82,450379.0,3619241.0,3619241.0,18.0962,0.7962,18.8924,0.1244401795846145,504.0147989185733,62.71969209073066,I,I,A,E,E,,,
Benin,204,2023,goats,38171.07,461266.0,3727819.0,3727819.0,18.6391,0.8201,19.4592,0.1237361577909227,509.7892199511305,63.07935935998453,I,I,A,E,E,,,
Bhutan,64,2020,cattle,57912.0,76981.0,332418.0,76981.0,4.4649,0.3849,4.8498,1.0,83.74430169912971,83.74430169912971,A,A,E,E,E,,,
Bhutan,64,2021,cattle,54403.0,65788.0,345978.0,65788.0,3.8157,0.3289,4.1446000000000005,1.0,76.18329871514439,76.18329871514439,A,A,E,E,E,,,
Bhutan,64,2022,cattle,42255.0,62835.0,384026.0,62835.0,3.6444,0.3142,3.9586,1.0,93.68358774109574,93.68358774109574,A,A,E,E,E,,,
Bhutan,64,2023,cattle,43829.0,55846.0,260565.0,55846.0,3.2391,0.2792,3.5183,1.0,80.27333500650253,80.27333500650253,A,A,E,E,E,,,
Bolivia (Plurinational State of),68,2020,cattle,558780.15,221000.0,10103767.0,221000.0,15.912,0.221,16.133,1.0,28.871820160397608,28.871820160397608,A,E,E,E,E,,,
Bolivia (Plurinational State of),68,2021,cattle,560096.49,218666.0,10385482.0,218532.0,15.7343,0.2185,15.9528,1.0,28.482235266284206,28.482235266284206,A,I,E,E,E,,,
Bolivia (Plurinational State of),68,2022,cattle,569107.0,223929.0,10739448.0,223777.0,16.1119,0.2238,16.3357,1.0,28.7040925520157,28.7040925520157,A,I,E,E,E,,,
Bolivia (Plurinational State of),68,2023,cattle,576574.0,229233.0,11099476.0,229064.0,16.4926,0.2291,16.7217,1.0,29.00182803941905,29.00182803941905,A,I,E,E,E,,,
Bolivia (Plurinational State of),68,2020,goats,29673.27,470000.0,2266351.0,2266351.0,11.3318,0.3853,11.7171,0.2073818221449369,394.8705349966485,81.88897105895107,A,E,A,E,E,,,
Bolivia (Plurinational State of),68,2021,goats,30068.79,483176.0,2281252.0,2281252.0,11.4063,0.3878,11.7941,0.2118029923918971,392.23726661432,83.07702679653133,A,I,A,E,E,,,
Bolivia (Plurinational State of),68,2022,goats,29766.0,483501.0,2281625.0,2281625.0,11.4081,0.3879,11.796,0.2119108091820522,396.29107034872,83.97836138921886,A,I,A,E,E,,,
Bolivia (Plurinational State of),68,2023,goats,29664.0,483512.0,2280188.0,2280188.0,11.4009,0.3876,11.7885,0.2120491819095618,397.4008899676376,84.26853360776936,A,I,A,E,E,,,
Bolivia (Plurinational State of),68,2020,sheep,31311.79,1212353.0,7612750.0,7612750.0,38.0637,1.1419,39.2056,0.1592529637778726,1252.1034409083609,199.40118392112888,I,I,A,E,E,,,
Bolivia (Plurinational State of),68,2021,sheep,31383.75,1215703.0,7633504.0,7633504.0,38.1675,1.145,39.3125,0.1592588410250391,1252.6387063368782,199.4937885943155,I,I,A,E,E,,,
Bolivia (Plurinational State of),68,2022,sheep,31315.25,1211027.0,7592484.0,7592484.0,37.9624,1.1389,39.1013,0.1595033983607999,1248.6344512657572,199.16143828726092,I,I,A,E,E,,,
Bolivia (Plurinational State of),68,2023,sheep,31073.83,1196520.0,7476133.0,7476133.0,37.3807,1.1214,38.5021,0.1600453068451297,1239.0522829017214,198.30450281416444,I,I,A,E,E,,,
Bosnia and Herzegovina,70,2020,cattle,629133.0,207622.0,427461.0,207622.0,24.2918,4.3601,28.6519,1.0,45.541880651626926,45.541880651626926,A,A,E,E,E,,,
Bosnia and Herzegovina,70,2021,cattle,539510.0,143092.0,341898.0,143092.0,16.7418,3.0049,19.7467,1.0,36.60117514040518,36.60117514040518,A,A,E,E,E,,,
Bosnia and Herzegovina,70,2022,cattle,560269.0,152114.0,339169.0,152114.0,17.7973,3.1944,20.9917,1.0,37.46718094343967,37.46718094343967,A,A,E,E,E,,,
Bosnia and Herzegovina,70,2023,cattle,580214.0,142618.0,330119.0,142618.0,16.6863,2.995,19.6813,1.0,33.92076027121028,33.92076027121028,A,A,E,E,E,,,
Bosnia and Herzegovina,70,2020,sheep,15883.0,273101.0,1014427.0,1014427.0,8.1154,0.1927,8.3081,0.2692170062508194,523.0812818737014,140.8223767318789,A,A,A,E,E,,,
Bosnia and Herzegovina,70,2021,sheep,6418.0,59136.0,1029966.0,1029966.0,8.2397,0.1957,8.4354,0.0574154875015291,1314.334683702088,75.46316660492353,A,A,A,E,E,,,
Bosnia and Herzegovina,70,2022,sheep,13253.0,220248.0,997046.0,997046.0,7.9764,0.1894,8.1658,0.2209005401957382,616.147287406625,136.10726862826223,A,A,A,E,E,,,
Bosnia and Herzegovina,70,2023,sheep,3161.0,45400.0,1003559.0,1003559.0,8.0285,0.1907,8.219199999999999,0.0452389944188632,2600.189813350205,117.62997245413509,A,A,A,E,E,,,
Botswana,72,2020,cattle,23363.38,3600.0,1000000.0,3600.0,0.1656,0.0036,0.1692,1.0,7.242102812178716,7.242102812178716,E,E,E,E,E,,,
Botswana,72,2021,cattle,23111.54,4000.0,990000.0,4000.0,0.184,0.004,0.188,1.0,8.134464427727448,8.134464427727448,E,E,E,E,E,,,
Botswana,72,2022,cattle,27000.0,4300.0,1100000.0,4300.0,0.1978,0.0043,0.2021,1.0,7.485185185185185,7.485185185185185,E,E,E,E,E,,,
Botswana,72,2023,cattle,27000.0,4386.0,1000000.0,4386.0,0.2018,0.0044,0.2062,1.0,7.637037037037037,7.637037037037037,E,A,E,E,E,,,
Botswana,72,2020,goats,11696.64,98588.0,1241957.0,1236408.0,6.182,0.2102,6.392200000000001,0.0793811702015448,546.4988235937843,43.38171613064221,E,I,I,E,E,,,
Botswana,72,2021,goats,11570.29,99165.0,1250865.0,1239979.0,6.1999,0.2108,6.4107,0.0792771402189684,554.0656284328223,43.924738515779744,I,I,I,E,E,,,
Botswana,72,2022,goats,11342.44,96806.0,1210035.0,1196002.0,5.98,0.2033,6.1833,0.0800026445516038,545.147252266708,43.61322185137698,I,I,I,E,E,,,
Botswana,72,2023,goats,7152.0,94992.0,1178713.0,1162721.0,5.8136,0.1977,6.0113,0.0805895922077723,840.5061521252796,67.73604804790017,A,I,I,E,E,,,
Brazil,76,2020,cattle,36376167.01,15953935.0,217836282.0,15953935.0,1148.6833,15.9539,1164.6372,1.0,32.016490348744966,32.016490348744966,A,A,E,E,E,,,
Brazil,76,2021,cattle,36238557.98,15892943.0,224601992.0,15892943.0,1144.2919,15.8929,1160.1848,1.0,32.0152032716176,32.0152032716176,A,A,E,E,E,,,
Brazil,76,2022,cattle,35590786.0,15675519.0,234851536.0,15675519.0,1128.6374,15.6755,1144.3129,1.0,32.15194235946348,32.15194235946348,A,A,E,E,E,,,
Brazil,76,2023,cattle,36305658.36,15563445.0,238620910.0,15659302.0,1127.4697,15.6593,1143.129,1.0,31.486249021156716,31.486249021156716,A,A,E,E,E,,,
Brazil,76,2020,goats,31000.0,116000.0,12101686.0,12101686.0,60.5084,2.0573,62.5657,0.009585441235213,2018.2483870967744,19.34580131257957,E,E,A,E,E,,,
Brazil,76,2021,goats,31000.0,114000.0,11897204.0,11897204.0,59.486,2.0225,61.5085,0.0095820833197447,1984.1451612903224,19.01224425395217,E,E,A,E,E,,,
Brazil,76,2022,goats,31763.14,119000.0,12390490.0,12390490.0,61.9524,2.1064,64.05879999999999,0.0096041399492675,2016.765344987932,19.369296618096936,A,E,A,E,E,,,
Brazil,76,2023,goats,33000.0,123000.0,12891233.0,12891493.0,64.4575,2.1916,66.64909999999999,0.0095413681530696,2019.6696969696968,19.27041212638641,E,E,A,E,E,,,
Brunei Darussalam,96,2020,buffalo,183.04,180.0,2300.0,2300.0,0.1265,0.0046,0.1311,0.0782608695652174,716.2368881118881,56.05332167832168,I,I,A,E,E,,,
Brunei Darussalam,96,2021,buffalo,142.74,134.0,1311.0,1311.0,0.0721,0.0026,0.0747,0.1022120518688024,523.329129886507,53.4905441684149,I,I,A,E,E,,,
Brunei Darussalam,96,2022,buffalo,137.82,128.0,1209.0,1209.0,0.0665,0.0024,0.0689,0.1058726220016542,499.9274415904804,52.92862905176302,I,I,A,E,E,,,
Brunei Darussalam,96,2023,buffalo,127.69,117.0,1016.0,1016.0,0.0559,0.002,0.0579,0.1151574803149606,453.4419296734278,52.21723009034552,I,I,A,E,E,,,
Brunei Darussalam,96,2020,cattle,52.45,106.0,583.0,107.0,0.0073,0.0033,0.0106,1.0,202.09723546234508,202.09723546234508,I,I,E,E,E,,,
Brunei Darussalam,96,2021,cattle,43.53,80.0,353.0,81.0,0.0055,0.0025,0.008,1.0,183.7813002526993,183.7813002526993,I,I,E,E,E,,,
Brunei Darussalam,96,2022,cattle,44.21,82.0,367.0,82.0,0.0056,0.0025,0.0081,1.0,183.2164668627007,183.2164668627007,I,I,E,E,E,,,
Brunei Darussalam,96,2023,cattle,41.74,75.0,314.0,76.0,0.0052,0.0023,0.0075,1.0,179.6837565884044,179.6837565884044,I,I,E,E,E,,,
Bulgaria,100,2020,buffalo,15930.0,11471.0,20180.0,20180.0,1.1099,0.1009,1.2108,0.5684340931615461,76.00753295668551,43.20527306967986,A,A,A,E,E,,,
Bulgaria,100,2021,buffalo,16580.0,14147.0,21690.0,21690.0,1.1929,0.1085,1.3014,0.6522360534808668,78.49215922798551,51.19541616405306,A,A,A,E,E,,,
Bulgaria,100,2022,buffalo,15280.0,15407.0,20320.0,20320.0,1.1176,0.1016,1.2191999999999998,0.7582185039370078,79.79057591623037,60.49869109947644,A,A,A,E,E,,,
Bulgaria,100,2023,buffalo,16880.0,14841.0,20940.0,20940.0,1.1517,0.1047,1.2564,0.7087392550143267,74.43127962085308,52.752369668246445,A,A,A,E,E,,,
Bulgaria,100,2020,cattle,881760.0,241940.0,588910.0,241940.0,23.9521,2.762,26.7141,1.0,30.296339139902013,30.296339139902013,A,A,E,E,E,,,
Bulgaria,100,2021,cattle,835780.0,230340.0,611200.0,230340.0,22.8037,2.6296,25.4333,1.0,30.43061571226877,30.43061571226877,A,A,E,E,E,,,
Bulgaria,100,2022,cattle,770730.0,212840.0,579860.0,212840.0,21.0712,2.4298,23.501,1.0,30.491871342752976,30.491871342752976,A,A,E,E,E,,,
Bulgaria,100,2023,cattle,726790.0,202410.0,574300.0,202410.0,20.0386,2.3108,22.3494,1.0,30.750835867306925,30.750835867306925,A,A,E,E,E,,,
Bulgaria,100,2020,goats,31280.0,216270.0,253400.0,253400.0,1.267,0.0329,1.2998999999999998,0.853472770323599,41.55690537084399,35.46768715292987,A,A,A,E,E,,,
Bulgaria,100,2021,goats,30340.0,189340.0,215000.0,215000.0,1.075,0.028,1.103,0.8806511627906977,36.35464733025708,32.01576244423663,A,A,A,E,E,,,
Bulgaria,100,2022,goats,25930.0,164490.0,184020.0,184020.0,0.9201,0.0239,0.944,0.8938702314965764,36.40570767450829,32.541978346809415,A,A,A,E,E,,,
Bulgaria,100,2023,goats,20100.0,153380.0,174950.0,174950.0,0.8748,0.0227,0.8975000000000001,0.8767076307516434,44.65174129353234,39.14652231838806,A,A,A,E,E,,,
Bulgaria,100,2020,sheep,76480.0,1008100.0,1307770.0,1307770.0,10.4622,0.2485,10.7107,0.7708542021915169,140.04576359832635,107.95486536888964,A,A,A,E,E,,,
Bulgaria,100,2021,sheep,70370.0,893300.0,1199550.0,1199550.0,9.5964,0.2279,9.8243,0.7446959276395315,139.60920846951825,103.96640900822864,A,A,A,E,E,,,
Bulgaria,100,2022,sheep,56660.0,789480.0,1096400.0,1096400.0,8.7712,0.2083,8.9795,0.7200656694636994,158.48040945993645,114.11630213465034,A,A,A,E,E,,,
Bulgaria,100,2023,sheep,52010.0,751380.0,1072770.0,1072770.0,8.5822,0.2038,8.786,0.7004110853211779,168.92905210536435,118.31978072739604,A,A,A,E,E,,,
Burkina Faso,854,2020,camel,260.0,2631.0,21000.0,21000.0,0.966,0.0538,1.0198,0.1252857142857142,3922.307692307693,491.4091208791209,E,I,A,E,E,,,
Burkina Faso,854,2021,camel,270.0,2535.0,28417.0,28417.0,1.3072,0.0727,1.3799,0.0892071647253404,5110.74074074074,455.9146911277677,E,E,A,E,E,,,
Burkina Faso,854,2022,camel,266.91,2533.0,28951.0,28951.0,1.3317,0.0741,1.4058000000000002,0.0874926600117439,5266.943913678769,460.8189331404208,E,E,A,E,E,,,
Burkina Faso,854,2023,camel,265.64,2531.0,29495.0,29495.0,1.3568,0.0755,1.4323,0.0858111544329547,5391.883752446921,462.6837693657623,E,E,A,E,E,,,
Burkina Faso,854,2020,cattle,216287.0,1660000.0,7607000.0,1660000.0,76.36,1.66,78.02,1.0,360.7244078469811,360.7244078469811,A,E,E,E,E,,,
Burkina Faso,854,2021,cattle,220716.0,1670000.0,9740337.0,1670000.0,76.82,1.67,78.49,1.0,355.6153609162906,355.6153609162906,A,E,E,E,E,,,
Burkina Faso,854,2022,cattle,225235.0,1676667.0,9939785.0,1676667.0,77.1267,1.6767,78.8034,1.0,349.8719115590383,349.8719115590383,A,E,E,E,E,,,
Burkina Faso,854,2023,cattle,229847.56,1668889.0,10143317.0,1668889.0,76.7689,1.6689,78.4378,1.0,341.2600942990215,341.2600942990215,A,E,E,E,E,,,
Burkina Faso,854,2020,goats,131068.0,2357407.0,12956000.0,12956000.0,64.78,2.8503,67.6303,0.181954847175054,515.9939878536333,93.88760720315452,A,E,A,E,E,,,
Burkina Faso,854,2021,goats,131599.0,2343210.0,10754755.0,10754755.0,53.7738,2.366,56.1398,0.2178766508395588,426.5974665460984,92.94562726770468,A,E,A,E,E,,,
Burkina Faso,854,2022,goats,132132.0,2352058.0,10798342.0,10798342.0,53.9917,2.3756,56.3673,0.2178165870278974,426.5984015984016,92.92020786772018,A,E,A,E,E,,,
Burkina Faso,854,2023,goats,132668.33,2350892.0,10842105.0,10842105.0,54.2105,2.3853,56.5958,0.2168298499230546,426.59615900795615,92.49878113544666,A,E,A,E,E,,,
Burkina Faso,854,2020,sheep,73500.0,1216195.0,9589000.0,9589000.0,47.945,1.9178,49.8628,0.1268323078527479,678.4054421768707,86.04372789115645,E,I,A,E,E,,,
Burkina Faso,854,2021,sheep,75300.0,1373019.0,11143288.0,11143288.0,55.7164,2.2287,57.9451,0.1232148895370917,769.523240371846,94.8167210586419,E,I,A,E,E,,,
Burkina Faso,854,2022,sheep,77481.02,1387886.0,11286022.0,11286022.0,56.4301,2.2572,58.6873,0.1229738875221047,757.4409836112121,93.1454623232376,I,I,A,E,E,,,
Burkina Faso,854,2023,sheep,78130.1,1402914.0,11430584.0,11430584.0,57.1529,2.2861,59.439,0.1227333616550125,760.7695369646268,93.371802716396,I,I,A,E,E,,,
Burundi,108,2020,cattle,62001.0,124000.0,838991.0,124000.0,5.704,0.124,5.827999999999999,1.0,93.99848389542105,93.99848389542105,A,E,E,E,E,,,
Burundi,108,2021,cattle,53815.0,108000.0,1117598.0,108000.0,4.968,0.108,5.076,1.0,94.32314410480348,94.32314410480348,A,E,E,E,E,,,
Burundi,108,2022,cattle,31376.0,63000.0,1170181.0,63000.0,2.898,0.063,2.9610000000000003,1.0,94.3714941356451,94.3714941356451,A,E,E,E,E,,,
Burundi,108,2023,cattle,36494.0,80000.0,1225237.0,98000.0,4.508,0.098,4.606,1.0,126.2125280868088,126.2125280868088,A,E,E,E,E,,,
Burundi,108,2020,goats,44141.52,540676.0,2788052.0,2788052.0,13.9403,0.474,14.4143,0.1939260817230094,326.5474319869366,63.32606398193754,I,I,A,E,E,,,
Burundi,108,2021,goats,56533.25,753225.0,4182683.0,4182683.0,20.9134,0.7111,21.6245,0.180081780044053,382.5094081801418,68.88297510867721,I,I,A,E,E,,,
Burundi,108,2022,goats,58183.93,782445.0,4379476.0,4379476.0,21.8974,0.7445,22.6419,0.1786617851085381,389.1435315558781,69.5250780112139,I,I,A,E,E,,,
Burundi,108,2023,goats,59882.79,812798.0,4585527.0,3783404.0,18.917,0.6432,19.5602,0.1772529089895229,326.64142736168435,57.89814319634849,I,I,E,E,E,,,
Burundi,108,2020,sheep,1404.07,96105.0,759687.0,759687.0,3.7984,0.114,3.9124,0.1265060478855107,2786.470760004843,352.5054033967482,I,I,A,E,E,,,
Burundi,108,2021,sheep,1301.73,83824.0,635183.0,635183.0,3.1759,0.0953,3.2712,0.1319682674126983,2512.9635177801847,331.6314415127706,I,I,A,E,E,,,
Burundi,108,2022,sheep,1328.5,86879.0,665068.0,665068.0,3.3253,0.0998,3.4251,0.1306317549483661,2578.170869401581,336.7909852266835,I,I,A,E,E,,,
Burundi,108,2023,sheep,1355.81,90045.0,696359.0,687367.0,3.4368,0.1031,3.5399,0.1293083021832129,2610.911558404201,337.6125407677739,I,I,I,E,E,,,
Cabo Verde,132,2020,cattle,4572.17,8004.0,29519.0,7999.0,0.368,0.008,0.376,1.0,82.23666224134273,82.23666224134273,A,I,E,E,E,,,
Cabo Verde,132,2021,cattle,4573.2,8022.0,29584.0,8016.0,0.3687,0.008,0.3767,1.0,82.37120615761391,82.37120615761391,A,I,E,E,E,,,
Cabo Verde,132,2022,cattle,4592.77,8040.0,29649.0,8034.0,0.3696,0.008,0.3776,1.0,82.21617890728253,82.21617890728253,A,I,E,E,E,,,
Cabo Verde,132,2023,cattle,4602.04,8058.0,29714.0,8052.0,0.3704,0.0081,0.3785,1.0,82.24613432303934,82.24613432303934,A,I,E,E,E,,,
Cabo Verde,132,2020,goats,5372.48,61147.0,131737.0,131737.0,0.6587,0.0224,0.6810999999999999,0.4641596514267062,126.775716242778,58.844172260618855,A,I,A,E,E,,,
Cabo Verde,132,2021,goats,5529.04,62620.0,135426.0,135426.0,0.6771,0.023,0.7001000000000001,0.4623927458538242,126.62234311923952,58.549252921350245,A,I,A,E,E,,,
Cabo Verde,132,2022,goats,5678.39,64129.0,139218.0,139218.0,0.6961,0.0237,0.7198,0.4606372739157293,126.76128268752234,58.39097169524142,A,I,A,E,E,,,
Cabo Verde,132,2023,goats,5837.01,65673.0,143116.0,143116.0,0.7156,0.0243,0.7399,0.4588795103272869,126.76010491672962,58.16761487322441,A,I,A,E,E,,,
Cambodia,116,2020,cattle,24275.57,121623.0,2829718.0,121527.0,8.2638,3.7223,11.9861,1.0,493.7515370390892,493.7515370390892,I,I,E,E,E,,,
Cambodia,116,2021,cattle,24390.45,122287.0,2849203.0,119743.0,8.1425,3.6677,11.8102,1.0,484.2141083907841,484.2141083907841,I,I,E,E,E,,,
Cambodia,116,2022,cattle,24337.99,121888.0,2834061.0,117605.0,7.9971,3.6022,11.5993,1.0,476.5923562299104,476.5923562299104,I,I,E,E,E,,,
Cambodia,116,2023,cattle,24329.01,121765.0,2827934.0,115107.0,7.8273,3.5257,11.353,1.0,466.6445531486896,466.6445531486896,I,I,E,E,E,,,
Cameroon,120,2020,cattle,188000.0,320000.0,5808691.0,320000.0,14.72,0.32,15.04,1.0,80.0,80.0,A,E,E,E,E,,,
Cameroon,120,2021,cattle,220666.67,370000.0,5903786.0,313280.0,14.4109,0.3133,14.7242,1.0,66.72598086516645,66.72598086516645,E,E,E,E,E,,,
Cameroon,120,2022,cattle,205555.56,345000.0,5905938.0,314368.0,14.4609,0.3144,14.7753,1.0,71.87983628367921,71.87983628367921,E,E,E,E,E,,,
Cameroon,120,2023,cattle,204740.74,345000.0,5923854.0,315455.0,14.5109,0.3155,14.8264,1.0,72.41548506662622,72.41548506662622,E,E,E,E,E,,,
Cameroon,120,2020,goats,58982.02,1176370.0,6551924.0,6547014.0,32.7351,1.113,33.8481,0.1795457334364684,573.8714950759571,103.0361784816954,I,I,I,E,E,,,
Cameroon,120,2021,goats,59228.96,1182479.0,6589056.0,6553160.0,32.7658,1.114,33.8798,0.1794610639217514,572.0140958071863,102.65425821179632,I,I,I,E,E,,,
Cameroon,120,2022,goats,59188.47,1180668.0,6572453.0,6542883.0,32.7144,1.1123,33.826699999999995,0.1796388654281742,571.5082684178184,102.66509692139736,I,I,I,E,E,,,
Cameroon,120,2023,goats,59397.5,1185731.0,6602453.0,6560715.0,32.8036,1.1153,33.9189,0.1795894647034973,571.0492865861358,102.55443569731816,I,I,I,E,E,,,
Cameroon,120,2020,sheep,18327.7,880393.0,3394387.0,3571762.0,17.8588,0.5358,18.3946,0.2593673025497682,1003.6502125198472,260.3140483247743,I,I,I,E,E,,,
Cameroon,120,2021,sheep,18414.81,886219.0,3419013.0,3566722.0,17.8336,0.535,18.3686,0.2592031676978122,997.4906067453315,258.55272501720265,I,I,I,E,E,,,
Cameroon,120,2022,sheep,18909.63,922274.0,3583379.0,3569027.0,17.8451,0.5354,18.3805,0.2573755106562828,972.0179612187018,250.17361913574223,I,I,I,E,E,,,
Cameroon,120,2023,sheep,18967.66,926000.0,3598349.0,3571331.0,17.8567,0.5357,18.3924,0.2573402413162258,969.6715356559532,249.5355069831783,I,I,I,E,E,,,
Canada,124,2020,cattle,9640572.0,979200.0,11540000.0,980700.0,125.5296,47.0736,172.60320000000002,1.0,17.903833921887625,17.903833921887625,A,A,E,E,E,,,
Canada,124,2021,cattle,9807240.0,974500.0,11515000.0,974500.0,124.736,46.776,171.512,1.0,17.488304558672983,17.488304558672983,A,A,E,E,E,,,
Canada,124,2022,cattle,9742541.0,969100.0,11515000.0,969100.0,124.0448,46.5168,170.5616,1.0,17.50689065614402,17.50689065614402,A,A,E,E,E,,,
Canada,124,2023,cattle,9886559.0,964600.0,11245000.0,964600.0,123.4688,46.3008,169.7696,1.0,17.17175814153337,17.17175814153337,A,A,E,E,E,,,
Central African Republic,140,2020,cattle,81841.98,331735.0,4772942.0,323072.0,14.8613,0.3231,15.1844,1.0,185.53314570346416,185.53314570346416,I,I,E,E,E,,,
Central African Republic,140,2021,cattle,80791.17,326393.0,4668171.0,326472.0,15.0177,0.3265,15.3442,1.0,189.9242206790668,189.9242206790668,I,I,E,E,E,,,
Central African Republic,140,2022,cattle,81702.82,330707.0,4746586.0,331506.0,15.2493,0.3315,15.5808,1.0,190.7008840086548,190.7008840086548,I,I,E,E,E,,,
Central African Republic,140,2023,cattle,82464.68,334288.0,4811279.0,335932.0,15.4529,0.3359,15.7888,1.0,191.4613626100289,191.4613626100289,I,I,E,E,E,,,
Chad,148,2020,camel,31771.82,247650.0,8821223.0,8821223.0,405.7763,22.5823,428.3586,0.0280743384449072,13482.343787670963,378.5078825256672,I,I,A,E,E,,,
Chad,148,2021,camel,32916.91,259231.0,9401892.0,9401892.0,432.487,24.0688,456.5558,0.0275722163156096,13869.94708798608,382.4251813960126,I,I,A,E,E,,,
Chad,148,2022,camel,34103.27,271354.0,10020784.0,10020784.0,460.9561,25.6532,486.6093,0.0270791187595701,14268.69915993393,386.3837990964292,I,I,A,E,E,,,
Chad,148,2023,camel,35332.39,284044.0,10680415.0,10680415.0,491.2991,27.3419,518.641,0.0265948467358244,14678.910767145951,390.3833821010893,I,I,A,E,E,,,
Chad,148,2020,cattle,238749.12,1180145.0,32237209.0,1178302.0,54.2019,1.1783,55.3802,1.0,231.9598078518572,231.9598078518572,I,I,E,E,E,,,
Chad,148,2021,cattle,243710.53,1209343.0,33287209.0,1207387.0,55.5398,1.2074,56.7472,1.0,232.8467300940997,232.8467300940997,I,I,E,E,E,,,
Chad,148,2022,cattle,254860.38,1276140.0,35749982.0,1273890.0,58.5989,1.2739,59.8728,1.0,234.9239218744004,234.9239218744004,I,I,E,E,E,,,
Chad,148,2023,cattle,263319.24,1327028.0,37647402.0,1324553.0,60.9294,1.3246,62.254,1.0,236.4202479089641,236.4202479089641,I,I,E,E,E,,,
Chad,148,2020,goats,110338.67,1720069.0,41190044.0,41190044.0,205.9502,9.0618,215.012,0.0417593387372929,1948.6549910380468,81.3745438528743,I,I,A,E,E,,,
Chad,148,2021,goats,114247.01,1800894.0,43735657.0,43735657.0,218.6783,9.6218,228.3001,0.0411767908276763,1998.3026251627944,82.28368920672497,I,I,A,E,E,,,
Chad,148,2022,goats,118293.78,1885517.0,46438592.0,46438592.0,232.193,10.2165,242.4095,0.0406023722683065,2049.215943560177,83.20302859857927,I,I,A,E,E,,,
Chad,148,2023,goats,122483.9,1974116.0,49308574.0,49308574.0,246.5429,10.8479,257.3908,0.0400359580465661,2101.4255751164037,84.13258616334136,I,I,A,E,E,,,
Chad,148,2020,sheep,42683.34,1109276.0,38705279.0,38705279.0,193.5264,7.7411,201.2675,0.0286595531322742,4715.364355273042,135.14023527798,I,I,A,E,E,,,
Chad,148,2021,sheep,44435.53,1173790.0,41771929.0,41771929.0,208.8596,8.3544,217.214,0.0280999711552703,4888.295469863869,137.36096170161332,I,I,A,E,E,,,
Chad,148,2022,sheep,46259.66,1242057.0,45081553.0,45081553.0,225.4078,9.0163,234.4241,0.0275513356871268,5067.57075170894,139.6183428985987,I,I,A,E,E,,,
Chad,148,2023,sheep,48158.67,1314294.0,48653400.0,48653400.0,243.267,9.7307,252.9977,0.0270134050241093,5253.419581562364,141.91275091833103,I,I,A,E,E,,,
Chile,152,2020,cattle,2343640.37,543584.0,3199969.0,543584.0,39.138,0.5436,39.6816,1.0,16.931607983864865,16.931607983864865,A,E,E,E,E,,,
Chile,152,2021,cattle,2336542.01,547232.0,3020039.0,547232.0,39.4007,0.5472,39.9479,1.0,17.09701765644693,17.09701765644693,A,E,E,E,E,,,
Chile,152,2022,cattle,2284942.0,546310.0,2999458.0,546310.0,39.3343,0.5463,39.8806,1.0,17.453659655256022,17.453659655256022,A,E,E,E,E,,,
Chile,152,2023,cattle,2224325.0,545709.0,2980974.0,545709.0,39.291,0.5457,39.83669999999999,1.0,17.90956807121261,17.90956807121261,A,E,E,E,E,,,
Chile,152,2020,goats,8124.97,239166.0,425299.0,429429.0,2.1471,0.0472,2.1943,0.56234790112368,270.06868948439194,151.87256069077068,I,I,E,E,E,,,
Chile,152,2021,goats,8099.22,237860.0,422374.0,423801.0,2.119,0.0466,2.1656000000000004,0.5631501939039808,267.3837727583644,150.57722347565084,I,I,E,E,E,,,
Chile,152,2022,goats,8058.15,235875.0,418073.0,411888.0,2.0594,0.0453,2.1047,0.5641957265836349,261.1889825828509,147.3617078039719,I,I,E,E,E,,,
Chile,152,2023,goats,8111.66,238107.0,422354.0,400073.0,2.0004,0.044,2.0444,0.5637616785918921,252.03225973475224,142.08612980737163,I,I,E,E,E,,,
"China, Hong Kong SAR",344,2020,cattle,60.0,20.0,1570.0,20.0,0.0014,0.0005,0.0019,1.0,31.666666666666668,31.666666666666668,E,E,E,E,E,,,
"China, Hong Kong SAR",344,2021,cattle,60.0,20.0,1573.0,20.0,0.0014,0.0005,0.0019,1.0,31.666666666666668,31.666666666666668,E,E,E,E,E,,,
"China, Hong Kong SAR",344,2022,cattle,60.0,20.0,1574.0,20.0,0.0014,0.0005,0.0019,1.0,31.666666666666668,31.666666666666668,E,E,E,E,E,,,
"China, Hong Kong SAR",344,2023,cattle,60.0,20.0,1572.0,20.0,0.0014,0.0005,0.0019,1.0,31.666666666666668,31.666666666666668,E,E,E,E,E,,,
"China, Taiwan Province of",158,2020,cattle,437154.58,62916.0,151514.0,62916.0,4.2783,1.3212,5.5995,1.0,12.808970227419325,12.808970227419325,A,A,E,E,E,,,
"China, Taiwan Province of",158,2021,cattle,449214.0,64974.0,159122.0,64974.0,4.4182,1.3645,5.7827,1.0,12.872929160711822,12.872929160711822,A,A,E,E,E,,,
"China, Taiwan Province of",158,2022,cattle,463095.0,64516.0,158235.0,64516.0,4.3871,1.3548,5.7419,1.0,12.39896781437934,12.39896781437934,A,A,E,E,E,,,
"China, Taiwan Province of",158,2023,cattle,472449.0,66000.0,156946.0,66000.0,4.488,1.386,5.8740000000000006,1.0,12.433088015849332,12.433088015849332,A,X,E,E,E,,Unofficial figure,
"China, Taiwan Province of",158,2020,goats,13198.94,38543.0,130595.0,130595.0,0.653,0.0222,0.6752,0.2951338106359355,51.15562310306737,15.097753981863974,A,A,A,E,E,,,
"China, Taiwan Province of",158,2021,goats,12296.0,37118.0,126067.0,126067.0,0.6303,0.0214,0.6517,0.2944307392101025,53.00097592713077,15.605116521081962,A,A,A,E,E,,,
"China, Taiwan Province of",158,2022,goats,11439.0,33002.0,116496.0,116496.0,0.5825,0.0198,0.6023000000000001,0.2832886966076088,52.65320395139436,14.91605751960511,A,A,A,E,E,,,
"China, Taiwan Province of",158,2023,goats,11198.0,36798.0,107295.0,107662.0,0.5383,0.0183,0.5566,0.3429609953865511,49.70530451866405,17.04698071371266,A,I,I,E,E,,,
"China, mainland",156,2020,buffalo,3039265.29,6063859.0,28686180.0,28686180.0,1577.7399,28.6862,1606.4261,0.2113860751065495,528.5573803924171,111.72967010975258,I,I,E,E,E,,,
"China, mainland",156,2021,buffalo,3103707.73,6203844.0,29451750.0,29451750.0,1619.8463,29.4518,1649.2981,0.2106443250401079,531.3960731734235,111.93556716257962,I,I,E,E,E,,,
"China, mainland",156,2022,buffalo,3202196.39,6419761.0,30647550.0,30647550.0,1685.6153,30.6475,1716.2628,0.2094706102119092,535.964254209905,112.26875938111966,I,I,E,E,E,,,
"China, mainland",156,2023,buffalo,3274849.21,6578568.0,31525530.0,31525530.0,1733.9042,31.5255,1765.4297,0.2086743030172688,539.0873248786927,112.49367178450518,I,I,E,E,E,,,
"China, mainland",156,2020,camel,17301.75,87809.0,411200.0,411200.0,18.9152,0.5263,19.4415,0.2135432879377432,1123.672460878235,239.95271186103335,I,I,A,E,E,,,
"China, mainland",156,2021,camel,18611.08,96346.0,461700.0,461700.0,21.2382,0.591,21.8292,0.2086766298462204,1172.9141994983634,244.759782250096,I,I,A,E,E,,,
"China, mainland",156,2022,camel,20567.77,109430.0,541400.0,541400.0,24.9044,0.693,25.5974,0.2021241226449944,1244.539393429623,251.55143299409613,I,I,A,E,E,,,
"China, mainland",156,2023,camel,21479.93,115614.0,579700.0,579700.0,26.6662,0.742,27.4082,0.1994376401587027,1275.9911228760989,254.4806584098625,I,I,A,E,E,,,
"China, mainland",156,2020,cattle,34400000.0,13231000.0,66934420.0,13231000.0,899.708,119.079,1018.787,1.0,29.6159011627907,29.6159011627907,A,E,E,E,E,,,
"China, mainland",156,2021,cattle,36827000.0,14164000.0,68720750.0,14164000.0,963.152,127.476,1090.6280000000002,1.0,29.61490210986505,29.61490210986505,A,E,E,E,E,,,
"China, mainland",156,2022,cattle,39316300.0,15122000.0,71510950.0,15122000.0,1028.296,136.098,1164.394,1.0,29.616062549120848,29.616062549120848,A,E,E,E,E,,,
"China, mainland",156,2023,cattle,41966500.0,16141000.0,73559570.0,16141000.0,1097.588,145.269,1242.857,1.0,29.615455184492397,29.615455184492397,A,E,E,E,E,,,
"China, mainland",156,2020,goats,220861.46,1221874.0,133452500.0,133452500.0,667.2625,14.6798,681.9423,0.0091558719394541,3087.6473423656626,28.270103660895835,I,I,A,E,E,,,
"China, mainland",156,2021,goats,220925.7,1221672.0,133316400.0,133316400.0,666.582,14.6648,681.2468,0.0091637037903813,3083.6014098857668,28.257209927795564,I,I,A,E,E,,,
"China, mainland",156,2022,goats,220110.57,1215519.0,132242500.0,132242500.0,661.2125,14.5467,675.7592,0.0091915912055504,3070.089728085298,28.219009744919468,I,I,A,E,E,,,
"China, mainland",156,2023,goats,217562.22,1197682.0,129342000.0,129342000.0,646.71,14.2276,660.9376000000001,0.0092598073324983,3037.924507297269,28.130595628247654,I,I,A,E,E,,,
"China, mainland",156,2020,sheep,1208049.61,43884652.0,173095300.0,173095300.0,865.4765,17.3095,882.786,0.2535288479814299,730.7531021014939,185.266992134648,I,I,A,E,E,,,
"China, mainland",156,2021,sheep,1268569.02,46825978.0,186376800.0,186376800.0,931.884,18.6377,950.5217,0.2512435989887153,749.2865465057629,188.2534486179333,I,I,A,E,E,,,
"China, mainland",156,2022,sheep,1303269.85,48521057.0,194030100.0,194030100.0,970.1505,19.403,989.5535,0.2500697417565625,759.2851933158739,189.8742522120822,I,I,A,E,E,,,
"China, mainland",156,2023,sheep,1299773.93,48319315.0,192983700.0,192983700.0,964.9185,19.2984,984.2169,0.2503802911852141,757.2216039138438,189.59336567968305,I,I,A,E,E,,,
Colombia,170,2020,cattle,7071404.0,3496794.0,27973390.0,3496794.0,251.7692,3.4968,255.266,1.0,36.098347654864575,36.098347654864575,A,E,E,E,E,,,
Colombia,170,2021,cattle,6992670.0,3565527.0,29301392.0,3565527.0,256.7179,3.5655,260.2834,1.0,37.22231994359808,37.22231994359808,A,E,E,E,E,,,
Colombia,170,2022,cattle,7421000.0,3758000.0,29642539.0,3505379.0,252.3873,3.5054,255.8927,1.0,34.4822395903517,34.4822395903517,A,E,E,E,E,,,
Colombia,170,2023,cattle,7309000.0,3703000.0,29203256.0,3522567.0,253.6248,3.5226,257.1474,1.0,35.182295799699,35.182295799699,A,E,E,E,E,,,
Comoros,174,2020,cattle,13049.92,9754.0,51310.0,9752.0,0.4486,0.0098,0.4584,1.0,35.126652117407616,35.126652117407616,I,I,E,E,E,,,
Comoros,174,2021,cattle,13074.2,9769.0,51378.0,9741.0,0.4481,0.0097,0.4578,1.0,35.015526762631744,35.015526762631744,I,I,E,E,E,,,
Comoros,174,2022,cattle,13064.29,9756.0,51254.0,9759.0,0.4489,0.0098,0.4587,1.0,35.110978093719595,35.110978093719595,I,I,E,E,E,,,
Comoros,174,2023,cattle,13091.28,9773.0,51337.0,9777.0,0.4497,0.0098,0.4594999999999999,1.0,35.09969995294577,35.09969995294577,I,I,E,E,E,,,
Congo,178,2020,cattle,4456.09,3436.0,336147.0,3413.0,0.157,0.0034,0.1604,1.0,35.99568231341826,35.99568231341826,I,I,E,E,E,,,
Congo,178,2021,cattle,4470.23,3447.0,337619.0,3400.0,0.1564,0.0034,0.1598,1.0,35.74760135384533,35.74760135384533,I,I,E,E,E,,,
Congo,178,2022,cattle,4463.49,3439.0,336021.0,3394.0,0.1561,0.0034,0.1594999999999999,1.0,35.73436929398294,35.73436929398294,I,I,E,E,E,,,
Congo,178,2023,cattle,4464.75,3439.0,335600.0,3387.0,0.1558,0.0034,0.1591999999999999,1.0,35.65709166246708,35.65709166246708,I,I,E,E,E,,,
Costa Rica,188,2020,cattle,1201444.0,182701.0,1427793.0,838333.0,60.36,0.8383,61.1983,1.0,50.9372887958157,50.9372887958157,A,A,E,E,E,,,
Costa Rica,188,2021,cattle,1202445.5,204863.0,2144370.0,791791.0,57.009,0.7918,57.8008,1.0,48.06937195906177,48.06937195906177,A,A,E,E,E,,,
Costa Rica,188,2022,cattle,1219694.0,208961.0,1495343.0,690602.0,49.7233,0.6906,50.413900000000005,1.0,41.33323604117099,41.33323604117099,A,A,E,E,E,,,
Costa Rica,188,2023,cattle,1374094.0,233185.0,1550368.0,809171.0,58.2603,0.8092,59.0695,1.0,42.98796152228304,42.98796152228304,A,A,E,E,E,,,
Costa Rica,188,2020,goats,15510.0,61000.0,67000.0,67000.0,0.335,0.0114,0.3464,0.9104477611940298,22.33397807865893,20.33392034027156,A,E,E,E,E,,,
Costa Rica,188,2021,goats,15583.0,63264.0,74038.0,69686.0,0.3484,0.0118,0.3601999999999999,0.8544801318241984,23.11493293974202,19.751250945458263,A,I,I,E,E,,,
Costa Rica,188,2022,goats,17335.0,66924.0,78826.0,78779.0,0.3939,0.0134,0.4073,0.8490092101590846,23.495817709835592,19.948165635869348,A,I,I,E,E,,,
Costa Rica,188,2023,goats,16610.12,65974.0,77522.0,77593.0,0.388,0.0132,0.4012,0.8510358349887773,24.153949519931224,20.555876597971448,I,I,I,E,E,,,
Croatia,191,2020,cattle,596000.0,110000.0,423000.0,110000.0,12.87,2.4805,15.3505,1.0,25.75587248322148,25.75587248322148,A,A,E,E,E,,,
Croatia,191,2021,cattle,558000.0,102000.0,428000.0,102000.0,11.934,2.3001,14.2341,1.0,25.509139784946235,25.509139784946235,A,A,E,E,E,,,
Croatia,191,2022,cattle,522000.0,79000.0,422000.0,79000.0,9.243,1.7814,11.0244,1.0,21.119540229885057,21.119540229885057,A,A,E,E,E,,,
Croatia,191,2023,cattle,468000.0,71000.0,415000.0,71000.0,8.307,1.601,9.908,1.0,21.17094017094017,21.17094017094017,A,A,E,E,E,,,
Croatia,191,2020,goats,9000.0,66000.0,86000.0,86000.0,0.43,0.0112,0.4412,0.7674418604651163,49.02222222222222,37.62170542635659,A,A,A,E,E,,,
Croatia,191,2021,goats,7000.0,66000.0,86000.0,86000.0,0.43,0.0112,0.4412,0.7674418604651163,63.02857142857142,48.370764119601326,A,A,A,E,E,,,
Croatia,191,2022,goats,7000.0,63000.0,82000.0,82000.0,0.41,0.0107,0.4206999999999999,0.7682926829268293,60.09999999999998,46.17439024390242,A,A,A,E,E,,,
Croatia,191,2023,goats,6000.0,57000.0,73000.0,73000.0,0.365,0.0095,0.3745,0.7808219178082192,62.41666666666666,48.73630136986301,A,A,A,E,E,,,
Croatia,191,2020,sheep,7000.0,95000.0,662000.0,662000.0,5.296,0.1258,5.4218,0.1435045317220543,774.5428571428572,111.1504100129478,A,A,A,E,E,,,
Croatia,191,2021,sheep,5000.0,87000.0,654000.0,654000.0,5.232,0.1243,5.3563,0.1330275229357798,1071.26,142.50706422018348,A,A,A,E,E,,,
Croatia,191,2022,sheep,6000.0,80000.0,643000.0,643000.0,5.144,0.1222,5.2662,0.1244167962674961,877.7,109.20062208398134,A,A,A,E,E,,,
Croatia,191,2023,sheep,5000.0,71000.0,552000.0,552000.0,4.416,0.1049,4.5209,0.1286231884057971,904.18,116.2985144927536,A,A,A,E,E,,,
Cuba,192,2020,cattle,455337.0,311400.0,3752400.0,311400.0,22.4208,0.3478,22.7686,1.0,50.00384330726472,50.00384330726472,A,A,E,E,E,,,
Cuba,192,2021,cattle,374200.0,305700.0,3657300.0,305700.0,22.0104,0.3414,22.3518,1.0,59.73222875467664,59.73222875467664,A,A,E,E,E,,,
Cuba,192,2022,cattle,369600.0,328100.0,3516400.0,328100.0,23.6232,0.3664,23.9896,1.0,64.90692640692642,64.90692640692642,A,A,E,E,E,,,
Cuba,192,2023,cattle,230800.0,217000.0,3252400.0,315067.0,22.6848,0.3519,23.0367,1.0,99.8123916811092,99.8123916811092,A,A,E,E,E,,,
Cuba,192,2020,goats,3714.0,20935.0,713900.0,713900.0,3.5695,0.1255,3.695,0.029324835411122,994.8842218632202,29.17481605926112,A,A,A,E,E,,,
Cuba,192,2021,goats,2821.0,14186.0,706900.0,706900.0,3.5345,0.1243,3.6588,0.0200679021077945,1296.9868840836582,26.02780582488439,A,A,A,E,E,,,
Cuba,192,2022,goats,2706.0,13502.0,634500.0,634500.0,3.1725,0.1116,3.2841,0.0212797478329393,1213.6363636363635,25.825875779067268,A,A,A,E,E,,,
Cuba,192,2023,goats,2750.0,14000.0,667300.0,604115.0,3.0206,0.1062,3.1268,0.0209800689345122,1137.0181818181816,23.85471983433919,E,E,I,E,E,,,
Cyprus,196,2020,cattle,275160.0,39490.0,83030.0,39490.0,1.8165,0.079,1.8955,1.0,6.888719290594563,6.888719290594563,A,A,E,E,E,,,
Cyprus,196,2021,cattle,298140.0,38920.0,84610.0,38920.0,1.7903,0.0778,1.8681,1.0,6.265848259207084,6.265848259207084,A,A,E,E,E,,,
Cyprus,196,2022,cattle,286750.0,38220.0,81440.0,38220.0,1.7581,0.0764,1.8345,1.0,6.3975588491717525,6.3975588491717525,A,A,E,E,E,,,
Cyprus,196,2023,cattle,303910.0,38660.0,82270.0,38660.0,1.7784,0.0773,1.8557,1.0,6.106084038037577,6.106084038037577,A,A,E,E,E,,,
Czechia,203,2020,cattle,3267730.0,357010.0,1340040.0,357010.0,35.344,3.9271,39.2711,1.0,12.017853372218632,12.017853372218632,A,A,E,E,E,,,
Czechia,203,2021,cattle,3309910.0,362350.0,1359420.0,362350.0,35.8727,3.9859,39.8586,1.0,12.042200543217188,12.042200543217188,A,A,E,E,E,,,
Czechia,203,2022,cattle,3339160.0,356650.0,1390490.0,356650.0,35.3083,3.9232,39.2315,1.0,11.748912900250362,11.748912900250362,A,A,E,E,E,,,
Czechia,203,2023,cattle,3475280.0,357660.0,1369590.0,357660.0,35.4083,3.9343,39.3426,1.0,11.320699339333808,11.320699339333808,A,A,E,E,E,,,
Côte d'Ivoire,384,2020,cattle,34668.11,318800.0,1750915.0,318800.0,14.6648,0.3188,14.9836,1.0,432.2012362369912,432.2012362369912,A,A,E,E,E,,,
Côte d'Ivoire,384,2021,cattle,35759.69,327797.0,1806045.0,327797.0,15.0787,0.3278,15.4065,1.0,430.8342717736088,430.8342717736088,A,A,E,E,E,,,
Côte d'Ivoire,384,2022,cattle,36768.92,333172.0,1835661.0,333172.0,15.3259,0.3332,15.6591,1.0,425.8787040794237,425.8787040794237,A,A,E,E,E,,,
Côte d'Ivoire,384,2023,cattle,37805.47,338636.0,1865763.0,326590.0,15.0231,0.3266,15.3497,1.0,406.01796512515256,406.01796512515256,A,A,E,E,E,,,
Democratic People's Republic of Korea,408,2020,cattle,84911.33,36312.0,581000.0,36330.0,2.4704,0.327,2.7974,1.0,32.94495563784009,32.94495563784009,I,I,E,E,E,,,
Democratic People's Republic of Korea,408,2021,cattle,84724.96,36216.0,578412.0,36286.0,2.4674,0.3266,2.794,1.0,32.97729500255887,32.97729500255887,I,I,E,E,E,,,
Democratic People's Republic of Korea,408,2022,cattle,83833.67,35820.0,569064.0,35940.0,2.4439,0.3235,2.7674000000000003,1.0,33.010603019049505,33.010603019049505,I,I,E,E,E,,,
Democratic People's Republic of Korea,408,2023,cattle,84177.87,35952.0,571586.0,36054.0,2.4517,0.3245,2.7762,1.0,32.98016450166772,32.98016450166772,I,I,E,E,E,,,
Democratic Republic of the Congo,180,2020,cattle,8370.62,9386.0,1343889.0,9379.0,0.4314,0.0094,0.4408,1.0,52.66037641178312,52.66037641178312,I,I,E,E,E,,,
Democratic Republic of the Congo,180,2021,cattle,8831.86,9962.0,1490234.0,9952.0,0.4578,0.01,0.4678,1.0,52.9673251161137,52.9673251161137,I,I,E,E,E,,,
Democratic Republic of the Congo,180,2022,cattle,9318.52,10574.0,1652514.0,10560.0,0.4858,0.0106,0.4964,1.0,53.27026180123024,53.27026180123024,I,I,E,E,E,,,
Democratic Republic of the Congo,180,2023,cattle,9831.99,11222.0,1832468.0,11205.0,0.5154,0.0112,0.5266,1.0,53.55985919432383,53.55985919432383,I,I,E,E,E,,,
Denmark,208,2020,cattle,5666000.0,565000.0,1500000.0,565000.0,66.105,11.865,77.97,1.0,13.761030709495236,13.761030709495236,A,A,E,E,E,,,
Denmark,208,2021,cattle,5644000.0,559000.0,1480000.0,559000.0,65.403,11.739,77.14200000000001,1.0,13.667965981573357,13.667965981573357,A,A,E,E,E,,,
Denmark,208,2022,cattle,5664000.0,556000.0,1466000.0,556000.0,65.052,11.676,76.72800000000001,1.0,13.546610169491528,13.546610169491528,A,A,E,E,E,,,
Denmark,208,2023,cattle,5687000.0,546830.0,1434870.0,546830.0,63.9791,11.4834,75.4625,1.0,13.269298399859329,13.269298399859329,A,A,E,E,E,,,
Djibouti,262,2020,camel,6077.38,30573.0,71165.0,71810.0,3.3033,0.1838,3.4871000000000003,0.429607250755287,573.7834395742902,246.5015260044232,I,I,I,E,E,,,
Djibouti,262,2021,camel,6108.71,30763.0,71654.0,71858.0,3.3055,0.184,3.4895,0.4293270438496106,571.2335337575364,245.24600439588983,I,I,I,E,E,,,
Djibouti,262,2022,camel,6117.98,30807.0,71732.0,71994.0,3.3117,0.1843,3.496,0.4294735961634974,571.4304394587756,245.41428579164807,I,I,I,E,E,,,
Djibouti,262,2023,camel,6129.53,30866.0,71852.0,72130.0,3.318,0.1847,3.5027,0.4295774647887324,571.4467504033752,245.48064630004143,I,I,I,E,E,,,
Djibouti,262,2020,cattle,9050.5,26032.0,311178.0,25871.0,1.1901,0.0259,1.216,1.0,134.3572178332689,134.3572178332689,I,I,E,E,E,,,
Djibouti,262,2021,cattle,9100.11,26194.0,313647.0,25913.0,1.192,0.0259,1.2179,1.0,133.83354706701346,133.83354706701346,I,I,E,E,E,,,
Djibouti,262,2022,cattle,9126.08,26272.0,314719.0,25981.0,1.1951,0.026,1.2211,1.0,133.80334163189454,133.80334163189454,I,I,E,E,E,,,
Djibouti,262,2023,cattle,9160.76,26381.0,316306.0,26049.0,1.1983,0.026,1.2243,1.0,133.6461166977412,133.6461166977412,I,I,E,E,E,,,
Dominica,212,2020,cattle,6975.9,7429.0,13885.0,7462.0,0.5373,0.0075,0.5448,1.0,78.09744979142476,78.09744979142476,I,I,E,E,E,,,
Dominica,212,2021,cattle,6980.04,7431.0,13879.0,7474.0,0.5381,0.0075,0.5456,1.0,78.1657411705377,78.1657411705377,I,I,E,E,E,,,
Dominica,212,2022,cattle,6985.2,7433.0,13876.0,7485.0,0.5389,0.0075,0.5464,1.0,78.22252762984597,78.22252762984597,I,I,E,E,E,,,
Dominica,212,2023,cattle,6990.94,7437.0,13874.0,7496.0,0.5397,0.0075,0.5471999999999999,1.0,78.27273585526409,78.27273585526409,I,I,E,E,E,,,
Dominican Republic,214,2020,cattle,891531.27,560000.0,3009176.0,560000.0,40.32,0.56,40.88,1.0,45.85369170505932,45.85369170505932,A,E,E,E,E,,,
Dominican Republic,214,2021,cattle,861564.88,566667.0,3022475.0,566667.0,40.8,0.5667,41.3667,1.0,48.01344734478964,48.01344734478964,A,E,E,E,E,,,
Dominican Republic,214,2022,cattle,860770.65,572222.0,3018158.0,572222.0,41.2,0.5722,41.772200000000005,1.0,48.5288386633536,48.5288386633536,A,E,E,E,E,,,
Dominican Republic,214,2023,cattle,862164.34,566296.0,3024249.0,566296.0,40.7733,0.5663,41.3396,1.0,47.94863123195283,47.94863123195283,A,E,E,E,E,,,
Ecuador,218,2020,cattle,2315400.0,962520.0,4335924.0,962520.0,69.3014,0.9625,70.2639,1.0,30.34633324695517,30.34633324695517,E,A,E,E,E,,,
Ecuador,218,2021,cattle,2145000.0,846715.0,4066930.0,846715.0,60.9635,0.8467,61.8102,1.0,28.81594405594405,28.81594405594405,E,A,E,E,E,,,
Ecuador,218,2022,cattle,2071000.0,815065.0,3860493.0,815065.0,58.6847,0.8151,59.4998,1.0,28.729985514244326,28.729985514244326,E,A,E,E,E,,,
Ecuador,218,2023,cattle,2100200.0,841529.0,3723196.0,841529.0,60.5901,0.8415,61.4316,1.0,29.250357108846774,29.250357108846774,E,A,E,E,E,,,
Ecuador,218,2020,goats,596.96,9681.0,14092.0,14092.0,0.0705,0.0024,0.0728999999999999,0.6869855237013909,122.1187349236128,83.89380306524947,I,I,A,E,E,,,
Ecuador,218,2021,goats,1228.07,32019.0,57849.0,57849.0,0.2892,0.0098,0.299,0.5534927137893482,243.47146335306616,134.75968098155244,I,I,A,E,E,,,
Ecuador,218,2022,goats,780.98,15098.0,23789.0,23789.0,0.1189,0.004,0.1229,0.6346630795745933,157.3663858229404,99.874635047911,I,I,A,E,E,,,
Ecuador,218,2023,goats,859.19,17676.0,28641.0,28641.0,0.1432,0.0049,0.1480999999999999,0.6171572221640306,172.37165237025556,106.38041015665084,I,I,A,E,E,,,
Ecuador,218,2020,sheep,3987.82,102415.0,496535.0,496535.0,2.4827,0.0745,2.5572,0.2062593774859778,641.2526142102703,132.26436501826626,I,I,A,E,E,,,
Ecuador,218,2021,sheep,4122.02,107744.0,528828.0,528828.0,2.6441,0.0793,2.7234,0.2037411029673164,660.6954842528662,134.6108266872042,I,I,A,E,E,,,
Ecuador,218,2022,sheep,4216.82,111542.0,551960.0,551960.0,2.7598,0.0828,2.8426,0.2020834843104572,674.1098742654418,136.22647219964475,I,I,A,E,E,,,
Ecuador,218,2023,sheep,4259.09,113208.0,561949.0,561949.0,2.8097,0.0843,2.894,0.2014560040145991,679.4878718223846,136.88691143372176,I,I,A,E,E,,,
Egypt,818,2020,buffalo,1265000.0,700082.0,1348000.0,1348000.0,74.14,1.348,75.488,0.5193486646884273,59.67430830039525,30.99177233201581,A,I,A,E,E,,,
Egypt,818,2021,buffalo,1337000.0,734819.0,1428000.0,1428000.0,78.54,1.428,79.968,0.5145791316526611,59.81151832460733,30.777759162303667,A,I,A,E,E,,,
Egypt,818,2022,buffalo,1471000.0,798894.0,1570000.0,1570000.0,86.35,1.57,87.91999999999999,0.5088496815286624,59.76886471787899,30.41336777702243,A,I,A,E,E,,,
Egypt,818,2023,buffalo,1157000.0,740124.0,1438000.0,1445764.0,79.517,1.4458,80.9628,0.5146898470097357,69.97649092480553,36.01618940836632,A,I,I,E,E,,,
Egypt,818,2020,cattle,4281000.0,1604320.0,2745000.0,1604320.0,73.7987,1.6043,75.40299999999999,1.0,17.613408082223778,17.613408082223778,A,E,E,E,E,,,
Egypt,818,2021,cattle,4794000.0,1611162.0,2812000.0,1611162.0,74.1135,1.6112,75.7247,1.0,15.79572382144347,15.79572382144347,A,E,E,E,E,,,
Egypt,818,2022,cattle,5207000.0,1620940.0,3091000.0,1620940.0,74.5632,1.6209,76.1841,1.0,14.631092759746494,14.631092759746494,A,E,E,E,E,,,
Egypt,818,2023,cattle,4445000.0,1612141.0,2830000.0,1612141.0,74.1585,1.6121,75.7706,1.0,17.04625421822272,17.04625421822272,A,E,E,E,E,,,
Egypt,818,2020,goats,8500.0,364571.0,925000.0,925000.0,4.625,0.1573,4.7823,0.3941308108108108,562.6235294117647,221.74726782829887,E,I,A,E,E,,,
Egypt,818,2021,goats,9000.0,433006.0,1131000.0,1131000.0,5.655,0.1923,5.847300000000001,0.3828523430592396,649.7,248.739167285588,E,I,A,E,E,,,
Egypt,818,2022,goats,7800.0,469898.0,1244000.0,1244000.0,6.22,0.2115,6.4315,0.3777315112540192,824.551282051282,311.45900187566986,E,I,A,E,E,,,
Egypt,818,2023,goats,8433.33,436087.0,1139000.0,1050154.0,5.2508,0.1785,5.4293,0.3828683055311677,643.7907682967463,246.48708057438384,E,I,I,E,E,,,
Egypt,818,2020,sheep,23500.0,798385.0,1936000.0,1936000.0,9.68,0.2904,9.9704,0.4123889462809917,424.2723404255319,174.9652234042553,E,I,A,E,E,,,
Egypt,818,2021,sheep,25000.0,799528.0,1938000.0,1938000.0,9.69,0.2907,9.9807,0.4125531475748194,399.228,164.70276800000002,E,I,A,E,E,,,
Egypt,818,2022,sheep,21200.0,868657.0,2132000.0,2132000.0,10.66,0.3198,10.9798,0.407437617260788,517.9150943396226,211.01809198113205,E,I,A,E,E,,,
Egypt,818,2023,sheep,23233.33,805382.0,1952000.0,1991545.0,9.9577,0.2987,10.2564,0.412593237704918,441.4520002083213,182.14011005726343,E,I,I,E,E,,,
El Salvador,222,2020,cattle,410391.4,357374.0,754172.0,357374.0,25.7309,0.3574,26.0883,1.0,63.56931456165991,63.56931456165991,A,A,E,E,E,,,
El Salvador,222,2021,cattle,419550.0,365993.0,790983.0,365993.0,26.3515,0.366,26.7175,1.0,63.68132522941247,63.68132522941247,A,A,E,E,E,,,
El Salvador,222,2022,cattle,421000.0,346038.0,757942.0,346038.0,24.9147,0.346,25.2607,1.0,60.00166270783848,60.00166270783848,A,E,E,E,E,,,
El Salvador,222,2023,cattle,416980.47,356468.0,748412.0,356468.0,25.6657,0.3565,26.0222,1.0,62.406280083093584,62.406280083093584,E,E,E,E,E,,,
Eritrea,232,2020,camel,12316.53,77194.0,400706.0,397017.0,18.2628,1.0006,19.2634,0.1926449816074628,1564.028180014988,301.3021799725409,I,I,I,E,E,,,
Eritrea,232,2021,camel,12345.42,77389.0,401715.0,392962.0,18.0763,0.9904,19.0667,0.1926465280111521,1544.4351022484452,297.5300601867117,I,I,E,E,E,,,
Eritrea,232,2022,camel,12443.18,78152.0,406471.0,397874.0,18.3022,1.0028,19.305,0.1922695592059458,1551.452281490744,298.29704629128435,I,I,E,E,E,,,
Eritrea,232,2023,camel,12388.7,77659.0,402942.0,402523.0,18.5161,1.0145,19.5306,0.1927299710628328,1576.4850226416006,303.8359127947051,I,I,E,E,E,,,
Eritrea,232,2020,cattle,120000.0,720000.0,2122934.0,720000.0,33.12,0.72,33.84,1.0,282.0,282.0,E,E,E,E,E,,,
Eritrea,232,2021,cattle,120000.0,720000.0,2159183.0,720000.0,33.12,0.72,33.84,1.0,282.0,282.0,E,E,E,E,E,,,
Eritrea,232,2022,cattle,120000.0,720000.0,2147162.0,720000.0,33.12,0.72,33.84,1.0,282.0,282.0,E,E,E,E,E,,,
Eritrea,232,2023,cattle,120000.0,720000.0,2152019.0,720000.0,33.12,0.72,33.84,1.0,282.0,282.0,E,E,E,E,E,,,
Eritrea,232,2020,goats,9372.62,184499.0,1887808.0,1895612.0,9.4781,0.4112,9.8893,0.0977318668000135,1055.1265281212725,103.11948530350897,I,I,I,E,E,,,
Eritrea,232,2021,goats,9427.68,185971.0,1906212.0,1901841.0,9.5092,0.4125,9.9217,0.097560502189683,1052.4010148838313,102.67277151699864,I,I,I,E,E,,,
Eritrea,232,2022,goats,9458.2,186737.0,1915139.0,1910535.0,9.5527,0.4144,9.9671,0.0975057162952662,1053.8051637732335,102.75202732935956,I,I,I,E,E,,,
Eritrea,232,2023,goats,9492.06,187599.0,1925364.0,1919229.0,9.5961,0.4163,10.0124,0.0974356017875061,1054.8184482609674,102.7768702828708,I,I,I,E,E,,,
Eritrea,232,2020,sheep,5814.21,234565.0,2461270.0,2474915.0,12.3746,0.4873,12.8619,0.0953024251707451,2212.149199977297,210.82318359736016,I,I,I,E,E,,,
Eritrea,232,2021,sheep,5871.97,238105.0,2508099.0,2473086.0,12.3654,0.4869,12.8523,0.0949344503546311,2188.7543703390857,207.78819310943783,I,I,I,E,E,,,
Eritrea,232,2022,sheep,5877.07,238272.0,2508626.0,2487484.0,12.4374,0.4898,12.9272,0.0949810772909154,2199.599460275273,208.9203263454616,I,I,I,E,E,,,
Eritrea,232,2023,sheep,5900.33,239605.0,2525186.0,2475388.0,12.3769,0.4874,12.864299999999998,0.094886079678883,2180.26788332178,206.87707209818012,I,I,E,E,E,,,
Estonia,233,2020,cattle,848300.0,84300.0,253300.0,84300.0,9.8631,1.7703,11.6334,1.0,13.713780502180832,13.713780502180832,A,A,E,E,E,,,
Estonia,233,2021,cattle,838700.0,83700.0,250800.0,83700.0,9.7929,1.7577,11.5506,1.0,13.772028138786215,13.772028138786215,A,A,E,E,E,,,
Estonia,233,2022,cattle,848100.0,83740.0,249620.0,83740.0,9.7976,1.7585,11.5561,1.0,13.625869590850137,13.625869590850137,A,A,E,E,E,,,
Estonia,233,2023,cattle,894200.0,83350.0,241360.0,83350.0,9.752,1.7504,11.502400000000002,1.0,12.863341534332363,12.863341534332363,A,A,E,E,E,,,
Eswatini,748,2020,cattle,37591.02,125095.0,548964.0,125169.0,5.7578,0.1252,5.883,1.0,156.50014285326654,156.50014285326654,I,I,E,E,E,,,
Eswatini,748,2021,cattle,37870.75,126160.0,554400.0,126100.0,5.8006,0.1261,5.9267,1.0,156.49808889446342,156.49808889446342,I,I,E,E,E,,,
Eswatini,748,2022,cattle,38159.18,127261.0,560036.0,120192.0,5.5288,0.1202,5.649,1.0,148.03777230013853,148.03777230013853,I,I,E,E,E,,,
Eswatini,748,2023,cattle,40575.2,137030.0,613475.0,118765.0,5.4632,0.1188,5.582,1.0,137.5717186853053,137.5717186853053,I,I,E,E,E,,,
Ethiopia,231,2020,camel,243429.0,259796.0,1530939.0,1565373.0,72.0072,3.0055,75.0127,0.1696971597170102,308.15022039280444,52.29221716682965,A,I,E,E,E,,,
Ethiopia,231,2021,camel,235877.0,264742.0,1566449.0,1664723.0,76.5773,3.1963,79.77359999999999,0.1690077366068094,338.1999940647032,57.158415517311866,E,I,E,E,E,,,
Ethiopia,231,2022,camel,220446.0,271316.0,1614196.0,1736933.0,79.8989,3.3349,83.2338,0.1680811995569311,377.5700171470564,63.4624213988083,E,I,E,E,E,,,
Ethiopia,231,2023,camel,233250.67,269974.0,1603124.0,1755349.0,80.7461,3.3703,84.1164,0.1684049393559075,360.6266168495893,60.73130354068121,E,I,E,E,E,,,
Ethiopia,231,2020,cattle,3438252.69,12800000.0,70291776.0,7556402.0,347.5945,7.5564,355.1509,1.0,103.29400774787148,103.29400774787148,I,E,E,E,E,,,
Ethiopia,231,2021,cattle,3439666.97,12800000.0,68079757.0,8859120.0,407.5195,8.8591,416.3786,1.0,121.0520098694322,121.0520098694322,I,E,E,E,E,,,
Ethiopia,231,2022,cattle,3866052.0,12800866.0,66260987.0,9008433.0,414.3879,9.0084,423.3963,1.0,109.51645244295732,109.51645244295732,A,A,E,E,E,,,
Ethiopia,231,2023,cattle,3442497.27,12800000.0,69318245.0,9379050.0,431.4363,9.379,440.8153,1.0,128.05102384293247,128.05102384293247,I,E,E,E,E,,,
Ethiopia,231,2020,goats,58155.38,1705995.0,52463535.0,52463535.0,262.3177,8.9188,271.2365,0.0325177287424493,4663.996692997277,151.6625793185665,I,I,A,E,E,,,
Ethiopia,231,2021,goats,56267.62,1625076.0,49306944.0,45716091.0,228.5805,7.7717,236.3522,0.0329583597799125,4200.501105253786,138.44162668287456,I,I,A,E,E,,,
Ethiopia,231,2022,goats,54124.41,1537157.0,45716091.0,49560433.0,247.8022,8.4253,256.2275,0.0336239815429538,4734.046985454437,159.17750846239645,I,I,E,E,E,,,
Ethiopia,231,2023,goats,52306.07,1463631.0,42765205.0,53572317.0,267.8616,9.1073,276.9689,0.0342248096320361,5295.157904235589,181.2257712440345,I,I,I,E,E,,,
Ethiopia,231,2020,sheep,60070.56,3292166.0,42914865.0,42914865.0,214.5743,6.4372,221.0115,0.0767138845712319,3679.198262842897,282.2455908504069,I,I,A,E,E,,,
Ethiopia,231,2021,sheep,58367.54,3150544.0,40663456.0,38013272.0,190.0664,5.702,195.7684,0.0774785104345287,3354.06289180596,259.86779676085365,I,I,A,E,E,,,
Ethiopia,231,2022,sheep,56348.99,2989081.0,38013272.0,34659337.0,173.2967,5.1989,178.4956,0.0786325628585721,3167.680556474925,249.0828404728913,I,I,I,E,E,,,
Ethiopia,231,2023,sheep,55772.34,2942188.0,37232386.0,39946177.0,199.7309,5.9919,205.7228,0.0790222791523487,3688.616973933674,291.48292020027856,I,I,I,E,E,,,
Faroe Islands,234,2020,cattle,7556.0,1148.0,1837.0,1148.0,0.1343,0.0241,0.1584,1.0,20.96347273689783,20.96347273689783,A,A,E,E,E,,,
Faroe Islands,234,2021,cattle,7763.0,1147.0,1860.0,1147.0,0.1342,0.0241,0.1583,1.0,20.391601185108847,20.391601185108847,A,A,E,E,E,,,
Faroe Islands,234,2022,cattle,7200.0,741.0,2050.0,741.0,0.0867,0.0156,0.1023,1.0,14.208333333333334,14.208333333333334,A,A,E,E,E,,,
Faroe Islands,234,2023,cattle,7030.0,773.0,1758.0,1082.0,0.1266,0.0227,0.1493,1.0,21.2375533428165,21.2375533428165,A,A,E,E,E,,,
Fiji,242,2020,cattle,12393.0,32620.0,93301.0,32620.0,2.9358,0.9786,3.9144,1.0,315.8557250060518,315.8557250060518,A,A,E,E,E,,,
Fiji,242,2021,cattle,11399.0,33535.0,93440.0,33535.0,3.0181,1.0061,4.0242,1.0,353.0309676287394,353.0309676287394,A,A,E,E,E,,,
Fiji,242,2022,cattle,13904.0,33390.0,71608.0,33390.0,3.0051,1.0017,4.0068,1.0,288.1760644418872,288.1760644418872,A,A,E,E,E,,,
Fiji,242,2023,cattle,12737.0,45874.0,75924.0,45874.0,4.1287,1.3762,5.5049,1.0,432.1975347413049,432.1975347413049,A,A,E,E,E,,,
Finland,246,2020,cattle,2406520.0,255620.0,835380.0,255620.0,29.9075,5.368,35.2755,1.0,14.658303276099929,14.658303276099929,A,A,E,E,E,,,
Finland,246,2021,cattle,2314850.0,248530.0,829980.0,248530.0,29.078,5.2191,34.2971,1.0,14.816121994945677,14.816121994945677,A,A,E,E,E,,,
Finland,246,2022,cattle,2258630.0,243170.0,821970.0,243170.0,28.4509,5.1066,33.557500000000005,1.0,14.85745783948677,14.85745783948677,A,A,E,E,E,,,
Finland,246,2023,cattle,2239000.0,236270.0,798640.0,236270.0,27.6436,4.9617,32.6053,1.0,14.56243858865565,14.56243858865565,A,A,E,E,E,,,
France,250,2020,cattle,25234840.0,3405680.0,17815670.0,3405680.0,398.4646,75.2671,473.7317000000001,1.0,18.77292267357352,18.77292267357352,A,A,E,E,E,,,
France,250,2021,cattle,24760620.0,3322030.0,17330080.0,3322030.0,388.6775,73.4184,462.0959,1.0,18.66253349067996,18.66253349067996,A,A,E,E,E,,,
France,250,2022,cattle,24606350.0,3230860.0,16986190.0,3230860.0,378.0106,71.4035,449.4141,1.0,18.264151326791666,18.264151326791666,A,A,E,E,E,,,
France,250,2023,cattle,23993580.0,3164600.0,16806900.0,3164600.0,370.2582,69.9391,440.1973,1.0,18.34646184521026,18.34646184521026,A,A,E,E,E,,,
France,250,2020,goats,709510.0,1178410.0,1413980.0,1413980.0,7.0699,0.1838,7.253699999999999,0.8333993408676219,10.223534552014767,8.520286956986467,A,A,A,E,E,,,
France,250,2021,goats,718260.0,1174940.0,1387770.0,1387770.0,6.9389,0.1804,7.1193,0.8466388522593802,9.91187035335394,8.391774539707356,A,A,A,E,E,,,
France,250,2022,goats,733100.0,1155000.0,1353000.0,1310710.0,6.5536,0.1704,6.724,0.8536585365853658,9.172009275678626,7.829764015823217,A,A,A,E,E,,,
France,250,2023,goats,718100.0,1135000.0,1340000.0,1275000.0,6.375,0.1658,6.5408,0.8470149253731343,9.10848071299262,7.715019111378076,A,A,A,E,E,,,
France,250,2020,sheep,344170.0,1522100.0,6998710.0,6998710.0,55.9897,1.3298,57.3195,0.2174829361410888,166.54414969346544,36.22051067245589,A,A,A,E,E,,,
France,250,2021,sheep,350200.0,1560360.0,6994630.0,6994630.0,55.957,1.329,57.286,0.2230797054311664,163.58081096516275,36.49155912429983,A,A,A,E,E,,,
France,250,2022,sheep,342090.0,1548000.0,6746000.0,6597520.0,52.7802,1.2535,54.0337,0.2294693151497183,157.95170861469205,36.24507040254125,A,A,A,E,E,,,
France,250,2023,sheep,338820.0,1495000.0,6802000.0,6576000.0,52.608,1.2494,53.8574,0.2197882975595413,158.95578773390002,34.93662197326971,A,A,A,E,E,,,
French Polynesia,258,2020,cattle,800.0,465.0,8579.0,465.0,0.0419,0.014,0.0559,1.0,69.875,69.875,A,E,E,E,E,,,
French Polynesia,258,2021,cattle,784.1,464.0,8895.0,464.0,0.0418,0.0139,0.0557,1.0,71.03685754368065,71.03685754368065,A,E,E,E,E,,,
French Polynesia,258,2022,cattle,632.72,466.0,10000.0,466.0,0.0419,0.014,0.0559,1.0,88.34871665191554,88.34871665191554,A,E,E,E,E,,,
French Polynesia,258,2023,cattle,529.59,438.0,8500.0,438.0,0.0394,0.0131,0.0525,1.0,99.13329179176344,99.13329179176344,A,A,E,E,E,,,
Gabon,266,2020,cattle,10533.63,8034.0,38825.0,8109.0,0.373,0.0081,0.3811,1.0,36.17936077116816,36.17936077116816,I,I,E,E,E,,,
Gabon,266,2021,cattle,10626.07,8105.0,39262.0,8145.0,0.3747,0.0081,0.3828,1.0,36.02460740424259,36.02460740424259,I,I,E,E,E,,,
Gabon,266,2022,cattle,10664.25,8133.0,39411.0,8173.0,0.376,0.0082,0.3842,1.0,36.02691234732869,36.02691234732869,I,I,E,E,E,,,
Gabon,266,2023,cattle,10699.44,8158.0,39545.0,8201.0,0.3772,0.0082,0.3853999999999999,1.0,36.020576777850046,36.020576777850046,I,I,E,E,E,,,
Gambia,270,2020,cattle,49686.97,37823.0,285182.0,37866.0,1.7418,0.0379,1.7797,1.0,35.81824369648622,35.81824369648622,I,I,E,E,E,,,
Gambia,270,2021,cattle,49500.06,37655.0,283300.0,37700.0,1.7342,0.0377,1.7719,1.0,35.795916206970254,35.795916206970254,I,I,E,E,E,,,
Gambia,270,2022,cattle,49313.8,37488.0,281430.0,37534.0,1.7266,0.0375,1.7641,1.0,35.772947937494166,35.772947937494166,I,I,E,E,E,,,
Gambia,270,2023,cattle,51890.51,39548.0,301948.0,37297.0,1.7157,0.0373,1.753,1.0,33.78267047288608,33.78267047288608,I,I,E,E,E,,,
Georgia,268,2020,cattle,575461.0,441800.0,869500.0,441800.0,20.3228,0.8836,21.2064,1.0,36.85115064270211,36.85115064270211,A,A,E,E,E,,,
Georgia,268,2021,cattle,594619.0,450800.0,925800.0,450800.0,20.7368,0.9016,21.6384,1.0,36.39036088655088,36.39036088655088,A,A,E,E,E,,,
Georgia,268,2022,cattle,571032.0,451700.0,928600.0,451700.0,20.7782,0.9034,21.6816,1.0,37.96915059050981,37.96915059050981,A,A,E,E,E,,,
Georgia,268,2023,cattle,591941.0,431400.0,853700.0,431400.0,19.8444,0.8628,20.7072,1.0,34.981864746655496,34.981864746655496,A,A,E,E,E,,,
Georgia,268,2020,goats,3440.2,33300.0,49700.0,49700.0,0.2485,0.0055,0.254,0.670020120724346,73.83291669089007,49.46953975466075,E,A,A,E,E,,,
Georgia,268,2021,goats,3400.0,33300.0,50300.0,50300.0,0.2515,0.0055,0.257,0.6620278330019881,75.58823529411765,50.0415156122091,E,A,A,E,E,,,
Georgia,268,2022,goats,3430.0,35100.0,52500.0,52500.0,0.2625,0.0058,0.2683,0.6685714285714286,78.22157434402332,52.29670970428988,E,A,A,E,E,,,
Georgia,268,2023,goats,3170.0,34600.0,50200.0,50200.0,0.251,0.0055,0.2565,0.6892430278884463,80.91482649842271,55.76998001684116,E,A,A,E,E,,,
Georgia,268,2020,sheep,7168.8,135676.0,841900.0,841900.0,4.2095,0.0842,4.2937,0.1611545314170329,598.9426403303203,96.52232054811324,E,I,A,E,E,,,
Georgia,268,2021,sheep,7300.0,142588.0,896200.0,896200.0,4.481,0.0896,4.5706,0.1591028788216915,626.1095890410959,99.6158380743046,E,I,A,E,E,,,
Georgia,268,2022,sheep,7300.0,143678.0,904300.0,904300.0,4.5215,0.0904,4.6119,0.1588831140108371,631.7671232876713,100.37712787761366,E,I,A,E,E,,,
Georgia,268,2023,sheep,6730.0,138668.0,863800.0,863800.0,4.319,0.0864,4.4054,0.1605325306783978,654.591381872214,105.083211092216,E,I,A,E,E,,,
Germany,276,2020,cattle,33164910.0,3921410.0,11301860.0,3921410.0,458.805,82.3496,541.1546,1.0,16.317083326925957,16.317083326925957,A,A,E,E,E,,,
Germany,276,2021,cattle,32506910.0,3832720.0,11039660.0,3832720.0,448.4282,80.4871,528.9153,1.0,16.27085748845399,16.27085748845399,A,A,E,E,E,,,
Germany,276,2022,cattle,32399050.0,3809720.0,10996960.0,3809720.0,445.7372,80.0041,525.7412999999999,1.0,16.227059126733653,16.227059126733653,A,A,E,E,E,,,
Germany,276,2023,cattle,34012620.0,3712820.0,10836200.0,3712820.0,434.3999,77.9692,512.3691,1.0,15.064087976756865,15.064087976756865,A,A,E,E,E,,,
Ghana,288,2020,cattle,47802.95,363947.0,2109000.0,363667.0,16.7287,0.3637,17.0924,1.0,357.5595230001496,357.5595230001496,I,I,E,E,E,,,
Ghana,288,2021,cattle,48756.54,373145.0,2174000.0,372835.0,17.1504,0.3728,17.523200000000003,1.0,359.402041244108,359.402041244108,I,I,E,E,E,,,
Ghana,288,2022,cattle,49487.6,380178.0,2223553.0,383117.0,17.6234,0.3831,18.0065,1.0,363.85882524107046,363.85882524107046,I,I,E,E,E,,,
Ghana,288,2023,cattle,50460.99,389649.0,2291077.0,389336.0,17.9095,0.3893,18.2988,1.0,362.6325999549355,362.6325999549355,I,I,E,E,E,,,
Greece,300,2020,cattle,683460.0,90000.0,631500.0,90000.0,10.53,2.5819,13.1119,1.0,19.18459017352881,19.18459017352881,A,A,E,E,E,,,
Greece,300,2021,cattle,710930.0,91300.0,614100.0,91300.0,10.6821,2.6192,13.3013,1.0,18.70971825636842,18.70971825636842,A,A,E,E,E,,,
Greece,300,2022,cattle,691250.0,80500.0,581600.0,80500.0,9.4185,2.3094,11.7279,1.0,16.96622061482821,16.96622061482821,A,A,E,E,E,,,
Greece,300,2023,cattle,669620.0,88200.0,638800.0,89400.0,10.4598,2.5647,13.0245,1.0,19.45058391326424,19.45058391326424,A,A,E,E,E,,,
Greece,300,2020,goats,361350.0,2330100.0,3149000.0,3149000.0,15.745,0.4094,16.1544,0.7399491902191172,44.70568700705687,33.07993689906104,A,A,A,E,E,,,
Greece,300,2021,goats,365150.0,2270000.0,3135100.0,3135100.0,15.6755,0.4076,16.083099999999998,0.7240598386016395,44.045186909489246,31.891350924863826,A,A,A,E,E,,,
Greece,300,2022,goats,351720.0,2268100.0,2960900.0,2960900.0,14.8045,0.3849,15.1894,0.7660170893984937,43.186057090867735,33.08125775534368,A,A,A,E,E,,,
Greece,300,2023,goats,348920.0,2102500.0,2836100.0,2747700.0,13.7385,0.3572,14.0957,0.7413349317725045,40.39808552103634,29.94851197347728,A,A,A,E,E,,,
Greece,300,2020,sheep,945430.0,5885600.0,7721800.0,7721800.0,61.7744,1.4671,63.2415,0.7622057033334196,66.89178469056408,50.98529979729906,A,A,A,E,E,,,
Greece,300,2021,sheep,951650.0,5684300.0,7690900.0,7690900.0,61.5272,1.4613,62.9885,0.7390942542485275,66.18872484631954,48.91970622995152,A,A,A,E,E,,,
Greece,300,2022,sheep,956450.0,5420700.0,7378400.0,7378400.0,59.0272,1.4019,60.4291,0.7346714734901876,63.18061581891369,46.41699611969877,A,A,A,E,E,,,
Greece,300,2023,sheep,943970.0,5705900.0,7994200.0,7892300.0,63.1384,1.4995,64.6379,0.7137549723549573,68.47452779219678,48.874034691338174,A,A,A,E,E,,,
Grenada,308,2020,cattle,610.0,756.0,6108.0,780.0,0.0562,0.0012,0.0574,1.0,94.09836065573772,94.09836065573772,I,I,E,E,E,,,
Grenada,308,2021,cattle,598.8,739.0,5889.0,785.0,0.0565,0.0012,0.0577,1.0,96.35938543754176,96.35938543754176,I,I,E,E,E,,,
Grenada,308,2022,cattle,590.09,726.0,5720.0,792.0,0.057,0.0012,0.0582,1.0,98.62902269145384,98.62902269145384,I,I,E,E,E,,,
Grenada,308,2023,cattle,581.13,712.0,5548.0,799.0,0.0575,0.0012,0.0587,1.0,101.010101010101,101.010101010101,I,I,E,E,E,,,
Guatemala,320,2020,cattle,558720.0,704672.0,4055342.0,697998.0,50.2559,0.698,50.9539,1.0,91.19755870561282,91.19755870561282,A,I,E,E,E,,,
Guatemala,320,2021,cattle,586945.0,716963.0,4139731.0,706271.0,50.8515,0.7063,51.5578,1.0,87.84093909991567,87.84093909991567,A,I,E,E,E,,,
Guatemala,320,2022,cattle,548990.0,727306.0,4210482.0,714399.0,51.4367,0.7144,52.1511,1.0,94.99462649592888,94.99462649592888,A,I,E,E,E,,,
Guatemala,320,2023,cattle,559650.0,737060.0,4277177.0,722515.0,52.0211,0.7225,52.7436,1.0,94.24390243902438,94.24390243902438,A,I,E,E,E,,,
Guatemala,320,2020,goats,2594.02,14228.0,114909.0,115017.0,0.5751,0.0196,0.5946999999999999,0.1238197182118023,229.25806277515204,28.386668730603027,I,I,I,E,E,,,
Guatemala,320,2021,goats,2599.6,14261.0,115196.0,115426.0,0.5771,0.0196,0.5966999999999999,0.1237977013090732,229.5353131250961,28.41594413414525,I,I,I,E,E,,,
Guatemala,320,2022,goats,2605.35,14296.0,115497.0,115744.0,0.5787,0.0197,0.5984,0.1237781067906525,229.681232847794,28.429508167242982,I,I,I,E,E,,,
Guatemala,320,2023,goats,2610.54,14327.0,115751.0,116062.0,0.5803,0.0197,0.6000000000000001,0.1237743086452816,229.837504884047,28.447978267779472,I,I,I,E,E,,,
Guinea,324,2020,cattle,209196.0,889033.0,8367838.0,887436.0,40.8221,0.8874,41.7095,1.0,199.3800072659133,199.3800072659133,A,I,E,E,E,,,
Guinea,324,2021,cattle,220670.0,926113.0,8826796.0,926113.0,42.6012,0.9261,43.5273,1.0,197.25064576063804,197.25064576063804,A,I,E,E,E,,,
Guinea,324,2022,cattle,232773.14,966475.0,9310926.0,966475.0,44.4579,0.9665,45.424400000000006,1.0,195.144508511592,195.144508511592,A,I,E,E,E,,,
Guinea,324,2023,cattle,235000.0,980000.0,9821600.0,927843.0,42.6808,0.9278,43.6086,1.0,185.56851063829788,185.56851063829788,E,E,E,E,E,,,
Guinea,324,2020,goats,37014.94,441850.0,3699431.0,3699431.0,18.4972,0.694,19.1912,0.119437286436752,518.4717306039129,61.92485659749807,I,I,A,E,E,,,
Guinea,324,2021,goats,38481.33,465301.0,3947834.0,3947834.0,19.7392,0.7406,20.4798,0.1178623518618057,532.2009400402741,62.72645445621056,I,I,A,E,E,,,
Guinea,324,2022,goats,40005.81,489997.0,4212916.0,4212916.0,21.0646,0.7904,21.855,0.1163082767375376,546.2956505567568,63.53870570546841,I,I,A,E,E,,,
Guinea,324,2023,goats,41539.29,515146.0,4486307.0,4486349.0,22.4317,0.8417,23.2734,0.1148262925386069,560.2743811942861,64.33422999690207,I,I,I,E,E,,,
Guinea,324,2020,sheep,14889.42,277979.0,3082187.0,3082187.0,15.4109,0.5166,15.9275,0.0901888821151993,1069.7193040427362,96.47678820866344,I,I,A,E,E,,,
Guinea,324,2021,sheep,15425.37,292249.0,3288023.0,3288023.0,16.4401,0.5511,16.991200000000003,0.0888828940673468,1101.510044815781,97.90540062747954,I,I,A,E,E,,,
Guinea,324,2022,sheep,15980.61,307253.0,3507606.0,3507606.0,17.538,0.5879,18.1259,0.0875962123454002,1134.2433111126547,99.355417931574,I,I,A,E,E,,,
Guinea,324,2023,sheep,16511.12,321777.0,3722971.0,3722622.0,18.6131,0.6239,19.237,0.0864301655854961,1165.0935854139514,100.69923150992716,I,I,I,E,E,,,
Guinea-Bissau,624,2020,cattle,17852.77,110019.0,730127.0,110243.0,5.0712,0.1102,5.1814,1.0,290.2294713929547,290.2294713929547,I,I,E,E,E,,,
Guinea-Bissau,624,2021,cattle,17961.58,110830.0,736533.0,108966.0,5.0124,0.109,5.1214,1.0,285.1308181128831,285.1308181128831,I,I,E,E,E,,,
Guinea-Bissau,624,2022,cattle,18051.09,111487.0,741627.0,110079.0,5.0636,0.1101,5.1737,1.0,286.61427093876324,286.61427093876324,I,I,E,E,E,,,
Guinea-Bissau,624,2023,cattle,17979.19,110849.0,735671.0,111176.0,5.1141,0.1112,5.2253,1.0,290.63044553175087,290.63044553175087,I,I,E,E,E,,,
Guinea-Bissau,624,2020,goats,14104.77,128868.0,808074.0,789554.0,3.9478,0.1737,4.1215,0.1594754935810334,292.2061118330891,46.59971391197653,I,I,E,E,E,,,
Guinea-Bissau,624,2021,goats,14037.42,127962.0,800294.0,815838.0,4.0792,0.1795,4.2587,0.1598937390508988,303.38196050271347,48.50887602537095,I,I,I,E,E,,,
Guinea-Bissau,624,2022,goats,14157.75,129374.0,811005.0,808983.0,4.0449,0.178,4.2229,0.1595230608935826,298.27479648955523,47.58170852342429,I,I,E,E,E,,,
Guinea-Bissau,624,2023,goats,14271.73,130710.0,821129.0,817843.0,4.0892,0.1799,4.2691,0.1591832708380778,299.12981817901544,47.61646286293519,I,I,E,E,E,,,
Guinea-Bissau,624,2020,sheep,6640.84,91138.0,474590.0,480997.0,2.405,0.0962,2.5012,0.192035230409406,376.6390998729077,72.3279763252851,I,I,I,E,E,,,
Guinea-Bissau,624,2021,sheep,6632.39,90915.0,472801.0,480703.0,2.4035,0.0961,2.4996,0.1922902024318899,376.8777167808286,72.46989245185402,I,I,I,E,E,,,
Guinea-Bissau,624,2022,sheep,6634.08,90893.0,472332.0,482318.0,2.4116,0.0965,2.5081,0.1924345587425793,378.0629718061887,72.75238115643214,I,I,I,E,E,,,
Guinea-Bissau,624,2023,sheep,6638.28,90920.0,472188.0,483895.0,2.4195,0.0968,2.5163,0.1925504248307877,379.05903336406425,72.98797791019831,I,I,I,E,E,,,
Guyana,328,2020,cattle,21000.0,19700.0,96208.0,39000.0,2.808,0.078,2.886,1.0,137.42857142857144,137.42857142857144,E,E,E,E,E,,,
Guyana,328,2021,cattle,20989.92,19938.0,99629.0,39000.0,2.808,0.078,2.886,1.0,137.4945688216058,137.4945688216058,I,I,E,E,E,,,
Guyana,328,2022,cattle,20436.0,19200.0,100695.0,39000.0,2.808,0.078,2.886,1.0,141.22137404580155,141.22137404580155,A,E,E,E,E,,,
Guyana,328,2023,cattle,28591.0,25000.0,99772.0,39000.0,2.808,0.078,2.886,1.0,100.94085551397292,100.94085551397292,A,E,E,E,E,,,
Haiti,332,2020,cattle,47142.7,191953.0,1528747.0,193636.0,13.9418,0.1936,14.1354,1.0,299.8428176578771,299.8428176578771,I,I,E,E,E,,,
Haiti,332,2021,cattle,47109.36,191686.0,1524954.0,193512.0,13.9329,0.1935,14.1264,1.0,299.8639760760919,299.8639760760919,I,I,E,E,E,,,
Haiti,332,2022,cattle,47027.34,191176.0,1518685.0,194342.0,13.9926,0.1943,14.1869,1.0,301.6734520812787,301.6734520812787,I,I,E,E,E,,,
Haiti,332,2023,cattle,47129.62,191586.0,1521825.0,195173.0,14.0525,0.1952,14.2477,1.0,302.30882404738253,302.30882404738253,I,I,E,E,E,,,
Haiti,332,2020,goats,50371.8,616045.0,1705493.0,1705493.0,8.5275,0.2899,8.8174,0.3612122711732033,175.0463553019745,63.22889155921771,I,I,A,E,E,,,
Haiti,332,2021,goats,51420.19,632894.0,1759186.0,1768240.0,8.8412,0.3006,9.1418,0.359765255066832,177.78619643373546,63.96129630734474,I,I,I,E,E,,,
Haiti,332,2022,goats,53356.46,664594.0,1861731.0,1869363.0,9.3468,0.3178,9.6646,0.3569763838062534,181.1327063302176,64.66009849480113,I,I,I,E,E,,,
Haiti,332,2023,goats,53055.68,659211.0,1842905.0,1851086.0,9.2554,0.3147,9.5701,0.3577021061856145,180.37842508097157,64.5217425619076,I,I,I,E,E,,,
Honduras,340,2020,cattle,685749.29,501065.0,2861440.0,503783.0,36.2724,0.5038,36.7762,1.0,53.6292206733455,53.6292206733455,I,I,E,E,E,,,
Honduras,340,2021,cattle,688395.88,502859.0,2872190.0,506436.0,36.4634,0.5064,36.9698,1.0,53.70427260546649,53.70427260546649,I,I,E,E,E,,,
Honduras,340,2022,cattle,690537.04,504267.0,2880208.0,509122.0,36.6568,0.5091,37.16589999999999,1.0,53.821732719797325,53.821732719797325,I,I,E,E,E,,,
Honduras,340,2023,cattle,693072.71,505974.0,2890333.0,511807.0,36.8501,0.5118,37.3619,1.0,53.907619591601005,53.907619591601005,I,I,E,E,E,,,
Hungary,348,2020,cattle,2014330.0,246600.0,932900.0,246600.0,24.4134,2.814,27.2274,1.0,13.516851757159948,13.516851757159948,A,A,E,E,E,,,
Hungary,348,2021,cattle,2080230.0,280900.0,909900.0,280900.0,27.8091,3.2054,31.0145,1.0,14.909168697692085,14.909168697692085,A,A,E,E,E,,,
Hungary,348,2022,cattle,2040340.0,277900.0,894000.0,277900.0,27.5121,3.1712,30.6833,1.0,15.038326945509082,15.038326945509082,A,A,E,E,E,,,
Hungary,348,2023,cattle,2027570.0,265500.0,869700.0,265500.0,26.2845,3.0297,29.3142,1.0,14.457799237510912,14.457799237510912,A,A,E,E,E,,,
Hungary,348,2020,goats,3060.0,29000.0,47000.0,47000.0,0.235,0.0061,0.2410999999999999,0.6170212765957447,78.79084967320257,48.61563064942286,A,A,A,E,E,,,
Hungary,348,2021,goats,3190.0,32600.0,45600.0,45600.0,0.228,0.0059,0.2339,0.7149122807017544,73.32288401253918,52.41943023703459,A,A,A,E,E,,,
Hungary,348,2022,goats,3060.0,28400.0,41000.0,41000.0,0.205,0.0053,0.2103,0.6926829268292682,68.72549019607843,47.60497369679578,A,A,A,E,E,,,
Hungary,348,2023,goats,2930.0,22100.0,31300.0,31300.0,0.1565,0.0041,0.1606,0.7060702875399361,54.81228668941979,38.70132702352005,A,A,A,E,E,,,
Hungary,348,2020,sheep,1610.0,17000.0,944000.0,944000.0,7.552,0.1794,7.7314,0.0180084745762711,4802.111801242236,86.47870828508263,A,A,A,E,E,,,
Hungary,348,2021,sheep,1580.0,18800.0,887000.0,887000.0,7.096,0.1685,7.2645,0.02119503945885,4597.784810126582,97.45023047393433,A,A,A,E,E,,,
Hungary,348,2022,sheep,1500.0,17200.0,871700.0,871700.0,6.9736,0.1656,7.139200000000001,0.0197315590225995,4759.466666666667,93.91169744942832,A,A,A,E,E,,,
Hungary,348,2023,sheep,1610.0,18400.0,907100.0,907100.0,7.2568,0.1723,7.4291,0.0202844228861206,4614.347826086956,93.59938264799912,A,A,A,E,E,,,
Iceland,352,2020,cattle,155495.0,25763.0,80643.0,25763.0,3.0143,0.541,3.5553,1.0,22.864400784591144,22.864400784591144,A,A,E,E,E,,,
Iceland,352,2021,cattle,153294.0,25772.0,80563.0,25772.0,3.0153,0.5412,3.5565,1.0,23.200516654272185,23.200516654272185,A,A,E,E,E,,,
Iceland,352,2022,cattle,152405.0,25719.0,79306.0,25719.0,3.0091,0.5401,3.5492,1.0,23.28794987041108,23.28794987041108,A,A,E,E,E,,,
Iceland,352,2023,cattle,155975.0,25860.0,78732.0,28758.0,3.3647,0.6039,3.9686,1.0,25.443821125180317,25.443821125180317,A,A,E,E,E,,,
India,356,2020,buffalo,95391341.85,44263624.0,109668844.0,109665841.0,6031.6213,548.3292,6579.9505,0.4036116583849466,68.97848769489765,27.84052181142328,A,A,I,E,E,,,
India,356,2021,buffalo,99626360.0,45810140.0,111450919.0,111436558.0,6129.0107,557.1828,6686.193499999999,0.4110342060077585,67.11269487312393,27.585613250215456,A,A,I,E,E,,,
India,356,2022,buffalo,103299834.0,46686160.0,111749635.0,111737493.0,6145.5621,558.6875,6704.2496,0.4177746083913383,64.90087486491025,27.113937580943134,A,A,I,E,E,,,
India,356,2023,buffalo,104388290.0,48165960.0,112063575.0,112049996.0,6162.7498,560.25,6722.9998,0.4298092399782891,64.40377364166038,27.68133700065582,A,A,I,E,E,,,
India,356,2020,camel,7045.92,46989.0,224033.0,223859.0,10.2975,0.4537,10.7512,0.2097414220226484,1525.875967936054,320.03939534509306,I,E,I,E,E,,,
India,356,2021,camel,8000.0,47488.0,219568.0,219662.0,10.1045,0.4452,10.5497,0.2162792392334037,1318.7125,285.21013626758,E,E,I,E,E,,,
India,356,2022,camel,8000.0,47256.0,202740.0,202888.0,9.3328,0.4112,9.744,0.2330867120449837,1218.0,283.8996152707901,E,E,I,E,E,,,
India,356,2023,camel,7929.23,47244.0,188890.0,189066.0,8.697,0.3832,9.0802,0.2501138228598655,1145.1553303410294,286.4191774399471,E,E,I,E,E,,,
India,356,2020,cattle,108306663.52,57585529.0,194939240.0,57585529.0,3339.9607,287.9276,3627.8883,1.0,33.49644594425228,33.49644594425228,A,A,E,E,E,,,
India,356,2021,cattle,115839640.0,59614630.0,193442970.0,59614630.0,3457.6485,298.0731,3755.7216,1.0,32.421730592394795,32.421730592394795,A,A,E,E,E,,,
India,356,2022,cattle,119677594.0,60562270.0,194202718.0,60562270.0,3512.6117,302.8114,3815.4231,1.0,31.880847303798568,31.880847303798568,A,A,E,E,E,,,
India,356,2023,cattle,127105138.0,63596100.0,194539444.0,63596170.0,3688.5779,317.9808,4006.5587,1.0,31.52161087303961,31.52161087303961,A,A,E,E,E,,,
India,356,2020,goats,6261874.41,36320884.0,153360000.0,150429576.0,752.1479,26.8252,778.9731,0.2368341418883672,124.3993489802361,29.46201306720575,A,A,I,E,E,,,
India,356,2021,goats,6602560.0,39585710.0,160000000.0,151725289.0,758.6264,27.0562,785.6826,0.2474106875,118.99666190083846,29.4410459310915,A,A,I,E,E,,,
India,356,2022,goats,7599602.0,41928260.0,177300000.0,153010367.0,765.0518,27.2854,792.3371999999999,0.2364820078962211,104.26035468699544,24.65569802035287,A,A,I,E,E,,,
India,356,2023,goats,7805560.0,44011200.0,194250000.0,154262149.0,771.3107,27.5086,798.8193,0.2265698841698841,102.33978087414611,23.18711229862661,A,A,I,E,E,,,
Indonesia,360,2020,buffalo,91233.29,121744.0,1154226.0,1154226.0,63.4824,2.3085,65.7909,0.1054767437226331,721.1282197539955,76.06225642615088,I,I,A,E,E,,,
Indonesia,360,2021,buffalo,90716.53,120922.0,1143189.0,1143189.0,62.8754,2.2864,65.1618,0.1057760352837544,718.30128423122,75.9790619852077,I,I,A,E,E,,,
Indonesia,360,2022,buffalo,87795.06,116557.0,1088483.0,1170209.0,64.3615,2.3404,66.70190000000001,0.1070820582406891,759.7454799848648,81.35510973583959,I,I,A,E,E,,,
Indonesia,360,2023,buffalo,84000.0,110950.0,1016596.0,1016596.0,55.9128,2.0332,57.946,0.109138733577547,689.8333333333333,75.28753637957784,E,I,I,E,E,,,
Indonesia,360,2020,cattle,946913.0,568000.0,17440393.0,568000.0,38.624,15.4845,54.10850000000001,1.0,57.1419972056567,57.1419972056567,A,A,E,E,E,,,
Indonesia,360,2021,cattle,946388.0,582169.0,17977214.0,582169.0,39.5875,15.8707,55.4582,1.0,58.59985545040723,58.59985545040723,A,A,E,E,E,,,
Indonesia,360,2022,cattle,968980.0,592897.0,17602538.0,592897.0,40.317,16.1632,56.4802,1.0,58.288303164152,58.288303164152,A,A,E,E,E,,,
Indonesia,360,2023,cattle,787374.38,464021.0,17567755.0,557532.0,37.9122,15.1991,53.1113,1.0,67.45368067475093,67.45368067475093,A,A,E,E,E,,,
Indonesia,360,2020,goats,359345.22,7318280.0,18689711.0,18689711.0,93.4486,3.7666,97.2152,0.391567317440061,270.53427898665245,105.93238189838456,I,I,A,E,E,,,
Indonesia,360,2021,goats,362379.81,7396087.0,18904347.0,18904347.0,94.5217,3.8099,98.3316,0.391237369902277,271.3495544909083,106.16208602317757,I,I,A,E,E,,,
Indonesia,360,2022,goats,358295.83,7281758.0,18560835.0,19397960.0,96.9898,3.9094,100.8992,0.3923184490352939,281.6086360815307,110.48026334245064,I,I,A,E,E,,,
Indonesia,360,2023,goats,356691.91,7234522.0,18412609.0,19645537.0,98.2277,3.9592,102.1869,0.3929112924735435,286.4850509225174,112.56321163231526,I,I,I,E,E,,,
Indonesia,360,2020,sheep,161082.55,6181951.0,17523689.0,17523689.0,87.6184,3.1811,90.7995,0.3527768040165515,563.6830308435023,198.854298099334,I,I,A,E,E,,,
Indonesia,360,2021,sheep,150202.49,5600044.0,15636251.0,15636251.0,78.1813,2.8385,81.01979999999999,0.3581449287300389,539.4038407752095,193.18475011114663,I,I,A,E,E,,,
Indonesia,360,2022,sheep,140748.64,5108130.0,14063214.0,15615300.0,78.0765,2.8347,80.9112,0.3632263577870606,574.8631034729713,208.8054313006535,I,I,A,E,E,,,
Indonesia,360,2023,sheep,145000.0,5376000.0,14800000.0,15524842.0,77.6242,2.8183,80.4425,0.3632432432432432,554.7758620689655,201.5185834109972,E,E,I,E,E,,,
Iran (Islamic Republic of),364,2020,buffalo,108003.25,68699.0,171156.0,171156.0,9.4136,0.8558,10.2694,0.4013823646264227,95.08417570767546,38.16511128410103,I,I,A,E,E,,,
Iran (Islamic Republic of),364,2021,buffalo,122512.22,78268.0,200000.0,200000.0,11.0,1.0,12.0,0.39134,97.94941271980868,38.33152317376993,I,I,E,E,E,,,
Iran (Islamic Republic of),364,2022,buffalo,117678.19,75032.0,190000.0,190000.0,10.45,0.95,11.4,0.3949052631578947,96.87436558974947,38.25619683647412,I,I,E,E,E,,,
Iran (Islamic Republic of),364,2023,buffalo,102601.86,65050.0,160000.0,160000.0,8.8,0.8,9.6,0.4065625,93.56555524432012,38.0402460540189,I,I,E,E,E,,,
Iran (Islamic Republic of),364,2020,cattle,7508993.0,2038571.0,5323974.0,2038571.0,118.2371,10.1929,128.43,1.0,17.103491773131232,17.103491773131232,A,A,E,E,E,,,
Iran (Islamic Republic of),364,2021,cattle,7957000.0,2265000.0,5628000.0,2265000.0,131.37,11.325,142.695,1.0,17.93326630639688,17.93326630639688,A,A,E,E,E,,,
Iran (Islamic Republic of),364,2022,cattle,7497000.0,2219000.0,5625000.0,2219000.0,128.702,11.095,139.797,1.0,18.64705882352941,18.64705882352941,A,A,E,E,E,,,
Iran (Islamic Republic of),364,2023,cattle,7654331.0,2018440.0,5549436.0,2000961.0,116.0557,10.0048,126.0605,1.0,16.469172812098147,16.469172812098147,E,I,E,E,E,,,
Iran (Islamic Republic of),364,2020,goats,350831.0,7048013.0,16663721.0,16663721.0,83.3186,2.8328,86.15140000000001,0.4229555331609309,245.5638184767025,103.86257576884776,A,A,A,E,E,,,
Iran (Islamic Republic of),364,2021,goats,320374.7,6593361.0,18267000.0,18267000.0,91.335,3.1054,94.4404,0.360943833141731,294.7810797793958,106.39941287323352,I,I,A,E,E,,,
Iran (Islamic Republic of),364,2022,goats,321125.97,6610171.0,18309000.0,18309000.0,91.545,3.1125,94.6575,0.3610339723633186,294.76750198683715,106.4210821659202,I,I,A,E,E,,,
Iran (Islamic Republic of),364,2023,goats,322154.61,6634565.0,18374995.0,18421686.0,92.1084,3.1317,95.2401,0.3610648601537034,295.6347574849232,106.74332236786782,I,I,I,E,E,,,
Iran (Islamic Republic of),364,2020,sheep,376202.0,11371807.0,46587010.0,46587010.0,232.935,6.9881,239.9231,0.2440982368261023,637.7507296611926,155.6738286448574,A,A,A,E,E,,,
Iran (Islamic Republic of),364,2021,sheep,391370.89,12754882.0,53868000.0,53868000.0,269.34,8.0802,277.4202,0.236780314843692,708.8421931431845,167.83987766693636,I,E,A,E,E,,,
Iran (Islamic Republic of),364,2022,sheep,399506.63,12588999.0,55582000.0,55582000.0,277.91,8.3373,286.24730000000005,0.2264941707747112,716.5020014811771,162.2835266839001,I,E,A,E,E,,,
Iran (Islamic Republic of),364,2023,sheep,398106.25,12238563.0,55202107.0,52012337.0,260.0617,7.8019,267.8636,0.2217046352958954,672.8444981710286,149.17274407785771,I,E,E,E,E,,,
Iraq,368,2020,buffalo,37737.0,63580.0,233453.0,233453.0,12.8399,1.1673,14.0072,0.2723460396739386,371.1794790258897,101.08926112093684,A,I,A,E,E,,,
Iraq,368,2021,buffalo,39393.09,65521.0,242161.0,242161.0,13.3189,1.2108,14.5297,0.2705679279487614,368.83879888579446,99.79594956163932,A,I,A,E,E,,,
Iraq,368,2022,buffalo,40369.0,60641.0,251194.0,251194.0,13.8157,1.256,15.0717,0.2414110209638765,373.348361366395,90.13040909265176,A,E,A,E,E,,,
Iraq,368,2023,buffalo,43002.0,60307.0,260564.0,260564.0,14.331,1.3028,15.6338,0.2314479360157197,363.55983442630577,84.14517329618529,A,E,A,E,E,,,
Iraq,368,2020,camel,353.0,5817.0,98488.0,98488.0,4.5304,0.1891,4.7195,0.0590630330598651,13369.68838526912,789.6543470992453,A,E,A,E,E,,,
Iraq,368,2021,camel,372.1,6056.0,106361.0,106361.0,4.8926,0.2042,5.0968,0.0569381634245635,13697.393173877988,779.9044110247656,A,E,A,E,E,,,
Iraq,368,2022,camel,411.0,5808.0,114863.0,114863.0,5.2837,0.2205,5.5042,0.0505645856368021,13392.21411192214,677.1717573286768,A,E,A,E,E,,,
Iraq,368,2023,camel,431.0,5894.0,124045.0,124045.0,5.7061,0.2382,5.9443,0.0475150147124027,13791.879350348028,655.3213502434703,A,E,A,E,E,,,
Iraq,368,2020,cattle,223097.0,414280.0,2019660.0,414181.0,19.0523,0.8284,19.8807,1.0,89.11235919801702,89.11235919801702,A,I,E,E,E,,,
Iraq,368,2021,cattle,228107.0,421484.0,2061427.0,421368.0,19.3829,0.8427,20.2256,1.0,88.66716058691755,88.66716058691755,A,I,E,E,E,,,
Iraq,368,2022,cattle,232493.0,428813.0,2104057.0,428679.0,19.7192,0.8574,20.5766,1.0,88.50417001802205,88.50417001802205,A,I,E,E,E,,,
Iraq,368,2023,cattle,237507.0,436269.0,2147569.0,436118.0,20.0614,0.8722,20.9336,1.0,88.13887590681537,88.13887590681537,A,I,E,E,E,,,
Iraq,368,2020,goats,21994.0,712606.0,1352388.0,1352388.0,6.7619,0.2299,6.9918,0.5269242258878369,317.89578976084385,167.50699293273522,A,I,A,E,E,,,
Iraq,368,2021,goats,22378.79,724083.0,1376393.0,1376393.0,6.882,0.234,7.116,0.5260728585513004,317.9796584176356,167.28046786493164,A,I,A,E,E,,,
Iraq,368,2022,goats,22764.0,735745.0,1400824.0,1400824.0,7.0041,0.2381,7.2422,0.5252230115988875,318.14268142681425,167.09585725713683,A,I,A,E,E,,,
Iraq,368,2023,goats,23149.0,747595.0,1425689.0,1425689.0,7.1284,0.2424,7.3708,0.52437453049017,318.40684262819127,166.96443860801526,A,I,A,E,E,,,
Iraq,368,2020,sheep,58069.0,3247450.0,6723866.0,6723866.0,33.6193,1.0086,34.627900000000004,0.4829736345132399,596.3233394754517,288.0084506115315,A,I,A,E,E,,,
Iraq,368,2021,sheep,58344.44,3262130.0,6754123.0,6754123.0,33.7706,1.0131,34.7837,0.4829835050383299,596.1784876159579,287.9443755772059,A,I,A,E,E,,,
Iraq,368,2022,sheep,58592.0,3276876.0,6784517.0,6784517.0,33.9226,1.0177,34.9403,0.4829932624533183,596.3322637902786,288.0244655942396,A,I,A,E,E,,,
Iraq,368,2023,sheep,58868.0,3291689.0,6815047.0,6815047.0,34.0752,1.0223,35.097500000000004,0.4830031252902584,596.2067676836313,287.969732110397,A,I,A,E,E,,,
Ireland,372,2020,cattle,8561470.0,1456050.0,6529440.0,1456050.0,170.3579,30.577,200.9349,1.0,23.469672848237508,23.469672848237508,A,A,E,E,E,,,
Ireland,372,2021,cattle,9039990.0,1505270.0,6649310.0,1505270.0,176.1166,31.6107,207.7273,1.0,22.97870904724452,22.97870904724452,A,A,E,E,E,,,
Ireland,372,2022,cattle,9108280.0,1510310.0,6551830.0,1510310.0,176.7063,31.7165,208.4228,1.0,22.8827835771408,22.8827835771408,A,A,E,E,E,,,
Ireland,372,2023,cattle,8730710.0,1510860.0,6525960.0,1510860.0,176.7706,31.7281,208.4987,1.0,23.881070382592025,23.881070382592025,A,A,E,E,E,,,
Israel,376,2020,cattle,1610003.0,123079.0,525900.0,123079.0,5.6616,0.2462,5.9078,1.0,3.66943415633387,3.66943415633387,A,A,E,E,E,,,
Israel,376,2021,cattle,1630222.0,120000.0,555196.0,120000.0,5.52,0.24,5.76,1.0,3.533261114130468,3.533261114130468,A,A,E,E,E,,,
Israel,376,2022,cattle,1647175.0,120382.0,581535.0,120382.0,5.5376,0.2408,5.7784,1.0,3.5080668417138434,3.5080668417138434,A,A,E,E,E,,,
Israel,376,2023,cattle,1646401.0,115882.0,580059.0,115882.0,5.3306,0.2318,5.562399999999999,1.0,3.3785207856409216,3.3785207856409216,A,A,E,E,E,,,
Israel,376,2020,goats,25234.0,90838.0,116293.0,116293.0,0.5815,0.0198,0.6013000000000001,0.7811132226359282,23.82896092573512,18.61311646076657,A,I,A,E,E,,,
Israel,376,2021,goats,25802.0,90684.0,116000.0,116000.0,0.58,0.0197,0.5997,0.7817586206896552,23.242384311293694,18.169934300735843,A,I,A,E,E,,,
Israel,376,2022,goats,27951.0,110216.0,144500.0,144500.0,0.7225,0.0246,0.7471,0.7627404844290657,26.728918464455653,20.387228217843905,A,I,A,E,E,,,
Israel,376,2023,goats,19916.0,89483.0,114127.0,114127.0,0.5706,0.0194,0.59,0.7840651204360055,29.62442257481422,23.22747645396883,A,I,A,E,E,,,
Israel,376,2020,sheep,18565.0,227362.0,500000.0,500000.0,2.5,0.075,2.575,0.454724,138.70185833557773,63.07106382978725,A,I,A,E,E,,,
Israel,376,2021,sheep,19565.0,235260.0,520000.0,520000.0,2.6,0.078,2.678,0.4524230769230769,136.87707641196013,61.92634807053412,A,I,A,E,E,,,
Israel,376,2022,sheep,19738.0,246977.0,550000.0,550000.0,2.75,0.0825,2.8325,0.4490490909090909,143.5049143783565,64.4407513425879,A,I,A,E,E,,,
Israel,376,2023,sheep,20982.0,227730.0,500000.0,500000.0,2.5,0.075,2.575,0.45546,122.7242398246116,55.89598227051759,A,I,A,E,E,,,
Italy,380,2020,cattle,12712480.0,1871270.0,6400040.0,1871270.0,218.9386,47.7493,266.6879,1.0,20.97843221778913,20.97843221778913,A,A,E,E,E,,,
Italy,380,2021,cattle,13202450.0,1844370.0,6280280.0,1844370.0,215.7913,47.0629,262.8542,1.0,19.90950164552791,19.90950164552791,A,A,E,E,E,,,
Italy,380,2022,cattle,13181870.0,1865000.0,6049000.0,1865000.0,218.205,47.5893,265.7943,1.0,20.16362625333128,20.16362625333128,A,A,E,E,E,,,
Italy,380,2023,cattle,13058970.0,1808000.0,5999000.0,1808000.0,211.536,46.1348,257.6708,1.0,19.7313264369242,19.7313264369242,A,A,E,E,E,,,
Italy,380,2020,goats,61240.0,826390.0,1065710.0,1065710.0,5.3285,0.1385,5.467,0.7754360942470278,89.27171783148269,69.22451220196768,A,A,A,E,E,,,
Italy,380,2021,goats,60960.0,824250.0,1060750.0,1060750.0,5.3037,0.1379,5.4416,0.777044543954749,89.26509186351706,69.36295259816538,A,A,A,E,E,,,
Italy,380,2022,goats,59970.0,887000.0,1010000.0,1010000.0,5.05,0.1313,5.1813,0.8782178217821782,86.39819909954977,75.87643821910955,A,A,A,E,E,,,
Italy,380,2023,goats,57660.0,866000.0,980000.0,980000.0,4.9,0.1274,5.0274,0.8836734693877552,87.1904266389178,77.04786680541103,A,A,A,E,E,,,
Italy,380,2020,sheep,481970.0,4851240.0,7034160.0,7034160.0,56.2733,1.3365,57.6098,0.6896687024463476,119.52984625599105,82.43599397098076,A,A,A,E,E,,,
Italy,380,2021,sheep,477100.0,4593320.0,6728350.0,6728350.0,53.8268,1.2784,55.1052,0.6826814895182326,115.50031439949696,78.84992667407276,A,A,A,E,E,,,
Italy,380,2022,sheep,475400.0,4659000.0,6568000.0,6568000.0,52.544,1.2479,53.7919,0.7093483556638246,113.15082036180058,80.26334836565604,A,A,A,E,E,,,
Italy,380,2023,sheep,471290.0,4466000.0,6497000.0,6497000.0,51.976,1.2344,53.2104,0.6873941819301216,112.90373230919391,77.6093687075358,A,A,A,E,E,,,
Jamaica,388,2020,cattle,12205.0,5523.0,160000.0,5523.0,0.3977,0.0073,0.4049999999999999,1.0,33.18312167144612,33.18312167144612,A,A,E,E,E,,,
Jamaica,388,2021,cattle,11800.0,6400.0,158671.0,6400.0,0.4608,0.0085,0.4693,1.0,39.77118644067797,39.77118644067797,A,A,E,E,E,,,
Jamaica,388,2022,cattle,12399.0,4923.0,153880.0,4923.0,0.3545,0.0065,0.361,1.0,29.115251229937897,29.115251229937897,A,A,E,E,E,,,
Jamaica,388,2023,cattle,10394.0,3837.0,154090.0,3837.0,0.2763,0.0051,0.2814,1.0,27.073311525880317,27.073311525880317,A,A,E,E,E,,,
Jamaica,388,2020,goats,190120.89,531752.0,565749.0,571057.0,2.8553,0.1062,2.9615,0.9399079803941324,15.57693107790522,14.640881830172493,I,I,I,E,E,,,
Jamaica,388,2021,goats,193759.65,543380.0,578970.0,579020.0,2.8951,0.1077,3.0028,0.93852876660276,15.497550702635971,14.544897146308678,I,I,I,E,E,,,
Jamaica,388,2022,goats,196094.36,550757.0,587237.0,586568.0,2.9328,0.1091,3.0419,0.9378785737274729,15.512429832250149,14.548775566118271,I,I,I,E,E,,,
Jamaica,388,2023,goats,198298.23,557711.0,595011.0,594116.0,2.9706,0.1105,3.0811,0.9373120833060228,15.53770802694507,14.563681480536598,I,I,I,E,E,,,
Japan,392,2020,cattle,7438218.0,838900.0,3907000.0,838900.0,57.0452,8.34,65.3852,1.0,8.79043878520366,8.79043878520366,A,A,E,E,E,,,
Japan,392,2021,cattle,7592061.0,849300.0,3961000.0,849300.0,57.7524,8.4434,66.1958,1.0,8.71908168282631,8.71908168282631,A,A,E,E,E,,,
Japan,392,2022,cattle,7617473.0,861700.0,3985000.0,861700.0,58.5956,8.5667,67.1623,1.0,8.816874047338272,8.816874047338272,A,A,E,E,E,,,
Japan,392,2023,cattle,7298933.0,836600.0,4043000.0,836600.0,56.8888,8.3171,65.2059,1.0,8.933620845677032,8.933620845677032,A,A,E,E,E,,,
Jordan,400,2020,cattle,299819.0,43304.0,77888.0,43304.0,1.992,0.0866,2.0786,1.0,6.932849485856466,6.932849485856466,A,A,E,E,E,,,
Jordan,400,2021,cattle,309072.0,44531.0,78477.0,44531.0,2.0484,0.0891,2.1375,1.0,6.915864264637367,6.915864264637367,A,A,E,E,E,,,
Jordan,400,2022,cattle,408059.0,47678.0,81466.0,47678.0,2.1932,0.0954,2.2886,1.0,5.608502692012674,5.608502692012674,A,A,E,E,E,,,
Jordan,400,2023,cattle,485599.96,48067.0,90296.0,45799.0,2.1068,0.0916,2.1984,1.0,4.527183239471436,4.527183239471436,A,A,E,E,E,,,
Jordan,400,2020,goats,9264.0,527109.0,762752.0,762752.0,3.8138,0.1297,3.9435,0.6910621014431951,425.6800518134715,294.1713511486658,A,A,A,E,E,,,
Jordan,400,2021,goats,11910.0,561035.0,803940.0,803940.0,4.0197,0.1367,4.1564000000000005,0.6978568052342214,348.9840470193116,243.5408921306061,A,A,A,E,E,,,
Jordan,400,2022,goats,13744.0,518526.0,733210.0,733210.0,3.666,0.1246,3.7906,0.707199847247037,275.8003492433062,195.0459648555456,A,A,A,E,E,,,
Jordan,400,2023,goats,33530.0,678473.0,908328.0,766634.0,3.8332,0.1303,3.9635,0.7469471380382416,118.20757530569638,88.29481006902984,A,A,E,E,E,,,
Jordan,400,2020,sheep,101092.0,2232857.0,3002286.0,3002286.0,15.0114,0.4503,15.4617,0.7437189528246143,152.94682071776202,113.749449342068,A,A,A,E,E,,,
Jordan,400,2021,sheep,104676.0,2289723.0,3085261.0,3085261.0,15.4263,0.4628,15.8891,0.7421488814074401,151.79315220298824,112.653118112757,A,A,A,E,E,,,
Jordan,400,2022,sheep,97079.7,2209501.0,2961717.0,2961717.0,14.8086,0.4443,15.2529,0.7460202983607144,157.11729640697283,117.21269234315866,A,A,A,E,E,,,
Jordan,400,2023,sheep,123571.0,2602868.0,3471584.0,2934462.0,14.6723,0.4402,15.1125,0.7497637965839224,122.29811201657348,91.69469678059195,A,A,I,E,E,,,
Kazakhstan,398,2020,camel,16952.21,92600.0,227703.0,227703.0,10.4743,0.2915,10.7658,0.406670092181482,635.0676401483937,258.26301576062355,A,E,A,E,E,,,
Kazakhstan,398,2021,camel,17727.22,96900.0,243365.0,243365.0,11.1948,0.3115,11.5063,0.3981673617816859,649.0752639161695,258.4405854312528,A,E,A,E,E,,,
Kazakhstan,398,2022,camel,17169.2,93800.0,253742.0,253742.0,11.6721,0.3248,11.9969,0.3696668269344452,698.7454278591897,258.303005151658,A,E,A,E,E,,,
Kazakhstan,398,2023,camel,18168.2,99300.0,264936.0,264936.0,12.1871,0.3391,12.5262,0.3748075006794094,689.4574035952928,258.41380626646657,A,E,A,E,E,,,
Kazakhstan,398,2020,cattle,3143228.71,1237000.0,6486000.0,1237000.0,84.116,11.133,95.249,1.0,30.30291741004109,30.30291741004109,A,E,E,E,E,,,
Kazakhstan,398,2021,cattle,3245035.92,1277000.0,6704000.0,1277000.0,86.836,11.493,98.329,1.0,30.30135949928098,30.30135949928098,A,E,E,E,E,,,
Kazakhstan,398,2022,cattle,3308439.8,1302000.0,6536282.0,1302000.0,88.536,11.718,100.254,1.0,30.302500894832665,30.302500894832665,A,E,E,E,E,,,
Kazakhstan,398,2023,cattle,3420415.6,1345352.0,6616836.0,1345352.0,91.4839,12.1082,103.5921,1.0,30.28640730091396,30.28640730091396,A,A,E,E,E,,,
Kazakhstan,398,2020,goats,1157.38,24200.0,1814000.0,1814000.0,9.07,0.1995,9.2695,0.013340683572216,8009.037654011647,106.84603706013333,A,E,E,E,E,,,
Kazakhstan,398,2021,goats,1114.99,23300.0,1893000.0,1893000.0,9.465,0.2082,9.6732,0.0123085050184891,8675.593503080745,106.7835861710414,A,E,E,E,E,,,
Kazakhstan,398,2022,goats,1206.3,25200.0,1883956.0,1883956.0,9.4198,0.2072,9.627,0.0133761085715377,7980.601840338225,106.7493966825782,A,E,A,E,E,,,
Kazakhstan,398,2023,goats,1294.6,27100.0,1705701.0,1705701.0,8.5285,0.1876,8.716099999999999,0.0158878959442481,6732.658736289201,106.967781430296,A,E,A,E,E,,,
Kenya,404,2020,camel,1074325.28,1642815.0,4669739.0,4669739.0,214.808,8.9659,223.7739,0.3518001755558501,208.2925015038276,73.27733859601372,I,I,A,E,E,,,
Kenya,404,2021,camel,1031414.43,1570132.0,4427881.0,4427881.0,203.6825,8.5015,212.184,0.3546012189577814,205.72138010518236,72.94905215097474,I,I,A,E,E,,,
Kenya,404,2022,camel,850228.57,1269279.0,3456483.0,3456483.0,158.9982,6.6364,165.6346,0.3672169080536487,194.81184924190447,71.53820493082571,I,I,A,E,E,,,
Kenya,404,2023,camel,1006991.58,1527901.0,4284497.0,4284497.0,197.0869,8.2262,205.3131,0.3566115228928856,203.88760350905812,72.70866878634608,I,I,A,E,E,,,
Kenya,404,2020,cattle,4169560.0,5112340.0,26765935.0,5112340.0,235.1676,5.1123,240.2799,1.0,57.62715970030411,57.62715970030411,A,A,E,E,E,,,
Kenya,404,2021,cattle,4780090.0,5017991.0,22853225.0,5017991.0,230.8276,5.018,235.8456,1.0,49.33915470210812,49.33915470210812,A,A,E,E,E,,,
Kenya,404,2022,cattle,4742430.0,4915833.0,20830134.0,4915833.0,226.1283,4.9158,231.0441,1.0,48.718505070185536,48.718505070185536,A,E,E,E,E,,,
Kenya,404,2023,cattle,4705660.0,5015388.0,21882008.0,5015388.0,230.7078,5.0154,235.7232,1.0,50.09354692009197,50.09354692009197,A,E,E,E,E,,,
Kenya,404,2020,goats,267312.97,5131898.0,36021177.0,36021177.0,180.1059,6.1236,186.2295,0.1424689148830422,696.6721442659517,99.25412442281242,I,I,A,E,E,,,
Kenya,404,2021,goats,251302.29,4725120.0,32570314.0,32570314.0,162.8516,5.537,168.3886,0.1450744380296733,670.0639297795495,97.2091480567226,I,I,A,E,E,,,
Kenya,404,2022,goats,241739.53,4485320.0,30558620.0,30558620.0,152.7931,5.195,157.9881,0.146777570453116,653.5468154504974,95.926013749195,I,I,A,E,E,,,
Kenya,404,2023,goats,263183.58,5018368.0,34989347.0,34989347.0,174.9467,5.9482,180.8949,0.143425597511151,687.3335334977965,98.5812227313722,I,I,A,E,E,,,
Kenya,404,2020,sheep,96851.3,3169216.0,25345927.0,25345927.0,126.7296,3.8019,130.5315,0.1250384726508523,1347.7516564052314,168.5208086295665,I,I,A,E,E,,,
Kenya,404,2021,sheep,95721.75,3115373.0,24801605.0,24801605.0,124.008,3.7202,127.7282,0.1256117497234554,1334.3696704249558,167.61250907998922,I,I,A,E,E,,,
Kenya,404,2022,sheep,87815.84,2757285.0,21333288.0,21333288.0,106.6664,3.2,109.8664,0.1292480090270192,1251.1000293341156,161.70218788507975,I,I,A,E,E,,,
Kenya,404,2023,sheep,92269.72,2954645.0,23208541.0,23208541.0,116.0427,3.4813,119.524,0.1273085197384876,1295.3762079260673,164.91242753552302,I,I,A,E,E,,,
Kuwait,414,2020,cattle,51555.63,9593.0,31480.0,9585.0,0.4409,0.0192,0.4601,1.0,8.924340561835827,8.924340561835827,I,I,E,E,E,,,
Kuwait,414,2021,cattle,52011.71,9668.0,31770.0,9659.0,0.4443,0.0193,0.4635999999999999,1.0,8.91337739136052,8.91337739136052,I,I,E,E,E,,,
Kuwait,414,2022,cattle,53672.45,9947.0,32928.0,9842.0,0.4527,0.0197,0.4724,1.0,8.80153598354463,8.80153598354463,I,I,E,E,E,,,
Kuwait,414,2023,cattle,52398.46,9726.0,31972.0,10078.0,0.4636,0.0202,0.4838,1.0,9.233095781822596,9.233095781822596,I,I,E,E,E,,,
Kuwait,414,2020,goats,6031.33,34853.0,214260.0,214260.0,1.0713,0.0395,1.1108,0.162666853355736,184.1716503656739,29.958622842316966,E,E,A,E,E,,,
Kuwait,414,2021,goats,6085.44,38478.0,219760.0,219760.0,1.0988,0.0405,1.1393,0.1750910083727703,187.2173581532313,32.780076023935365,E,E,A,E,E,,,
Kuwait,414,2022,goats,6169.93,40159.0,223115.0,223115.0,1.1156,0.0412,1.1567999999999998,0.1799923806108957,187.4899715231777,33.746766315125804,E,E,E,E,E,,,
Kuwait,414,2023,goats,6095.57,37830.0,219045.0,219045.0,1.0952,0.0404,1.1356,0.1727042388550297,186.29923042471827,32.174666789778776,E,E,E,E,E,,,
Kuwait,414,2020,sheep,294.49,1411.0,725700.0,725700.0,3.6285,0.1194,3.7479,0.0019443296127876,12726.747937111615,24.74499288861029,I,I,A,E,E,,,
Kuwait,414,2021,sheep,297.51,1432.0,748530.0,748530.0,3.7426,0.1231,3.8657,0.0019130829759662,12993.512823098385,24.857668179868387,I,I,A,E,E,,,
Kuwait,414,2022,sheep,299.65,1447.0,764424.0,765149.0,3.8257,0.1259,3.9516,0.0018929285318095,13187.38528282997,24.96277786183449,I,I,I,E,E,,,
Kuwait,414,2023,sheep,296.28,1422.0,734585.0,734585.0,3.6729,0.1208,3.7937,0.0019357868728601,12804.441744295937,24.78667024291106,I,I,E,E,E,,,
Kyrgyzstan,417,2020,cattle,1667973.0,855050.0,1715776.0,855050.0,58.1434,7.6955,65.8389,1.0,39.472401531679466,39.472401531679466,A,A,E,E,E,,,
Kyrgyzstan,417,2021,cattle,1698962.0,868820.0,1750467.0,868820.0,59.0798,7.8194,66.8992,1.0,39.37651342407893,39.37651342407893,A,A,E,E,E,,,
Kyrgyzstan,417,2022,cattle,1734143.0,885673.0,1783469.0,885673.0,60.2258,7.9711,68.1969,1.0,39.325995607052015,39.325995607052015,A,A,E,E,E,,,
Kyrgyzstan,417,2023,cattle,1777613.0,902244.0,1802299.0,902244.0,61.3526,8.1202,69.4728,1.0,39.08207241958739,39.08207241958739,A,A,E,E,E,,,
Kyrgyzstan,417,2020,goats,628.0,302892.0,770704.0,770704.0,3.8535,0.0848,3.9383,0.3930069131599161,6271.178343949045,2464.616442830729,A,E,A,E,E,,,
Kyrgyzstan,417,2021,goats,586.0,301727.0,742507.0,742507.0,3.7125,0.0817,3.7942,0.4063624989394039,6474.744027303754,2631.0931629281336,A,E,A,E,E,,,
Kyrgyzstan,417,2022,goats,548.0,302157.0,685368.0,685368.0,3.4268,0.0754,3.5022,0.4408682634730539,6390.875912408759,2817.534365575418,A,E,A,E,E,,,
Kyrgyzstan,417,2023,goats,648.0,302259.0,662917.0,662917.0,3.3146,0.0729,3.3875,0.4559530076917623,5227.623456790124,2383.5506382034646,A,E,A,E,E,,,
Lao People's Democratic Republic,418,2020,cattle,8359.06,45841.0,2188000.0,45791.0,3.1138,1.0823,4.1961,1.0,501.9822803042448,501.9822803042448,I,I,E,E,E,,,
Lao People's Democratic Republic,418,2021,cattle,8576.85,47390.0,2299000.0,47333.0,3.2186,1.1187,4.3373,1.0,505.6984790453371,505.6984790453371,I,I,E,E,E,,,
Lao People's Democratic Republic,418,2022,cattle,8822.96,49157.0,2428000.0,49091.0,3.3382,1.1603,4.4985,1.0,509.86290315268354,509.86290315268354,I,I,E,E,E,,,
Lao People's Democratic Republic,418,2023,cattle,9070.36,50947.0,2561000.0,50633.0,3.443,1.1967,4.6397,1.0,511.523247147853,511.523247147853,I,I,E,E,E,,,
Latvia,428,2020,cattle,988200.0,136040.0,398990.0,136040.0,15.9167,2.8568,18.7735,1.0,18.9976725359239,18.9976725359239,A,A,E,E,E,,,
Latvia,428,2021,cattle,990310.0,131200.0,393470.0,131200.0,15.3504,2.7552,18.1056,1.0,18.282759943855964,18.282759943855964,A,A,E,E,E,,,
Latvia,428,2022,cattle,973810.0,127760.0,391350.0,127760.0,14.9479,2.683,17.6309,1.0,18.10507183126072,18.10507183126072,A,A,E,E,E,,,
Latvia,428,2023,cattle,962180.0,119040.0,368060.0,119040.0,13.9277,2.4998,16.4275,1.0,17.073208755118582,17.073208755118582,A,A,E,E,E,,,
Latvia,428,2020,goats,1900.0,7920.0,11480.0,11480.0,0.0574,0.0015,0.0589,0.6898954703832753,31.0,21.38675958188153,A,A,A,E,E,,,
Latvia,428,2021,goats,1910.0,7930.0,11400.0,11400.0,0.057,0.0015,0.0585,0.6956140350877194,30.628272251308903,21.30545604849821,A,A,A,E,E,,,
Latvia,428,2022,goats,1480.0,7940.0,11680.0,11680.0,0.0584,0.0015,0.0599,0.6797945205479452,40.472972972972975,27.51330525731211,A,A,A,E,E,,,
Latvia,428,2023,goats,1500.0,6940.0,10340.0,10340.0,0.0517,0.0013,0.053,0.6711798839458414,35.33333333333333,23.715022566086397,A,A,A,E,E,,,
Lebanon,422,2020,cattle,245959.0,60000.0,88128.0,60000.0,2.76,0.12,2.88,1.0,11.709268617940388,11.709268617940388,X,E,E,E,E,Unofficial figure,,
Lebanon,422,2021,cattle,245457.0,62000.0,88663.0,62000.0,2.852,0.124,2.976,1.0,12.124323201212432,12.124323201212432,X,E,E,E,E,Unofficial figure,,
Lebanon,422,2022,cattle,201820.0,62000.0,80198.0,62000.0,2.852,0.124,2.976,1.0,14.745813100782875,14.745813100782875,X,E,E,E,E,Unofficial figure,,
Lebanon,422,2023,cattle,188761.0,61000.0,74602.0,61000.0,2.806,0.122,2.928,1.0,15.511678789580474,15.511678789580474,X,E,E,E,E,Unofficial figure,,
Lebanon,422,2020,goats,33589.0,221060.0,386292.0,534500.0,2.6725,0.0683,2.7408,0.5722613981133443,81.59814224895055,46.695466966836,X,I,A,E,E,Unofficial figure,,
Lebanon,422,2021,goats,21453.0,273542.0,347113.0,531290.0,2.6565,0.0679,2.7244,0.78804884864583,126.99389362793085,100.07739165854191,X,E,A,E,E,Unofficial figure,,
Lebanon,422,2022,goats,19951.0,266583.0,337626.0,525797.0,2.629,0.0672,2.6962,0.7895807787314958,135.14109568442686,106.70481156913736,X,E,I,E,E,Unofficial figure,,
Lebanon,422,2023,goats,21478.0,260447.0,363433.0,523669.0,2.6183,0.0669,2.6852,0.7166300253416723,125.02095167147776,89.59376776457111,X,E,I,E,E,Unofficial figure,,
Lebanon,422,2020,sheep,21993.0,240401.0,428235.0,431720.0,2.1586,0.0496,2.2082,0.5613763470991395,100.4046742145228,56.364809242227984,X,I,A,E,E,Unofficial figure,,
Lebanon,422,2021,sheep,12680.0,245101.0,437585.0,431290.0,2.1564,0.0495,2.2059,0.5601220334335043,173.96687697160883,97.4426808794138,X,I,A,E,E,Unofficial figure,,
Lebanon,422,2022,sheep,12069.0,239005.0,424856.0,439617.0,2.1981,0.0505,2.2486,0.5625553128589451,186.3120391084597,104.81082745004755,X,I,E,E,E,Unofficial figure,,
Lebanon,422,2023,sheep,12337.0,241713.0,430119.0,434209.0,2.171,0.0498,2.2208,0.5619677345106819,180.01134797762828,101.16056940920178,X,I,E,E,E,Unofficial figure,,
Lesotho,426,2020,cattle,133000.0,95000.0,330726.0,123333.0,5.6733,0.1233,5.796600000000001,1.0,43.58345864661655,43.58345864661655,E,E,E,E,E,,,
Lesotho,426,2021,cattle,120000.0,85000.0,288664.0,124444.0,5.7244,0.1244,5.8488,1.0,48.74,48.74,E,E,E,E,E,,,
Lesotho,426,2022,cattle,205000.0,150000.0,593664.0,113022.0,5.199,0.113,5.312,1.0,25.91219512195122,25.91219512195122,E,E,E,E,E,,,
Lesotho,426,2023,cattle,225000.0,165000.0,670022.0,124568.0,5.7301,0.1246,5.8547,1.0,26.02088888888889,26.02088888888889,E,E,E,E,E,,,
Liberia,430,2020,cattle,8207.31,6461.0,42269.0,6715.0,0.3089,0.0067,0.3156,1.0,38.45352496737664,38.45352496737664,I,I,E,E,E,,,
Liberia,430,2021,cattle,8299.25,6535.0,42917.0,6595.0,0.3034,0.0066,0.31,1.0,37.35277284091936,37.35277284091936,I,I,E,E,E,,,
Liberia,430,2022,cattle,8321.27,6551.0,43028.0,6668.0,0.3067,0.0067,0.3133999999999999,1.0,37.66252026433464,37.66252026433464,I,I,E,E,E,,,
Liberia,430,2023,cattle,8344.4,6568.0,43147.0,6754.0,0.3107,0.0068,0.3174999999999999,1.0,38.04947030343703,38.04947030343703,I,I,E,E,E,,,
Libya,434,2020,camel,2010.93,9476.0,52570.0,52570.0,2.4182,0.1009,2.5191000000000003,0.1802548982309302,1252.7039727887095,225.8060271285108,I,I,A,E,E,,,
Libya,434,2021,camel,2213.23,10786.0,62550.0,62550.0,2.8773,0.1201,2.9974,0.1724380495603517,1354.3102162902182,233.53461219674327,I,I,A,E,E,,,
Libya,434,2022,camel,2347.32,11676.0,69550.0,68431.0,3.1478,0.1314,3.2792000000000003,0.1678792235801581,1396.9974268527517,234.5268433635187,I,I,I,E,E,,,
Libya,434,2023,camel,2227.01,10865.0,63073.0,62852.0,2.8912,0.1207,3.0119,0.1722607137761007,1352.441165508911,232.97248051074652,I,I,I,E,E,,,
Libya,434,2020,cattle,145647.06,128208.0,218260.0,128162.0,5.8955,0.1282,6.0237,1.0,41.3581983735202,41.3581983735202,I,I,E,E,E,,,
Libya,434,2021,cattle,135559.57,118707.0,199610.0,118700.0,5.4602,0.1187,5.5789,1.0,41.15460088874581,41.15460088874581,I,I,E,E,E,,,
Libya,434,2022,cattle,144644.04,127151.0,215920.0,127114.0,5.8472,0.1271,5.9743,1.0,41.30346469858004,41.30346469858004,I,I,E,E,E,,,
Libya,434,2023,cattle,142232.14,124835.0,211263.0,124809.0,5.7412,0.1248,5.866,1.0,41.24243648446828,41.24243648446828,I,I,E,E,E,,,
Libya,434,2020,goats,20209.88,633426.0,2569370.0,2569370.0,12.8468,0.4368,13.2836,0.246529694049514,657.282477679234,162.03964812636812,I,I,A,E,E,,,
Libya,434,2021,goats,20523.23,647564.0,2636800.0,2636800.0,13.184,0.4483,13.6323,0.2455870752427184,664.2375493526117,163.12815701189876,I,I,A,E,E,,,
Libya,434,2022,goats,20696.61,655241.0,2672710.0,2675082.0,13.3754,0.4548,13.8302,0.2451597816448473,668.2350394581528,163.8243563609967,I,I,I,E,E,,,
Libya,434,2023,goats,20945.72,666492.0,2726245.0,2719322.0,13.5966,0.4623,14.0589,0.2444725253966536,671.2063371419076,164.0915083033199,I,I,I,E,E,,,
Libya,434,2020,sheep,60904.2,1965222.0,7453510.0,7453510.0,37.2675,1.118,38.3855,0.2636639650312403,630.2603104547799,166.17693245632773,I,I,A,E,E,,,
Libya,434,2021,sheep,60588.77,1949531.0,7378590.0,7378590.0,36.8929,1.1068,37.9997,0.2642145721608058,627.1739796005102,165.70850469053877,I,I,A,E,E,,,
Libya,434,2022,sheep,60616.09,1949600.0,7374199.0,7344519.0,36.7226,1.1017,37.8243,0.2643812568659999,623.997687742644,164.97329296687798,I,I,I,E,E,,,
Libya,434,2023,sheep,61289.71,1979382.0,7502613.0,7528420.0,37.6421,1.1293,38.7714,0.2638256831319968,632.5923225937927,166.89410165236387,I,I,I,E,E,,,
Lithuania,440,2020,cattle,1488000.0,232900.0,629500.0,232900.0,27.2493,4.8909,32.1402,1.0,21.59959677419355,21.59959677419355,A,A,E,E,E,,,
Lithuania,440,2021,cattle,1473280.0,225200.0,628700.0,225200.0,26.3484,4.7292,31.0776,1.0,21.094157254561253,21.094157254561253,A,A,E,E,E,,,
Lithuania,440,2022,cattle,1517610.0,224180.0,641920.0,224180.0,26.2291,4.7078,30.9369,1.0,20.38527684978354,20.38527684978354,A,A,E,E,E,,,
Lithuania,440,2023,cattle,1470320.0,211980.0,623520.0,211980.0,24.8017,4.4516,29.2533,1.0,19.89587300723652,19.89587300723652,A,A,E,E,E,,,
Lithuania,440,2020,goats,3670.0,8900.0,14700.0,14700.0,0.0735,0.0019,0.0754,0.6054421768707483,20.544959128065397,12.438784778216462,A,A,A,E,E,,,
Lithuania,440,2021,goats,3610.0,8700.0,14700.0,14700.0,0.0735,0.0019,0.0754,0.5918367346938775,20.886426592797783,12.36135451410481,A,A,A,E,E,,,
Lithuania,440,2022,goats,4330.0,8830.0,14990.0,14990.0,0.075,0.0019,0.0769,0.5890593729152769,17.759815242494227,10.461585629834826,A,A,A,E,E,,,
Lithuania,440,2023,goats,2650.0,9640.0,13980.0,13980.0,0.0699,0.0018,0.0717,0.6895565092989986,27.056603773584907,18.657057251599323,A,A,A,E,E,,,
Luxembourg,442,2020,cattle,447340.0,54230.0,190690.0,54230.0,6.3449,1.1388,7.4837,1.0,16.729333392944962,16.729333392944962,A,A,E,E,E,,,
Luxembourg,442,2021,cattle,443280.0,54570.0,187200.0,54570.0,6.3847,1.146,7.530699999999999,1.0,16.98858509294351,16.98858509294351,A,A,E,E,E,,,
Luxembourg,442,2022,cattle,449090.0,55330.0,186130.0,55330.0,6.4736,1.1619,7.6355,1.0,17.002159923400654,17.002159923400654,A,A,E,E,E,,,
Luxembourg,442,2023,cattle,469290.0,55210.0,183560.0,55210.0,6.4596,1.1594,7.619,1.0,16.235163758017432,16.235163758017432,A,A,E,E,E,,,
Madagascar,450,2020,cattle,456008.55,1514853.0,7963494.0,1514808.0,69.6812,1.5148,71.196,1.0,156.12865153515213,156.12865153515213,I,I,E,E,E,,,
Madagascar,450,2021,cattle,417927.03,1367310.0,7030843.0,1368831.0,62.9662,1.3688,64.335,1.0,153.93835617667511,153.93835617667511,I,I,E,E,E,,,
Madagascar,450,2022,cattle,387947.31,1252701.0,6320500.0,1254437.0,57.7041,1.2544,58.9585,1.0,151.97553502819753,151.97553502819753,I,I,E,E,E,,,
Madagascar,450,2023,cattle,439077.45,1447127.0,7520290.0,1448559.0,66.6337,1.4486,68.0823,1.0,155.05760999568528,155.05760999568528,I,I,E,E,E,,,
Malawi,454,2020,cattle,63716.73,145423.0,1946033.0,145170.0,6.6778,0.1452,6.823,1.0,107.08333588368392,107.08333588368392,I,I,E,E,E,,,
Malawi,454,2021,cattle,64047.11,146229.0,1959101.0,150041.0,6.9019,0.15,7.051900000000001,1.0,110.10488997864228,110.10488997864228,I,I,E,E,E,,,
Malawi,454,2022,cattle,66078.41,151572.0,2054208.0,152300.0,7.0058,0.1523,7.1581,1.0,108.32736441448878,108.32736441448878,I,I,E,E,E,,,
Malawi,454,2023,cattle,68853.78,158937.0,2187583.0,157701.0,7.2542,0.1577,7.4119,1.0,107.6469585257338,107.6469585257338,I,I,E,E,E,,,
Malawi,454,2020,goats,131097.91,2114450.0,10727448.0,10727448.0,53.6372,1.8237,55.4609,0.1971065252425367,423.0494597511127,83.38580901727421,I,I,A,E,E,,,
Malawi,454,2021,goats,134066.22,2177287.0,11104382.0,11519835.0,57.5992,1.9584,59.5576,0.196074576685132,444.24016728449567,87.10420274683975,I,I,I,E,E,,,
Malawi,454,2022,goats,142574.87,2362115.0,12238382.0,11767110.0,58.8355,2.0004,60.8359,0.1930087653743771,426.69440975117146,82.35576121822218,I,I,I,E,E,,,
Malawi,454,2023,goats,148135.6,2484334.0,12994613.0,12550986.0,62.7549,2.1337,64.8886,0.1911818381971052,438.0351515773385,83.7443654735032,I,I,I,E,E,,,
Malawi,454,2020,sheep,6843.38,91791.0,366184.0,366184.0,1.8309,0.0549,1.8858,0.2506690625477902,275.56558308905835,69.07576638336944,I,I,A,E,E,,,
Malawi,454,2021,sheep,6927.8,93362.0,373715.0,364779.0,1.8239,0.0547,1.8786,0.2498213879560627,271.168336268368,67.74365013630005,I,I,I,E,E,,,
Malawi,454,2022,sheep,7253.85,99664.0,404956.0,370017.0,1.8501,0.0555,1.9056,0.2461106885686346,262.7018755557394,64.65373948129478,I,I,I,E,E,,,
Malawi,454,2023,sheep,7486.95,104224.0,427754.0,366313.0,1.8316,0.0549,1.8865,0.2436540628492077,251.97176420304663,61.39394407135487,I,I,I,E,E,,,
Malaysia,458,2020,buffalo,5728.8,4016.0,64250.0,64250.0,3.5337,0.1285,3.6622,0.0625058365758754,639.2612763580505,39.95756086932188,I,I,A,E,E,,,
Malaysia,458,2021,buffalo,5859.93,4112.0,66571.0,66571.0,3.6614,0.1331,3.7945,0.0617686379955235,647.5333323094303,39.99725199345627,I,I,A,E,E,,,
Malaysia,458,2022,buffalo,6068.08,4266.0,70374.0,70374.0,3.8706,0.1407,4.0113,0.0606189786000511,661.0492940106262,40.07213300720908,I,I,A,E,E,,,
Malaysia,458,2023,buffalo,6188.68,4354.0,72565.0,72565.0,3.9911,0.1451,4.1362,0.0600013780748294,668.3493087378891,40.10187955963301,I,I,A,E,E,,,
Malaysia,458,2020,cattle,41777.7,39071.0,699424.0,39071.0,2.6568,1.0866,3.7434,1.0,89.60282638824062,89.60282638824062,A,A,E,E,E,,,
Malaysia,458,2021,cattle,38728.9,47187.0,717431.0,47187.0,3.2087,1.3123,4.521,1.0,116.73453157719428,116.73453157719428,A,A,E,E,E,,,
Malaysia,458,2022,cattle,38951.25,42670.0,728107.0,42670.0,2.9016,1.1867,4.0883,1.0,104.95940438368474,104.95940438368474,A,A,E,E,E,,,
Malaysia,458,2023,cattle,40111.88,41782.0,726206.0,41782.0,2.8412,1.162,4.0032,1.0,99.80085700296272,99.80085700296272,A,A,E,E,E,,,
Mali,466,2020,camel,270995.0,417752.0,1265915.0,1265915.0,58.2321,3.2407,61.4728,0.3300000394971226,226.84108562888616,74.85756721710261,A,A,A,E,E,,,
Mali,466,2021,camel,281943.0,426107.0,1291233.0,1291233.0,59.3967,3.3056,62.7023,0.3300000851898921,222.39353344470337,73.38988498243324,A,A,A,E,E,,,
Mali,466,2022,camel,287580.0,434630.0,1317057.0,1317057.0,60.5846,3.3717,63.9563,0.3300009035296118,222.3948118784338,73.39048886018122,A,A,A,E,E,,,
Mali,466,2023,camel,293333.0,443322.0,1343399.0,1343399.0,61.7964,3.4391,65.2355,0.3300002456455602,222.39400272045765,73.39007552785041,A,A,A,E,E,,,
Mali,466,2020,cattle,284933.0,1995914.0,12474462.0,1995914.0,91.812,1.9959,93.8079,1.0,329.22792375751493,329.22792375751493,A,A,E,E,E,,,
Mali,466,2021,cattle,293481.0,2055791.0,12848696.0,2055791.0,94.5664,2.0558,96.6222,1.0,329.2281272041461,329.2281272041461,A,A,E,E,E,,,
Mali,466,2022,cattle,302283.0,2117466.0,13234157.0,2117466.0,97.4034,2.1175,99.5209,1.0,329.23088628867646,329.23088628867646,A,A,E,E,E,,,
Mali,466,2023,cattle,311353.0,2180989.0,13631182.0,2180989.0,100.3255,2.181,102.5065,1.0,329.2292028662001,329.2292028662001,A,A,E,E,E,,,
Mali,466,2020,goats,255226.0,20857914.0,27810553.0,27810553.0,139.0528,6.1183,145.1711,0.74999997303182,568.7943234623432,426.5957272574097,A,A,A,E,E,,,
Mali,466,2021,goats,267987.0,21900809.0,29201079.0,29201079.0,146.0054,6.4242,152.42960000000002,0.7499999914386726,568.7947549694576,426.596061357455,A,A,A,E,E,,,
Mali,466,2022,goats,281386.0,22995850.0,30661134.0,30661134.0,153.3057,6.7454,160.0511,0.7499999836927101,568.7955335375605,426.5966408776568,A,A,A,E,E,,,
Mali,466,2023,goats,295457.0,24145646.0,32194191.0,32194191.0,160.971,7.0827,168.0537,0.7500000854191367,568.7924131091834,426.5943584176444,A,A,A,E,E,,,
Mali,466,2020,sheep,184855.0,15107006.0,20142677.0,20142677.0,100.7134,4.0285,104.7419,0.7499999131197904,566.6165372859809,424.9623537367222,A,A,A,E,E,,,
Mali,466,2021,sheep,194098.0,15862357.0,21149809.0,21149809.0,105.749,4.23,109.979,0.7500000118204377,566.6158332388793,424.9618816268066,A,A,A,E,E,,,
Mali,466,2022,sheep,203803.0,16655477.0,22207300.0,22207300.0,111.0365,4.4415,115.478,0.7500000900604756,566.6158005524943,424.9619014440592,A,A,A,E,E,,,
Mali,466,2023,sheep,213995.0,17488251.0,23317665.0,23317665.0,116.5883,4.6635,121.2518,0.7500000964933667,566.6104348232435,424.9578807915812,A,A,A,E,E,,,
Malta,470,2020,cattle,42110.0,6060.0,14290.0,6060.0,0.709,0.2719,0.9809,1.0,23.29375445262408,23.29375445262408,A,A,E,E,E,,,
Malta,470,2021,cattle,39540.0,5870.0,14020.0,5870.0,0.6868,0.2634,0.9502,1.0,24.031360647445627,24.031360647445627,A,A,E,E,E,,,
Malta,470,2022,cattle,38970.0,6120.0,14200.0,6120.0,0.716,0.2746,0.9906,1.0,25.41955350269438,25.41955350269438,A,A,E,E,E,,,
Malta,470,2023,cattle,37300.0,5930.0,14230.0,5930.0,0.6938,0.2661,0.9599,1.0,25.734584450402146,25.734584450402146,A,A,E,E,E,,,
Malta,470,2020,goats,920.0,4610.0,5530.0,5530.0,0.0277,0.0011,0.0288,0.833634719710669,31.304347826086957,26.096391225725288,A,A,A,E,E,,,
Malta,470,2021,goats,920.0,4600.0,5640.0,5640.0,0.0282,0.0011,0.0293,0.8156028368794326,31.84782608695652,25.975177304964536,A,A,A,E,E,,,
Malta,470,2022,goats,1030.0,5130.0,6520.0,6520.0,0.0326,0.0013,0.0339,0.7868098159509203,32.9126213592233,25.89597355411281,A,A,A,E,E,,,
Malta,470,2023,goats,1070.0,5340.0,6560.0,6560.0,0.0328,0.0013,0.0341,0.8140243902439024,31.869158878504667,25.94227262366081,A,A,A,E,E,,,
Malta,470,2020,sheep,1910.0,11700.0,13150.0,13150.0,0.1052,0.0037,0.1089,0.8897338403041825,57.01570680628272,50.72880377441124,A,A,A,E,E,,,
Malta,470,2021,sheep,1860.0,11470.0,12730.0,12730.0,0.1018,0.0036,0.1054,0.9010212097407698,56.66666666666666,51.05786855197695,A,A,A,E,E,,,
Malta,470,2022,sheep,2070.0,12630.0,14470.0,14470.0,0.1158,0.0041,0.1199,0.8728403593642018,57.92270531400966,50.55727492162696,A,A,A,E,E,,,
Malta,470,2023,sheep,2020.0,12370.0,13990.0,13990.0,0.1119,0.0039,0.1158,0.8842030021443888,57.32673267326732,50.68846913283179,A,A,A,E,E,,,
Mauritania,478,2020,camel,26366.15,107709.0,1517299.0,1532551.0,70.4973,3.9233,74.4206,0.0709873268222018,2822.5812263072157,200.3674959940815,I,I,I,E,E,,,
Mauritania,478,2021,camel,26528.53,108476.0,1530864.0,1541115.0,70.8913,3.9453,74.8366,0.0708593317237847,2820.985557812665,199.89315142905355,I,I,I,E,E,,,
Mauritania,478,2022,camel,26628.74,108928.0,1538393.0,1552944.0,71.4354,3.9755,75.4109,0.0708063544230895,2831.9364716467994,200.51909751509697,I,I,I,E,E,,,
Mauritania,478,2023,camel,26751.86,109497.0,1548157.0,1539202.0,70.8033,3.9404,74.74369999999999,0.0707273228748763,2793.96273754423,197.60950463866428,I,I,E,E,E,,,
Mauritania,478,2020,cattle,148225.61,422344.0,1952155.0,422465.0,19.4334,0.4225,19.8559,1.0,133.9572830902838,133.9572830902838,I,I,E,E,E,,,
Mauritania,478,2021,cattle,149695.52,427046.0,1977421.0,425217.0,19.56,0.4252,19.9852,1.0,133.50566536660548,133.50566536660548,I,I,E,E,E,,,
Mauritania,478,2022,cattle,148007.89,421195.0,1943115.0,429433.0,19.7539,0.4294,20.183300000000003,1.0,136.366378846425,136.366378846425,I,I,E,E,E,,,
Mauritania,478,2023,cattle,149523.8,426046.0,1969172.0,425773.0,19.5856,0.4258,20.0114,1.0,133.83421234612817,133.83421234612817,I,I,E,E,E,,,
Mauritania,478,2020,goats,102994.73,1515579.0,6830805.0,7301113.0,36.5056,1.6062,38.1118,0.2218741422131066,370.0364086589674,82.10151075882699,I,I,I,E,E,,,
Mauritania,478,2021,goats,106522.97,1584241.0,7198365.0,7308278.0,36.5414,1.6078,38.1492,0.2200834495055474,358.131208696115,78.8187517854321,I,I,I,E,E,,,
Mauritania,478,2022,goats,106516.7,1583218.0,7188153.0,7149826.0,35.7491,1.573,37.3221,0.2202537981592768,350.3873101588765,77.1741358893051,I,I,E,E,E,,,
Mauritania,478,2023,goats,107086.38,1593604.0,7239981.0,7258755.0,36.2938,1.5969,37.8907,0.2201116273647679,353.8330458084399,77.88276752832819,I,I,E,E,E,,,
Mauritania,478,2020,sheep,78478.2,2292206.0,10988830.0,10692281.0,53.4614,2.1385,55.5999,0.20859418154617,708.4757295656628,147.78391495407516,I,I,E,E,E,,,
Mauritania,478,2021,sheep,79171.45,2319353.0,11137471.0,10928822.0,54.6441,2.1858,56.8299,0.2082477251792619,717.8079977062439,149.48188263780617,I,I,E,E,E,,,
Mauritania,478,2022,sheep,79421.48,2328268.0,11181479.0,11140836.0,55.7042,2.2282,57.9324,0.2082254056015308,729.4298721202375,151.88583098010926,I,I,E,E,E,,,
Mauritania,478,2023,sheep,79098.9,2313588.0,11090055.0,11382264.0,56.9113,2.2765,59.1878,0.2086182620374741,748.2758925851056,156.1040162356444,I,I,E,E,E,,,
Mauritius,480,2020,cattle,2500.0,3067.0,4754.0,3067.0,0.1411,0.0031,0.1442,1.0,57.68,57.68,A,E,E,E,E,,,
Mauritius,480,2021,cattle,2602.0,3022.0,3734.0,3022.0,0.139,0.003,0.142,1.0,54.57340507302074,54.57340507302074,A,E,E,E,E,,,
Mauritius,480,2022,cattle,2231.0,2700.0,3512.0,3030.0,0.1394,0.003,0.1424,1.0,63.82787987449574,63.82787987449574,A,E,E,E,E,,,
Mauritius,480,2023,cattle,2788.0,3000.0,3410.0,3040.0,0.1398,0.003,0.1428,1.0,51.21951219512195,51.21951219512195,A,E,E,E,E,,,
Mexico,484,2020,cattle,12940611.0,2606311.0,35653619.0,2606311.0,187.6544,2.6063,190.2607,1.0,14.702605618853704,14.702605618853704,A,A,E,E,E,,,
Mexico,484,2021,cattle,13239778.09,2642516.0,35998885.0,2642516.0,190.2612,2.6425,192.9037,1.0,14.570010062759293,14.570010062759293,A,A,E,E,E,,,
Mexico,484,2022,cattle,13500619.64,2678557.0,36339884.0,2678557.0,192.8561,2.6786,195.5347,1.0,14.483387075113535,14.483387075113535,A,A,E,E,E,,,
Mexico,484,2023,cattle,13735386.75,2713534.0,36619592.0,2713534.0,195.3744,2.7135,198.0879,1.0,14.421719868936345,14.421719868936345,A,A,E,E,E,,,
Mexico,484,2020,goats,168497.7,766293.0,8830720.0,8830720.0,44.1536,1.5012,45.6548,0.0867758234889114,270.9520664080281,23.512088688578856,A,I,A,E,E,,,
Mexico,484,2021,goats,171545.04,763682.0,8786027.0,8786027.0,43.9301,1.4936,45.4237,0.0869200606827181,264.79168386331656,23.015709229678592,A,I,A,E,E,,,
Mexico,484,2022,goats,173707.04,766710.0,8824664.0,8824664.0,44.1233,1.5002,45.6235,0.0868826280524674,262.6462347179481,22.81939512038056,A,I,A,E,E,,,
Mexico,484,2023,goats,174314.18,768194.0,8840467.0,8840467.0,44.2023,1.5029,45.7052,0.0868951832521969,262.20012623184186,22.78392801766508,A,I,A,E,E,,,
Mongolia,496,2020,camel,1452.66,89343.0,472934.0,472934.0,21.755,0.6054,22.3604,0.1889121949362913,15392.727823441131,2907.8739991831867,A,A,A,E,E,,,
Mongolia,496,2021,camel,1032.95,68497.0,454038.0,454038.0,20.8857,0.5812,21.4669,0.1508618221382351,20782.12885425238,3135.2298268641066,A,A,A,E,E,,,
Mongolia,496,2022,camel,1426.96,90461.0,470469.0,470469.0,21.6416,0.6022,22.2438,0.1922783435252907,15588.243538711667,2997.2816460922954,A,A,A,E,E,,,
Mongolia,496,2023,camel,945.55,79456.0,473853.0,473853.0,21.7972,0.6065,22.4037,0.167680694223736,23693.82898841944,3972.997693596654,A,A,A,E,E,,,
Mongolia,496,2020,cattle,125878.23,1519036.0,4732010.0,1240103.0,84.327,11.1609,95.4879,1.0,758.5735833749807,758.5735833749807,A,A,E,E,E,,,
Mongolia,496,2021,cattle,122053.93,1444270.0,5022225.0,1184586.0,80.5518,10.6613,91.2131,1.0,747.3180093422637,747.3180093422637,A,A,E,E,E,,,
Mongolia,496,2022,cattle,139309.15,1704953.0,5512839.0,1419128.0,96.5007,12.7722,109.2729,1.0,784.39140573322,784.39140573322,A,A,E,E,E,,,
Mongolia,496,2023,cattle,235526.53,1653410.0,5350755.0,1267075.0,86.1611,11.4037,97.5648,1.0,414.2412321873039,414.2412321873039,A,A,E,E,E,,,
Mongolia,496,2020,goats,40811.31,9836634.0,27720253.0,27720253.0,138.6013,3.0492,141.65050000000002,0.3548536876629517,3470.863836519828,1231.6488317650417,A,A,A,E,E,,,
Mongolia,496,2021,goats,34494.26,8294807.0,26456089.0,26456089.0,132.2804,2.9102,135.1906,0.3135311118737164,3919.2201833000618,1228.7974617479792,A,A,A,E,E,,,
Mongolia,496,2022,goats,43712.49,10490257.0,27569395.0,27569395.0,137.847,3.0326,140.8796,0.3805037070998475,3222.868338088268,1226.3133501373104,A,A,A,E,E,,,
Mongolia,496,2023,goats,13491.03,8240140.0,24618228.0,24618228.0,123.0911,2.708,125.7991,0.3347170234998229,9324.647562120905,3121.11827717799,A,A,A,E,E,,,
Mongolia,496,2020,sheep,20335.48,12259085.0,30049428.0,30049428.0,150.2471,3.0049,153.25199999999998,0.4079640051717457,7536.1879827769,3074.493433180843,A,A,A,E,E,,,
Mongolia,496,2021,sheep,17662.83,11190749.0,31086963.0,31086963.0,155.4348,3.1087,158.5435,0.359982060647095,8976.109717412213,3231.2384726684622,A,A,A,E,E,,,
Mongolia,496,2022,sheep,21616.91,12972770.0,32747682.0,32747682.0,163.7384,3.2748,167.0132,0.3961431529718653,7726.044101585287,3060.6194704016784,A,A,A,E,E,,,
Mongolia,496,2023,sheep,572.46,11613080.0,29409352.0,29409352.0,147.0468,2.9409,149.9877,0.3948771125592974,262005.5549732732,103459.99702234242,A,A,A,E,E,,,
Montenegro,499,2020,cattle,170543.0,45015.0,71134.0,54173.0,6.3382,1.1376,7.4758,1.0,43.83527907917652,43.83527907917652,A,A,E,E,E,,,
Montenegro,499,2021,cattle,159500.0,44402.0,70227.0,49168.0,5.7527,1.0325,6.7852,1.0,42.54043887147335,42.54043887147335,A,A,E,E,E,,,
Montenegro,499,2022,cattle,143742.68,43789.0,69320.0,48124.0,5.6305,1.0106,6.6411,1.0,46.20130917275231,46.20130917275231,A,A,E,E,E,,,
Montenegro,499,2023,cattle,148889.59,43176.0,68410.0,49288.0,5.7667,1.035,6.8017,1.0,45.6828445830229,45.6828445830229,A,A,E,E,E,,,
Montenegro,499,2020,goats,4831.0,19336.0,27823.0,27823.0,0.1391,0.0036,0.1427,0.6949645976350501,29.538397847236595,20.52814077468881,A,A,A,E,E,,,
Montenegro,499,2021,goats,6200.0,20263.0,29032.0,29032.0,0.1452,0.0038,0.149,0.6979539818131717,24.032258064516128,16.773410208090738,E,A,A,E,E,,,
Montenegro,499,2022,goats,5905.0,20047.0,29136.0,29136.0,0.1457,0.0038,0.1495,0.68804914881933,25.317527519051648,17.41970325969345,A,A,A,E,E,,,
Montenegro,499,2023,goats,5576.0,20057.0,28950.0,29217.0,0.1461,0.0038,0.1499,0.6928151986183074,26.88307030129125,18.62499969025902,A,A,I,E,E,,,
Montenegro,499,2020,sheep,10352.0,72798.0,176580.0,176580.0,1.4126,0.0336,1.4462000000000002,0.4122663948352021,139.70247295208657,57.59463487351907,A,A,A,E,E,,,
Montenegro,499,2021,sheep,12746.0,64623.0,165918.0,165918.0,1.3273,0.0315,1.3588,0.3894875782012801,106.60599403734504,41.52171043934563,A,A,A,E,E,,,
Montenegro,499,2022,sheep,7022.54,61984.0,161376.0,161376.0,1.291,0.0307,1.3217,0.3840967677969462,188.20825513275824,72.29018246919546,A,A,A,E,E,,,
Montenegro,499,2023,sheep,6928.81,57990.0,155096.0,167958.0,1.3437,0.0319,1.3756,0.3738974570588538,198.53337008808148,74.23112221725799,A,A,E,E,E,,,
Morocco,504,2020,camel,8605.56,32498.0,60833.0,62468.0,2.8735,0.1199,2.9934,0.5342166258445252,347.8448816811457,185.82451900898977,I,I,I,E,E,,,
Morocco,504,2021,camel,8687.49,32873.0,61625.0,63510.0,2.9215,0.1219,3.0434,0.5334361054766734,350.31982770627656,186.8732445628954,I,I,I,E,E,,,
Morocco,504,2022,camel,8708.65,32957.0,61772.0,64508.0,2.9674,0.1239,3.0913,0.5335265168684841,354.9689102214465,189.38532626705,I,I,I,E,E,,,
Morocco,504,2023,camel,8770.46,33235.0,62351.0,65505.0,3.0132,0.1258,3.139,0.5330307452967875,357.9059707244546,190.7748863214263,I,I,I,E,E,,,
Morocco,504,2020,cattle,2626500.0,1779230.0,3166900.0,1779230.0,81.8446,1.7792,83.6238,1.0,31.83849229011993,31.83849229011993,A,A,E,E,E,,,
Morocco,504,2021,cattle,2575000.0,1776120.0,3178876.0,1776120.0,81.7015,1.7761,83.4776,1.0,32.41848543689321,32.41848543689321,A,A,E,E,E,,,
Morocco,504,2022,cattle,2060000.0,1696204.0,3100909.0,1696204.0,78.0254,1.6962,79.72160000000001,1.0,38.69980582524273,38.69980582524273,A,A,E,E,E,,,
Morocco,504,2023,cattle,1957000.0,1580186.0,2883867.0,1580186.0,72.6886,1.5802,74.2688,1.0,37.95033214103219,37.95033214103219,A,A,E,E,E,,,
Morocco,504,2020,goats,45740.42,1600701.0,5960600.0,5960600.0,29.803,1.0133,30.8163,0.2685469583598966,673.7214043946252,180.9258339321345,I,I,A,E,E,,,
Morocco,504,2021,goats,46875.29,1657480.0,6207391.0,6207391.0,31.037,1.0553,32.0923,0.2670171735597129,684.6314977464673,182.80836745821463,I,I,A,E,E,,,
Morocco,504,2022,goats,46194.63,1621757.0,6045690.0,6045200.0,30.226,1.0277,31.2537,0.2682501087551627,676.5656527609378,181.4888099331293,I,I,A,E,E,,,
Morocco,504,2023,goats,45320.56,1576558.0,5843280.0,5635894.0,28.1795,0.9581,29.1376,0.2698070261907695,642.9223292916064,173.46496173781102,I,I,A,E,E,,,
Morocco,504,2020,sheep,36709.32,1061707.0,22088800.0,22088800.0,110.444,3.3133,113.7573,0.0480653996595559,3098.8669907260605,148.94828040105364,I,I,A,E,E,,,
Morocco,504,2021,sheep,37292.7,1085386.0,22726481.0,22726481.0,113.6324,3.409,117.0414,0.0477586477202519,3138.453370230635,149.88828889528247,I,I,A,E,E,,,
Morocco,504,2022,sheep,36363.08,1046055.0,21628277.0,21800556.0,109.0028,3.2701,112.2729,0.0483651564107487,3087.55198954544,149.32993490068372,I,I,A,E,E,,,
Morocco,504,2023,sheep,35526.71,1011017.0,20660585.0,20660585.0,103.3029,3.0991,106.402,0.0489345776027155,2994.986026006912,146.55837610868377,I,I,A,E,E,,,
Mozambique,508,2020,cattle,2850.0,2867.0,2183857.0,2867.0,0.1319,0.0029,0.1347999999999999,1.0,47.298245614035054,47.298245614035054,A,A,E,E,E,,,
Mozambique,508,2021,cattle,3300.0,2892.0,2219635.0,2892.0,0.133,0.0029,0.1359,1.0,41.18181818181818,41.18181818181818,A,A,E,E,E,,,
Mozambique,508,2022,cattle,2510.11,2933.0,2320248.0,2933.0,0.1349,0.0029,0.1377999999999999,1.0,54.897992518256125,54.897992518256125,A,A,E,E,E,,,
Mozambique,508,2023,cattle,2560.0,3822.0,2406285.0,3822.0,0.1758,0.0038,0.1796,1.0,70.15625,70.15625,A,A,E,E,E,,,
Mozambique,508,2020,goats,18063.4,167563.0,3265537.0,3265537.0,16.3277,0.5551,16.8828,0.0513125406326738,934.6413189100612,47.95882065354843,I,I,A,E,E,,,
Mozambique,508,2021,goats,18683.93,175253.0,3470167.0,3470167.0,17.3508,0.5899,17.9407,0.0505027567837513,960.220895710913,48.49380235476409,I,I,A,E,E,,,
Mozambique,508,2022,goats,21283.33,208702.0,4405952.0,4405952.0,22.0298,0.749,22.7788,0.0473681964760396,1070.2648504721772,50.69651571856532,I,I,A,E,E,,,
Mozambique,508,2023,goats,20488.65,198173.0,4101030.0,4101030.0,20.5052,0.6972,21.2024,0.0483227384340031,1034.836360619172,50.00612677619602,I,I,A,E,E,,,
Myanmar,104,2020,buffalo,313000.0,200000.0,1983014.0,1983014.0,109.0658,3.966,113.0318,0.1008565748905454,361.12396166134187,36.42172588406758,E,E,A,E,E,,,
Myanmar,104,2021,buffalo,316000.0,200000.0,2047000.0,2047000.0,112.585,4.094,116.679,0.0977039570102589,369.2373417721519,36.07594936708861,E,E,A,E,E,,,
Myanmar,104,2022,buffalo,328000.0,200000.0,2073000.0,2073000.0,114.015,4.146,118.161,0.0964785335262904,360.2469512195122,34.75609756097561,E,E,A,E,E,,,
Myanmar,104,2023,buffalo,330000.0,200000.0,2075000.0,2075000.0,114.125,4.15,118.275,0.0963855421686747,358.40909090909093,34.54545454545455,E,E,E,E,E,,,
Myanmar,104,2020,cattle,1772000.0,1300000.0,10305196.0,1300000.0,88.4,30.5018,118.9018,1.0,67.10033860045147,67.10033860045147,E,E,E,E,E,,,
Myanmar,104,2021,cattle,1790000.0,1300000.0,10663000.0,1300000.0,88.4,30.5018,118.9018,1.0,66.42558659217876,66.42558659217876,E,E,E,E,E,,,
Myanmar,104,2022,cattle,1858000.0,1300000.0,10810000.0,1300000.0,88.4,30.5018,118.9018,1.0,63.99451022604952,63.99451022604952,E,E,E,E,E,,,
Myanmar,104,2023,cattle,1900000.0,1300000.0,10800000.0,1300000.0,88.4,30.5018,118.9018,1.0,62.5798947368421,62.5798947368421,E,E,E,E,E,,,
Myanmar,104,2020,goats,9426.9,494156.0,2145200.0,2145200.0,10.726,0.3647,11.090700000000002,0.2303542793212754,1176.4949241001818,271.01064036623603,I,I,E,E,E,,,
Myanmar,104,2021,goats,9613.27,509351.0,2224000.0,2224000.0,11.12,0.3781,11.4981,0.2290247302158273,1196.065438711281,273.9285644213264,I,I,E,E,E,,,
Myanmar,104,2022,goats,9790.7,523943.0,2300000.0,2300000.0,11.5,0.391,11.891,0.227801304347826,1214.5199015392157,276.66921772702665,I,I,E,E,E,,,
Myanmar,104,2023,goats,9798.21,524226.0,2300000.0,2300000.0,11.5,0.391,11.891,0.2279243478260869,1213.5890126870113,276.6064842455918,I,I,E,E,E,,,
Myanmar,104,2020,sheep,2341.98,98502.0,439400.0,439400.0,2.197,0.0659,2.2629,0.2241738734638143,966.233699690006,216.60435113078051,I,I,E,E,E,,,
Myanmar,104,2021,sheep,2384.37,101420.0,455400.0,455400.0,2.277,0.0683,2.3453,0.2227053140096618,983.6141202917332,219.05609152390772,I,I,E,E,E,,,
Myanmar,104,2022,sheep,2594.39,116660.0,542000.0,542000.0,2.71,0.0813,2.7913,0.2152398523985239,1075.8983807368977,231.5762086656208,I,I,E,E,E,,,
Myanmar,104,2023,sheep,2591.73,116378.0,540000.0,540000.0,2.7,0.081,2.781,0.2155148148148148,1073.028440462548,231.2535256373156,I,I,E,E,E,,,
Namibia,516,2020,cattle,100553.31,221229.0,2516554.0,221274.0,10.1786,0.2213,10.3999,1.0,103.42672956265687,103.42672956265687,I,I,E,E,E,,,
Namibia,516,2021,cattle,102578.74,226271.0,2590348.0,226305.0,10.41,0.2263,10.6363,1.0,103.68912700623927,103.68912700623927,I,I,E,E,E,,,
Namibia,516,2022,cattle,115965.81,260574.0,3115974.0,260492.0,11.9826,0.2605,12.2431,1.0,105.57508286278517,105.57508286278517,I,I,E,E,E,,,
Namibia,516,2023,cattle,113641.86,254428.0,3017636.0,290805.0,13.377,0.2908,13.667800000000002,1.0,120.27082274084567,120.27082274084567,I,I,E,E,E,,,
Nepal,524,2020,buffalo,1380600.0,1635492.0,5257591.0,5257591.0,289.1675,21.0304,310.1979,0.3110725044987333,224.6833985223816,69.89282749764425,A,A,A,E,E,,,
Nepal,524,2021,buffalo,1419412.0,1630642.0,5159931.0,5159931.0,283.7962,20.6397,304.4359,0.3160201173232743,214.48029183915597,67.78008699054017,A,A,A,E,E,,,
Nepal,524,2022,buffalo,1464802.0,1666827.0,5132931.0,5132931.0,282.3112,20.5317,302.8429,0.324732009839992,206.74664562172907,67.13725376042066,A,A,A,E,E,,,
Nepal,524,2023,buffalo,1399797.09,851272.0,3081062.0,3081062.0,169.4584,12.3242,181.7826,0.276291746157656,129.86353615008585,35.880223165115105,A,A,A,E,E,,,
Nepal,524,2020,cattle,920400.0,1166156.0,7458885.0,1166156.0,67.637,5.8308,73.4678,1.0,79.82159930465015,79.82159930465015,A,A,E,E,E,,,
Nepal,524,2021,cattle,1060487.0,1209041.0,7466841.0,1209041.0,70.1244,6.0452,76.16959999999999,1.0,71.82511431068933,71.82511431068933,A,A,E,E,E,,,
Nepal,524,2022,cattle,1101812.0,1223061.0,7413197.0,1223061.0,70.9375,6.1153,77.0528,1.0,69.93280160317731,69.93280160317731,A,A,E,E,E,,,
Nepal,524,2023,cattle,1214046.0,916579.0,4750329.0,916579.0,53.1616,4.5829,57.7445,1.0,47.56368374839175,47.56368374839175,A,A,E,E,E,,,
Nepal,524,2020,goats,132182.48,2097173.0,12811953.0,12811953.0,64.0598,1.4093,65.4691,0.1636887834352811,495.2933248037107,81.07396178073493,I,I,A,E,E,,,
Nepal,524,2021,goats,136279.41,2182931.0,13442614.0,13442614.0,67.2131,1.4787,68.6918,0.1623888776394234,504.0511989301978,81.85230846708056,I,I,A,E,E,,,
Nepal,524,2022,goats,139802.86,2257124.0,13990703.0,13990703.0,69.9535,1.539,71.4925,0.161330277685117,511.38081152274,82.50120832580414,I,I,A,E,E,,,
Nepal,524,2023,goats,143296.28,2331215.0,14541244.0,14541244.0,72.7062,1.5995,74.3057,0.1603174391406952,518.5459106126133,83.13195246629402,I,I,A,E,E,,,
Nepal,524,2020,sheep,17952.15,323517.0,806079.0,806079.0,4.0304,0.0806,4.111000000000001,0.4013465181452438,228.99764095108387,91.9074058591922,I,I,A,E,E,,,
Nepal,524,2021,sheep,17800.74,319457.0,793725.0,793725.0,3.9686,0.0794,4.048,0.4024781882893949,227.4062763682858,91.52606611834511,I,I,A,E,E,,,
Nepal,524,2022,sheep,17509.79,311879.0,771205.0,771205.0,3.856,0.0771,3.9331,0.4044047950933928,224.62291095438607,90.83858227778993,I,I,A,E,E,,,
Nepal,524,2023,sheep,13538.43,216320.0,501849.0,501849.0,2.5092,0.0502,2.5594,0.4310459919218729,189.0470313027434,81.48796512777639,I,I,A,E,E,,,
Netherlands (Kingdom of the),528,2020,cattle,14522000.0,1569000.0,3691000.0,1569000.0,183.573,32.949,216.522,1.0,14.909929761740806,14.909929761740806,A,A,E,E,E,,,
Netherlands (Kingdom of the),528,2021,cattle,14217250.0,1554000.0,3705000.0,1554000.0,181.818,32.634,214.452,1.0,15.083929733246585,15.083929733246585,A,A,E,E,E,,,
Netherlands (Kingdom of the),528,2022,cattle,14533740.0,1570000.0,3751000.0,1570000.0,183.69,32.97,216.66,1.0,14.907381031998645,14.907381031998645,A,A,E,E,E,,,
Netherlands (Kingdom of the),528,2023,cattle,14685300.0,1552000.0,3739000.0,1552000.0,181.584,32.592,214.176,1.0,14.584380298666012,14.584380298666012,A,A,E,E,E,,,
Netherlands (Kingdom of the),528,2020,goats,407000.0,513000.0,557000.0,557000.0,2.785,0.0724,2.8574,0.9210053859964094,7.020638820638821,6.466046166943833,A,A,A,E,E,,,
Netherlands (Kingdom of the),528,2021,goats,387840.0,532000.0,575000.0,575000.0,2.875,0.0748,2.9498,0.925217391304348,7.605713696369637,7.036938585162865,A,A,A,E,E,,,
Netherlands (Kingdom of the),528,2022,goats,445220.0,527000.0,570000.0,570000.0,2.85,0.0741,2.9241,0.924561403508772,6.56776425138134,6.07230133417187,A,A,A,E,E,,,
Netherlands (Kingdom of the),528,2023,goats,427260.0,525000.0,566000.0,566000.0,2.83,0.0736,2.9036,0.9275618374558304,6.795862004400131,6.303582247897649,A,A,A,E,E,,,
New Caledonia,540,2020,cattle,501.0,319.0,79863.0,322.0,0.029,0.0093,0.0383,1.0,76.44710578842316,76.44710578842316,A,I,E,E,E,,,
New Caledonia,540,2021,cattle,486.0,318.0,79595.0,321.0,0.0289,0.0093,0.0382,1.0,78.60082304526749,78.60082304526749,A,I,E,E,E,,,
New Caledonia,540,2022,cattle,446.0,317.0,78923.0,320.0,0.0288,0.0093,0.0380999999999999,1.0,85.42600896860964,85.42600896860964,A,I,E,E,E,,,
New Caledonia,540,2023,cattle,100.0,316.0,78102.0,319.0,0.0287,0.0093,0.038,1.0,380.0,380.0,A,I,E,E,E,,,
New Zealand,554,2020,cattle,21871305.0,4836726.0,10082788.0,4836726.0,435.3053,112.9506,548.2559,1.0,25.067361092536544,25.067361092536544,A,A,E,E,E,,,
New Zealand,554,2021,cattle,21886376.0,4804582.0,10150246.0,4804582.0,432.4124,112.2,544.6124,1.0,24.883626233963994,24.883626233963994,A,A,E,E,E,,,
New Zealand,554,2022,cattle,21051000.0,4622551.0,9751189.0,4622551.0,416.0296,107.9491,523.9787,1.0,24.89091729609045,24.89091729609045,A,A,E,E,E,,,
New Zealand,554,2023,cattle,21245000.0,4625229.0,9538661.0,4625229.0,416.2706,108.0116,524.2822,1.0,24.67791009649329,24.67791009649329,A,A,E,E,E,,,
Nicaragua,558,2020,cattle,1399699.26,1037000.0,5330233.0,1037000.0,74.664,1.447,76.111,1.0,54.376680887864445,54.376680887864445,A,E,E,E,E,,,
Nicaragua,558,2021,cattle,1430039.22,1033000.0,5403602.0,997333.0,71.808,1.3916,73.1996,1.0,51.18712758101838,51.18712758101838,A,E,E,E,E,,,
Nicaragua,558,2022,cattle,1436683.9,1056600.0,5524787.0,1004778.0,72.344,1.402,73.746,1.0,51.330706775512695,51.330706775512695,A,E,E,E,E,,,
Nicaragua,558,2023,cattle,1372910.59,1074700.0,5619536.0,1013037.0,72.9387,1.4135,74.3522,1.0,54.15662210020537,54.15662210020537,A,E,E,E,E,,,
Niger,562,2020,camel,112001.81,241644.0,1858797.0,1858797.0,85.5047,4.7585,90.2632,0.130000209813121,805.9084045159627,104.7682616772328,A,A,A,E,E,,,
Niger,562,2021,camel,105495.16,240510.0,1882961.0,1882961.0,86.6162,4.8204,91.4366,0.1277296768228338,866.7373934500881,110.70808715564512,I,I,A,E,E,,,
Niger,562,2022,camel,108334.95,243083.0,1907439.0,1907440.0,87.7422,4.883,92.6252,0.1274394620221144,854.9890870859313,108.95934929300986,A,I,A,E,E,,,
Niger,562,2023,camel,109743.55,245683.0,1932237.0,1930482.0,88.8022,4.942,93.7442,0.1271495163377991,854.2114775765866,108.61257622405974,A,I,I,E,E,,,
Niger,562,2020,cattle,822843.6,2420840.0,16138935.0,2420840.0,111.3586,2.4208,113.7794,1.0,138.275852178956,138.275852178956,A,A,E,E,E,,,
Niger,562,2021,cattle,840000.0,2588607.0,17107271.0,2584021.0,118.865,2.584,121.449,1.0,144.58214285714286,144.58214285714286,E,I,E,E,E,,,
Niger,562,2022,cattle,871473.79,2716944.0,18133707.0,2330349.0,107.1961,2.3303,109.5264,1.0,125.67951125644294,125.67951125644294,A,I,E,E,E,,,
Niger,562,2023,cattle,923762.6,2851645.0,19221727.0,2589306.0,119.1081,2.5893,121.6974,1.0,131.74099059650175,131.74099059650175,A,I,E,E,E,,,
Niger,562,2020,goats,407345.91,6591358.0,18832451.0,18832451.0,94.1623,4.1431,98.3054,0.3500000079649749,241.33150127860625,84.46602736971154,A,A,A,E,E,,,
Niger,562,2021,goats,391879.6,6610013.0,19585749.0,19585749.0,97.9287,4.3089,102.2376,0.3374909481378527,260.89033468442864,88.04812641264954,E,I,A,E,E,,,
Niger,562,2022,goats,415294.17,6843247.0,20369178.0,20369179.0,101.8459,4.4812,106.3271,0.3359608816811361,256.0283954865054,86.01552548305297,A,I,A,E,E,,,
Niger,562,2023,goats,431905.65,7084709.0,21183944.0,19595793.0,97.979,4.3111,102.2901,0.3344376760059411,236.8343641718972,79.20633435199403,A,I,E,E,E,,,
Niger,562,2020,sheep,168771.82,4096403.0,13654678.0,13654678.0,68.2734,2.7309,71.0043,0.29999997070601,420.7118226253648,126.21353446328152,A,A,A,E,E,,,
Niger,562,2021,sheep,146091.34,4097231.0,14132592.0,14132592.0,70.663,2.8265,73.48949999999999,0.2899136266015463,503.0380308648,145.83757984651476,I,I,A,E,E,,,
Niger,562,2022,sheep,170414.56,4222331.0,14627232.0,14627232.0,73.1362,2.9254,76.0616,0.2886623388485258,446.3327546660332,128.83945686660243,A,I,A,E,E,,,
Niger,562,2023,sheep,176378.85,4351251.0,15139185.0,14138167.0,70.6908,2.8276,73.5184,0.2874164626431343,416.82095103806375,119.80120330290738,A,I,E,E,E,,,
Nigeria,566,2020,cattle,519811.34,2198659.0,20585153.0,2198206.0,101.1175,2.1982,103.3157,1.0,198.756148721188,198.756148721188,I,I,E,E,E,,,
Nigeria,566,2021,cattle,523324.41,2215191.0,20764244.0,2214732.0,101.8777,2.2147,104.0924,1.0,198.9060666977105,198.9060666977105,I,I,E,E,E,,,
Nigeria,566,2022,cattle,525458.0,2224791.0,20862418.0,2227649.0,102.4719,2.2276,104.6995,1.0,199.2537938331893,199.2537938331893,I,I,E,E,E,,,
Nigeria,566,2023,cattle,526502.2,2228913.0,20896548.0,2229362.0,102.5507,2.2294,104.7801,1.0,199.01170403466503,199.01170403466503,I,I,E,E,E,,,
Niue,570,2020,cattle,58.72,75.0,113.0,75.0,0.0068,0.0023,0.0091,1.0,154.97275204359673,154.97275204359673,I,I,E,E,E,,,
Niue,570,2021,cattle,58.77,75.0,113.0,75.0,0.0068,0.0023,0.0091,1.0,154.84090522375362,154.84090522375362,I,I,E,E,E,,,
Niue,570,2022,cattle,58.83,75.0,113.0,75.0,0.0068,0.0023,0.0091,1.0,154.68298487166413,154.68298487166413,I,I,E,E,E,,,
Niue,570,2023,cattle,58.88,75.0,113.0,75.0,0.0068,0.0023,0.0091,1.0,154.55163043478262,154.55163043478262,I,I,E,E,E,,,
North Macedonia,807,2020,cattle,417374.0,111083.0,222202.0,111083.0,12.9967,2.3417,15.3384,1.0,36.74977358436318,36.74977358436318,A,A,E,E,E,,,
North Macedonia,807,2021,cattle,336319.0,106632.0,177622.0,106632.0,12.4759,2.2479,14.7238,1.0,43.77926908678963,43.77926908678963,A,A,E,E,E,,,
North Macedonia,807,2022,cattle,334018.7,97451.0,164751.0,97451.0,11.4018,2.0543,13.4561,1.0,40.28546904709227,40.28546904709227,A,A,E,E,E,,,
North Macedonia,807,2023,cattle,245478.0,79021.0,148693.0,79021.0,9.2455,1.6658,10.9113,1.0,44.449197076723785,44.449197076723785,A,A,E,E,E,,,
North Macedonia,807,2020,goats,16034.0,70132.0,95008.0,95008.0,0.475,0.0124,0.4874,0.7381694173122263,30.39790445303729,22.43880341761127,A,A,A,E,E,,,
North Macedonia,807,2021,goats,17034.0,60552.0,75753.0,75753.0,0.3788,0.0098,0.3886,0.7993346798146608,22.813197135141483,18.235379627567053,A,A,A,E,E,,,
North Macedonia,807,2022,goats,14113.06,54216.0,80186.0,80186.0,0.4009,0.0104,0.4113,0.6761280023944329,29.14321911761163,19.704546525334,A,A,A,E,E,,,
North Macedonia,807,2023,goats,14583.0,68485.0,85528.0,85528.0,0.4276,0.0111,0.4387,0.8007319240482649,30.08297332510457,24.08839711170361,A,A,A,E,E,,,
North Macedonia,807,2020,sheep,27733.0,451111.0,630634.0,630634.0,5.0451,0.1198,5.164899999999999,0.7153293352404089,186.2366134208344,133.22051287575047,A,A,A,E,E,,,
North Macedonia,807,2021,sheep,35855.0,487254.0,633281.0,633281.0,5.0662,0.1203,5.1865000000000006,0.7694119987809519,144.65207084088692,111.29703895349066,A,A,A,E,E,,,
North Macedonia,807,2022,sheep,39835.25,464922.0,646488.0,646488.0,5.1719,0.1228,5.2947,0.7191502394475999,132.9149434232244,95.58581338897602,A,A,A,E,E,,,
North Macedonia,807,2023,sheep,31670.0,388271.0,587073.0,587073.0,4.6966,0.1115,4.8081000000000005,0.6613674960354163,151.81875592042942,100.40799045430644,A,A,A,E,E,,,
Norway,578,2020,cattle,1547025.0,213511.0,882961.0,213511.0,24.9808,4.4837,29.4645,1.0,19.045910699568527,19.045910699568527,A,A,E,E,E,,,
Norway,578,2021,cattle,1572450.0,215349.0,901026.0,215349.0,25.1958,4.5223,29.7181,1.0,18.89923367992623,18.89923367992623,A,A,E,E,E,,,
Norway,578,2022,cattle,1453400.0,208400.0,898800.0,208400.0,24.3828,4.3764,28.7592,1.0,19.787532681987063,19.787532681987063,A,A,E,E,E,,,
Norway,578,2023,cattle,1390600.0,204300.0,874200.0,204300.0,23.9031,4.2903,28.1934,1.0,20.27427009923774,20.27427009923774,A,A,E,E,E,,,
Norway,578,2020,goats,21445.0,33695.0,67007.0,67007.0,0.335,0.0087,0.3437,0.5028579103675735,16.027045931452555,8.059326826455353,A,A,A,E,E,,,
Norway,578,2021,goats,19638.0,33861.0,69320.0,69320.0,0.3466,0.009,0.3556,0.4884737449509521,18.10775028006925,8.84516059194208,A,A,A,E,E,,,
Norway,578,2022,goats,19364.0,33500.0,70400.0,70400.0,0.352,0.0092,0.3611999999999999,0.4758522727272727,18.653170832472625,8.876153734202171,A,A,A,E,E,,,
Norway,578,2023,goats,18753.0,32600.0,71500.0,71800.0,0.359,0.0093,0.3682999999999999,0.4559440559440559,19.639524342771814,8.954524385655402,A,A,A,E,E,,,
Oman,512,2020,cattle,215270.0,127884.0,412948.0,127884.0,5.8827,0.3837,6.2664,1.0,29.109490407395366,29.109490407395366,A,A,E,E,E,,,
Oman,512,2021,cattle,219580.0,130442.0,421950.0,130442.0,6.0003,0.3913,6.3916,1.0,29.1082976591675,29.1082976591675,A,A,E,E,E,,,
Oman,512,2022,cattle,223971.6,133051.0,429632.0,133051.0,6.1203,0.3992,6.519500000000001,1.0,29.10860126908948,29.10860126908948,A,A,E,E,E,,,
Oman,512,2023,cattle,236480.0,135712.0,438225.0,135712.0,6.2428,0.4071,6.6499,1.0,28.120348443843028,28.120348443843028,A,A,E,E,E,,,
Oman,512,2020,goats,111735.54,1468529.0,2395243.0,2395243.0,11.9762,0.527,12.5032,0.6131023031901147,111.89993801435068,68.60610972342947,I,I,A,E,E,,,
Oman,512,2021,goats,113337.19,1495523.0,2443150.0,2443150.0,12.2157,0.5375,12.7532,0.6121290137732026,112.52440615476702,68.87945376493283,I,I,A,E,E,,,
Oman,512,2022,goats,114961.72,1523011.0,2492013.0,2492013.0,12.4601,0.5482,13.0083,0.6111569241412464,113.15331746950204,69.15443346103882,I,I,A,E,E,,,
Oman,512,2023,goats,116609.59,1551006.0,2541855.0,2541853.0,12.7093,0.5592,13.2685,0.6101866550216279,113.785667199413,69.43049565781399,I,I,A,E,E,,,
Oman,512,2020,sheep,22152.46,470250.0,629742.0,629742.0,3.1487,0.1259,3.2746,0.7467343769353164,147.82105463682137,110.38306313214817,I,I,A,E,E,,,
Oman,512,2021,sheep,22447.44,478927.0,642330.0,642330.0,3.2117,0.1285,3.3402,0.7456089548985724,148.8009323112123,110.94730762849622,I,I,A,E,E,,,
Oman,512,2022,sheep,22746.57,487771.0,655180.0,655177.0,3.2759,0.131,3.4069000000000003,0.7444839586067951,149.77642783065755,111.50614789735288,I,I,A,E,E,,,
Oman,512,2023,sheep,23049.65,496777.0,668285.0,668280.0,3.3414,0.1337,3.4751000000000003,0.7433609911938769,150.76584676990757,112.07344929306264,I,I,A,E,E,,,
Pakistan,586,2020,buffalo,35393200.0,15404000.0,41191000.0,41191000.0,2265.505,205.955,2471.46,0.3739651865698817,69.82866765367358,26.113490727032307,A,A,A,E,E,,,
Pakistan,586,2021,buffalo,36444850.0,15861000.0,42416000.0,42416000.0,2332.88,212.08,2544.96,0.3739390795926066,69.83044243562534,26.11233137192224,A,A,A,E,E,,,
Pakistan,586,2022,buffalo,37527850.0,16333000.0,43676000.0,43676000.0,2402.18,218.38,2620.56,0.3739582379338767,69.82973977992344,26.113406443481303,A,A,A,E,E,,,
Pakistan,586,2023,buffalo,38644100.0,16818000.0,44974000.0,44974000.0,2473.57,224.87,2698.44,0.3739493929826121,69.82799444158358,26.1121361346234,A,A,A,E,E,,,
Pakistan,586,2020,camel,920000.0,410000.0,1104000.0,1104000.0,50.784,2.1197,52.9037,0.3713768115942029,57.50402173913044,21.355660247321996,A,A,A,E,E,,,
Pakistan,586,2021,camel,932000.0,415000.0,1118000.0,1118000.0,51.428,2.1466,53.5746,0.3711985688729874,57.48347639484978,21.337784171612395,A,A,A,E,E,,,
Pakistan,586,2022,camel,944000.0,421000.0,1133000.0,1133000.0,52.118,2.1754,54.293400000000005,0.3715798764342454,57.51419491525424,21.37111743982528,A,A,A,E,E,,,
Pakistan,586,2023,camel,956000.0,426000.0,1148000.0,1148000.0,52.808,2.2042,55.0122,0.3710801393728223,57.54414225941423,21.353488329712945,A,A,A,E,E,,,
Pakistan,586,2020,cattle,21382600.0,14640000.0,49624000.0,14640000.0,849.12,73.2,922.32,1.0,43.13413710212977,43.13413710212977,A,A,E,E,E,,,
Pakistan,586,2021,cattle,22189150.0,15192000.0,51495000.0,15192000.0,881.136,75.96,957.096,1.0,43.13351345139404,43.13351345139404,A,A,E,E,E,,,
Pakistan,586,2022,cattle,23026100.0,15764000.0,53436000.0,15764000.0,914.312,78.82,993.132,1.0,43.13070819635109,43.13070819635109,A,A,E,E,E,,,
Pakistan,586,2023,cattle,23893450.0,16359000.0,55450000.0,16359000.0,948.822,81.795,1030.617,1.0,43.13387141664347,43.13387141664347,A,A,E,E,E,,,
Pakistan,586,2020,goats,965000.0,6798000.0,78207000.0,78207000.0,391.035,13.2952,404.3302000000001,0.0869231654455483,418.9950259067359,36.42037395775302,A,A,A,E,E,,,
Pakistan,586,2021,goats,991000.0,6982000.0,80326000.0,80326000.0,401.63,13.6554,415.2854,0.0869207977491721,419.05691220988894,36.42476111158833,A,A,A,E,E,,,
Pakistan,586,2022,goats,1018000.0,7172000.0,82503000.0,82503000.0,412.515,14.0255,426.5405,0.0869301722361611,418.99852652259335,36.42361407730676,A,A,A,E,E,,,
Pakistan,586,2023,goats,1046000.0,7366000.0,84738000.0,84738000.0,423.69,14.4055,438.0955,0.0869267624914442,418.82934990439776,36.40747942358556,A,A,A,E,E,,,
Pakistan,586,2020,sheep,41000.0,811000.0,31225000.0,31225000.0,156.125,4.6837,160.8087,0.025972778222578,3922.1634146341457,101.86948052100216,A,A,A,E,E,,,
Pakistan,586,2021,sheep,41000.0,820000.0,31595000.0,31595000.0,157.975,4.7393,162.71429999999998,0.0259534736508941,3968.641463414633,103.0000316505776,A,A,A,E,E,,,
Pakistan,586,2022,sheep,42000.0,830000.0,31969000.0,31969000.0,159.845,4.7954,164.6404,0.0259626513184647,3920.009523809524,101.77384043172776,A,A,A,E,E,,,
Pakistan,586,2023,sheep,42000.0,840000.0,32347000.0,32347000.0,161.735,4.8521,166.58710000000002,0.0259684051071196,3966.359523809525,103.000030914768,A,A,A,E,E,,,
Panama,591,2020,cattle,213773.0,144442.0,1505500.0,144486.0,10.403,0.1691,10.5721,1.0,49.454795507384006,49.454795507384006,A,I,E,E,E,,,
Panama,591,2021,cattle,192137.0,144841.0,1509900.0,144886.0,10.4318,0.1695,10.6013,1.0,55.17573398148196,55.17573398148196,A,I,E,E,E,,,
Panama,591,2022,cattle,188490.0,145419.0,1516774.0,145465.0,10.4735,0.1702,10.6437,1.0,56.46824765239536,56.46824765239536,A,I,E,E,E,,,
Panama,591,2023,cattle,184344.0,145634.0,1518656.0,145683.0,10.4892,0.1705,10.6597,1.0,57.82504448205529,57.82504448205529,A,I,E,E,E,,,
Papua New Guinea,598,2020,cattle,164.27,1622.0,91903.0,1626.0,0.1463,0.0488,0.1951,1.0,1187.6788214524868,1187.6788214524868,I,I,E,E,E,,,
Papua New Guinea,598,2021,cattle,164.21,1620.0,91591.0,1625.0,0.1463,0.0488,0.1951,1.0,1188.112782412764,1188.112782412764,I,I,E,E,E,,,
Papua New Guinea,598,2022,cattle,164.2,1619.0,91355.0,1625.0,0.1463,0.0488,0.1951,1.0,1188.1851400730816,1188.1851400730816,I,I,E,E,E,,,
Papua New Guinea,598,2023,cattle,164.18,1617.0,91119.0,1625.0,0.1463,0.0488,0.1951,1.0,1188.329881837008,1188.329881837008,I,I,E,E,E,,,
Papua New Guinea,598,2020,goats,39.7,1350.0,3091.0,3132.0,0.0157,0.0005,0.0162,0.4367518602394047,408.0604534005037,178.2211621128049,I,I,I,E,E,,,
Papua New Guinea,598,2021,goats,39.89,1366.0,3136.0,3128.0,0.0156,0.0005,0.0161,0.4355867346938775,403.6099273000752,175.80713032267306,I,I,I,E,E,,,
Papua New Guinea,598,2022,goats,39.9,1365.0,3130.0,3139.0,0.0157,0.0005,0.0162,0.4361022364217252,406.01503759398497,177.0640659155877,I,I,I,E,E,,,
Papua New Guinea,598,2023,goats,39.96,1369.0,3140.0,3149.0,0.0157,0.0005,0.0162,0.4359872611464968,405.40540540540536,176.7515923566879,I,I,I,E,E,,,
Paraguay,600,2020,cattle,541033.43,214949.0,14026143.0,214864.0,15.4702,0.2149,15.6851,1.0,28.990999687394545,28.990999687394545,A,I,E,E,E,,,
Paraguay,600,2021,cattle,536808.0,213952.0,13919507.0,213876.0,15.3991,0.2139,15.613,1.0,29.084886961446177,29.084886961446177,A,I,E,E,E,,,
Paraguay,600,2022,cattle,558738.0,206926.0,13241944.0,209745.0,15.1016,0.2097,15.3113,1.0,27.40336257780928,27.40336257780928,A,I,E,E,E,,,
Paraguay,600,2023,cattle,559000.0,205668.0,13113252.0,209997.0,15.1198,0.21,15.3298,1.0,27.42361359570662,27.42361359570662,E,I,E,E,E,,,
Peru,604,2020,cattle,2138028.44,906689.0,5636388.0,906689.0,65.2816,0.9067,66.1883,1.0,30.957633098650454,30.957633098650454,A,A,E,E,E,,,
Peru,604,2021,cattle,2184934.54,932745.0,5853660.0,932745.0,67.1576,0.9327,68.0903,1.0,31.163542318297555,31.163542318297555,A,A,E,E,E,,,
Peru,604,2022,cattle,2246935.86,945549.0,5862305.0,945549.0,68.0795,0.9455,69.02499999999999,1.0,30.71961297551235,30.71961297551235,A,A,E,E,E,,,
Peru,604,2023,cattle,2201096.29,933433.0,5876213.0,933433.0,67.2072,0.9334,68.1406,1.0,30.957573419016576,30.957573419016576,A,A,E,E,E,,,
Peru,604,2020,goats,20580.56,254524.0,1801257.0,1801257.0,9.0063,0.3062,9.3125,0.1413035452464584,452.490116887004,63.93845770511804,I,I,A,E,E,,,
Peru,604,2021,goats,20291.57,249487.0,1754968.0,1754968.0,8.7748,0.2983,9.0731,0.1421604268567859,447.13642167658793,63.5651045687596,I,I,A,E,E,,,
Peru,604,2022,goats,20392.15,251038.0,1767612.0,1767612.0,8.8381,0.3005,9.1386,0.1420209865060884,448.1430354327523,63.645715987992425,I,I,A,E,E,,,
Peru,604,2023,goats,20389.3,250843.0,1764665.0,1764665.0,8.8233,0.3,9.1233,0.1421476597541176,447.4552829180011,63.60472131141047,I,I,A,E,E,,,
Philippines,608,2020,cattle,27511.0,12000.0,2541959.0,12000.0,0.816,0.3308,1.1467999999999998,1.0,41.68514412416851,41.68514412416851,A,E,E,E,E,,,
Philippines,608,2021,cattle,27089.0,12000.0,2605262.0,12000.0,0.816,0.3308,1.1467999999999998,1.0,42.33452692975008,42.33452692975008,A,E,E,E,E,,,
Philippines,608,2022,cattle,31188.0,14000.0,2577506.0,14000.0,0.952,0.3859,1.3379,1.0,42.897909452353474,42.897909452353474,A,E,E,E,E,,,
Philippines,608,2023,cattle,29980.0,13000.0,2581371.0,13000.0,0.884,0.3584,1.2424,1.0,41.44096064042695,41.44096064042695,A,E,E,E,E,,,
Poland,616,2020,cattle,14821820.0,2125700.0,6278900.0,2125700.0,210.4443,23.3827,233.827,1.0,15.775862883235662,15.775862883235662,A,A,E,E,E,,,
Poland,616,2021,cattle,14881110.0,2035200.0,6378700.0,2035200.0,201.4848,22.3872,223.872,1.0,15.044039053538343,15.044039053538343,A,A,E,E,E,,,
Poland,616,2022,cattle,15208490.0,2037280.0,6448290.0,2037280.0,201.6907,22.4101,224.1008,1.0,14.735243275302151,14.735243275302151,A,A,E,E,E,,,
Poland,616,2023,cattle,15482240.0,2243330.0,6267460.0,2243330.0,222.0897,24.6766,246.7663,1.0,15.938669081476585,15.938669081476585,A,A,E,E,E,,,
Portugal,620,2020,cattle,1993610.0,232750.0,1691320.0,232750.0,27.2318,7.979,35.2108,1.0,17.661829545397545,17.661829545397545,A,A,E,E,E,,,
Portugal,620,2021,cattle,1995550.0,230020.0,1640650.0,230020.0,26.9123,7.8854,34.7977,1.0,17.437648768509934,17.437648768509934,A,A,E,E,E,,,
Portugal,620,2022,cattle,1928870.0,221540.0,1579140.0,221540.0,25.9202,7.5947,33.5149,1.0,17.375406325983604,17.375406325983604,A,A,E,E,E,,,
Portugal,620,2023,cattle,1959930.0,218840.0,1527720.0,218840.0,25.6043,7.5021,33.1064,1.0,16.89162368043757,16.89162368043757,A,A,E,E,E,,,
Portugal,620,2020,goats,31200.0,312710.0,368420.0,368420.0,1.8421,0.0737,1.9158,0.8487867108191738,61.40384615384615,52.118768608569646,A,A,A,E,E,,,
Portugal,620,2021,goats,30710.0,307970.0,364500.0,364500.0,1.8225,0.0729,1.8954,0.8449108367626886,61.719309671116896,52.14731357863888,A,A,A,E,E,,,
Portugal,620,2022,goats,29880.0,299000.0,352050.0,352050.0,1.7603,0.0704,1.8307,0.8493111773895753,61.26840696117805,52.03594285298178,A,A,A,E,E,,,
Portugal,620,2023,goats,28430.0,283240.0,335620.0,335620.0,1.6781,0.0671,1.7452,0.8439306358381503,61.38586000703482,51.80540786720858,A,A,A,E,E,,,
Portugal,620,2020,sheep,74310.0,272840.0,2303720.0,2303720.0,18.4298,0.645,19.0748,0.1184345319743718,256.6922352307899,30.401224741013973,A,A,A,E,E,,,
Portugal,620,2021,sheep,73930.0,263150.0,2293410.0,2293410.0,18.3473,0.6422,18.9895,0.1147418036897022,256.8578384958745,29.47233168085487,A,A,A,E,E,,,
Portugal,620,2022,sheep,72180.0,250690.0,2269280.0,2269280.0,18.1542,0.6354,18.7896,0.1104711626595219,260.31587697423106,28.757397588076387,A,A,A,E,E,,,
Portugal,620,2023,sheep,70320.0,238420.0,2216700.0,2216700.0,17.7336,0.6207,18.3543,0.1075562773492127,261.01109215017067,28.073381418524693,A,A,A,E,E,,,
Puerto Rico,630,2020,cattle,242000.0,65000.0,217925.0,65000.0,4.68,0.0791,4.7591,1.0,19.665702479338844,19.665702479338844,E,E,E,E,E,,,
Puerto Rico,630,2021,cattle,213296.9,56340.0,210266.0,61977.0,4.4623,0.0754,4.5377,1.0,21.27410196772668,21.27410196772668,I,I,E,E,E,,,
Puerto Rico,630,2022,cattle,234700.0,60895.0,202621.0,60895.0,4.3844,0.0741,4.4585,1.0,18.996591393268,18.996591393268,A,A,E,E,E,,,
Puerto Rico,630,2023,cattle,223838.06,58959.0,222198.0,59674.0,4.2965,0.0726,4.3691,1.0,19.51902192147305,19.51902192147305,I,I,E,E,E,,,
Puerto Rico,630,2020,goats,59.56,2090.0,3612.0,3502.0,0.0175,0.0006,0.0181,0.5786267995570321,303.8952316991269,175.84192531870858,I,I,I,E,E,,,
Puerto Rico,630,2021,goats,59.57,2089.0,3607.0,3453.0,0.0173,0.0006,0.0179,0.57915164957028,300.48682222595266,174.02743876629197,I,I,I,E,E,,,
Puerto Rico,630,2022,goats,58.7,2015.0,3446.0,3446.0,0.0172,0.0006,0.0178,0.5847359257109692,303.236797274276,177.31344936380327,I,I,A,E,E,,,
Puerto Rico,630,2023,goats,59.36,2067.0,3555.0,3335.0,0.0167,0.0006,0.0173,0.5814345991561182,291.4420485175202,169.45449065702232,I,I,I,E,E,,,
Qatar,634,2020,camel,18892.04,32827.0,125860.0,125860.0,5.7896,0.3222,6.1118,0.2608215477514699,323.5119129538154,84.37887785265293,I,I,A,E,E,,,
Qatar,634,2021,camel,18255.28,31534.0,119560.0,119560.0,5.4998,0.3061,5.805899999999999,0.2637504182000669,318.0394932315472,83.88304934395792,I,I,A,E,E,,,
Qatar,634,2022,camel,16930.79,28888.0,106972.0,106972.0,4.9207,0.2738,5.1945,0.2700519762180757,306.80789260276686,82.85407771668034,I,I,A,E,E,,,
Qatar,634,2023,camel,16261.68,27557.0,100726.0,100726.0,4.6334,0.2579,4.8913,0.2735837817445347,300.7868805683054,82.29041228501868,I,I,A,E,E,,,
Qatar,634,2020,cattle,7500.0,5300.0,44718.0,5300.0,0.2438,0.0158,0.2596,1.0,34.61333333333334,34.61333333333334,E,E,E,E,E,,,
Qatar,634,2021,cattle,7500.0,5300.0,50721.0,5300.0,0.2438,0.0158,0.2596,1.0,34.61333333333334,34.61333333333334,E,E,E,E,E,,,
Qatar,634,2022,cattle,7500.0,5300.0,41575.0,5300.0,0.2438,0.0158,0.2596,1.0,34.61333333333334,34.61333333333334,E,E,E,E,E,,,
Qatar,634,2023,cattle,7500.0,5300.0,43977.0,5300.0,0.2438,0.0158,0.2596,1.0,34.61333333333334,34.61333333333334,E,E,E,E,E,,,
Qatar,634,2020,goats,10431.97,142782.0,458835.0,458835.0,2.2942,0.1009,2.3951,0.3111837588675668,229.59230135822855,71.44539534370873,I,I,A,E,E,,,
Qatar,634,2021,goats,9418.32,123488.0,384703.0,384703.0,1.9235,0.0846,2.0081,0.3209956771847373,213.2121227565001,68.4401697282181,I,I,A,E,E,,,
Qatar,634,2022,goats,9039.73,116456.0,358137.0,358137.0,1.7907,0.0788,1.8695,0.3251716521889667,206.80927417079937,67.24851337011984,I,I,A,E,E,,,
Qatar,634,2023,goats,9253.97,120306.0,372262.0,372262.0,1.8613,0.0819,1.9432,0.3231756128748032,209.98555214680837,67.86220950989875,I,I,A,E,E,,,
Qatar,634,2020,sheep,12530.1,275758.0,1021718.0,1021718.0,5.1086,0.2043,5.3129,0.2698963901976866,424.01098155641216,114.43903332625352,I,I,A,E,E,,,
Qatar,634,2021,sheep,11827.63,253310.0,921379.0,921379.0,4.6069,0.1843,4.791200000000001,0.2749248680510409,405.085380587658,111.36804480746756,I,I,A,E,E,,,
Qatar,634,2022,sheep,11035.08,228759.0,813941.0,813941.0,4.0697,0.1628,4.2325,0.2810510835551962,383.5495528804504,107.79701743416162,I,I,A,E,E,,,
Qatar,634,2023,sheep,11018.2,228106.0,810601.0,810601.0,4.053,0.1621,4.2151,0.2814035511922635,382.5579495743406,107.65316554705032,I,I,A,E,E,,,
Republic of Korea,410,2020,cattle,2088786.0,202349.0,3804976.0,202349.0,13.7597,2.0235,15.7832,1.0,7.556159415086084,7.556159415086084,A,A,E,E,E,,,
Republic of Korea,410,2021,cattle,2034384.0,196098.0,3990257.0,196098.0,13.3347,1.961,15.2957,1.0,7.518590393947258,7.518590393947258,A,A,E,E,E,,,
Republic of Korea,410,2022,cattle,1975414.0,190803.0,4116407.0,190803.0,12.9746,1.908,14.8826,1.0,7.533914409840166,7.533914409840166,A,A,E,E,E,,,
Republic of Korea,410,2023,cattle,1929913.0,193076.0,4035076.0,193076.0,13.1292,1.9308,15.06,1.0,7.8034605705024,7.8034605705024,A,A,E,E,E,,,
Republic of Korea,410,2020,goats,9036.31,69522.0,314087.0,331575.0,1.6579,0.0365,1.6944,0.2213463148745411,187.5101673138704,41.50468453643384,I,I,I,E,E,,,
Republic of Korea,410,2021,goats,8957.21,68661.0,308992.0,309413.0,1.5471,0.034,1.5811,0.2222096364954432,176.51701813399484,39.22378243481456,I,I,E,E,E,,,
Republic of Korea,410,2022,goats,8926.76,68307.0,306776.0,314524.0,1.5726,0.0346,1.6072,0.2226608339635434,180.04292710905187,40.08850829933896,I,I,E,E,E,,,
Republic of Korea,410,2023,goats,9034.1,69379.0,312638.0,322919.0,1.6146,0.0355,1.6501,0.2219148024232499,182.65239481520015,40.53327010754858,I,I,E,E,E,,,
Republic of Moldova,498,2020,cattle,290529.0,71256.0,108900.0,71256.0,7.0543,0.7838,7.8381,1.0,26.97871813140857,26.97871813140857,A,A,E,E,E,,,
Republic of Moldova,498,2021,cattle,264948.0,68459.0,104074.0,68459.0,6.7774,0.753,7.5304,1.0,28.42218095626312,28.42218095626312,A,A,E,E,E,,,
Republic of Moldova,498,2022,cattle,240931.0,67066.0,102368.0,67066.0,6.6395,0.7377,7.3772,1.0,30.619554976321023,30.619554976321023,A,A,E,E,E,,,
Republic of Moldova,498,2023,cattle,231905.0,63072.0,101030.0,63072.0,6.2441,0.6938,6.937900000000001,1.0,29.916991871671595,29.916991871671595,A,A,E,E,E,,,
Republic of Moldova,498,2020,goats,7056.0,109439.0,142000.0,142000.0,0.71,0.0185,0.7284999999999999,0.7706971830985916,103.24546485260772,79.57098892960941,A,A,A,E,E,,,
Republic of Moldova,498,2021,goats,7186.0,105094.0,139926.0,139926.0,0.6996,0.0182,0.7178,0.7510684218801367,99.88867241859172,75.02322755713361,A,A,A,E,E,,,
Republic of Moldova,498,2022,goats,7133.0,102037.0,137021.0,137021.0,0.6851,0.0178,0.7029000000000001,0.744681472183096,98.54198794336185,73.3823926535116,A,A,A,E,E,,,
Republic of Moldova,498,2023,goats,7377.0,100290.0,133034.0,133034.0,0.6652,0.0173,0.6825,0.7538674323857059,92.51728344855631,69.74576692466373,A,A,A,E,E,,,
Republic of Moldova,498,2020,sheep,24164.0,374043.0,474400.0,474400.0,3.7952,0.0901,3.8853,0.7884548903878583,160.78877669260058,126.77469730276222,A,A,A,E,E,,,
Republic of Moldova,498,2021,sheep,23134.0,339139.0,433849.0,433849.0,3.4708,0.0824,3.5532,0.7816982406321094,153.59211550099425,120.06268646209092,A,A,A,E,E,,,
Republic of Moldova,498,2022,sheep,22962.0,327826.0,419290.0,419290.0,3.3543,0.0797,3.434,0.7818598106322593,149.55143280202074,116.92825493037098,A,A,A,E,E,,,
Republic of Moldova,498,2023,sheep,22001.0,315307.0,416895.0,416895.0,3.3352,0.0792,3.4144,0.7563223353602226,155.19294577519204,117.37589118012563,A,A,A,E,E,,,
Romania,642,2020,cattle,3679600.0,1121900.0,1875200.0,1121900.0,111.0681,12.3409,123.409,1.0,33.538699858680296,33.538699858680296,A,A,E,E,E,,,
Romania,642,2021,cattle,3637000.0,1081900.0,1826800.0,1081900.0,107.1081,11.9009,119.009,1.0,32.721748693978554,32.721748693978554,A,A,E,E,E,,,
Romania,642,2022,cattle,3621800.0,1075600.0,1833700.0,1075600.0,106.4844,11.8316,118.316,1.0,32.66773427577448,32.66773427577448,A,A,E,E,E,,,
Romania,642,2023,cattle,3618800.0,1056700.0,1814700.0,1056700.0,104.6133,11.6237,116.237,1.0,32.12031612689289,32.12031612689289,A,A,E,E,E,,,
Romania,642,2020,goats,240800.0,1290800.0,1611800.0,1611800.0,8.059,0.2095,8.2685,0.8008437771435662,34.3376245847176,27.499072970563024,A,A,A,E,E,,,
Romania,642,2021,goats,227800.0,1218100.0,1492500.0,1492500.0,7.4625,0.194,7.6565,0.8161474036850921,33.61062335381914,27.431222986457016,A,A,A,E,E,,,
Romania,642,2022,goats,221600.0,1215000.0,1483200.0,1483200.0,7.416,0.1928,7.6088,0.8191747572815534,34.335740072202164,28.126971539728714,A,A,A,E,E,,,
Romania,642,2023,goats,231900.0,1161600.0,1421700.0,1421700.0,7.1085,0.1848,7.2933,0.8170500105507491,31.45019404915912,25.696381379688564,A,A,A,E,E,,,
Romania,642,2020,sheep,426000.0,7761400.0,10281500.0,10281500.0,82.252,1.9535,84.2055,0.7548898507027185,197.6654929577465,149.2156744679525,A,A,A,E,E,,,
Romania,642,2021,sheep,419700.0,7723100.0,10087400.0,10087400.0,80.6992,1.9166,82.61580000000001,0.7656184943592997,196.8448892065761,150.708087696662,A,A,A,E,E,,,
Romania,642,2022,sheep,404400.0,7854900.0,10247400.0,10247400.0,81.9792,1.947,83.92620000000001,0.766526143216816,207.5326409495549,159.0791948586626,A,A,A,E,E,,,
Romania,642,2023,sheep,448400.0,7827400.0,10299500.0,10299500.0,82.396,1.9569,84.3529,0.7599786397397932,188.1197591436218,142.9669986621472,A,A,A,E,E,,,
Russian Federation,643,2020,camel,28.79,189.0,5676.0,5676.0,0.2611,0.009,0.2701,0.0332980972515856,9381.729767280303,312.3937501789954,I,I,A,E,E,,,
Russian Federation,643,2021,camel,28.83,189.0,5687.0,5687.0,0.2616,0.009,0.2706,0.0332336908739229,9386.056191467222,311.93328999249246,I,I,A,E,E,,,
Russian Federation,643,2022,camel,28.67,187.0,5538.0,5538.0,0.2547,0.0088,0.2634999999999999,0.0337667027807872,9190.79176839902,310.3427339636361,I,I,A,E,E,,,
Russian Federation,643,2023,camel,28.45,183.0,5339.0,5374.0,0.2472,0.0085,0.2557,0.0342760816632328,8987.697715289984,308.06306085373046,I,I,I,E,E,,,
Russian Federation,643,2020,cattle,31959801.0,6571603.0,18126003.0,6571603.0,650.5887,72.2876,722.8763,1.0,22.61829790492125,22.61829790492125,A,A,E,E,E,,,
Russian Federation,643,2021,cattle,32078587.0,6394372.0,18027172.0,6394372.0,633.0428,70.3381,703.3809000000001,1.0,21.92680431965411,21.92680431965411,A,A,E,E,E,,,
Russian Federation,643,2022,cattle,32738522.0,6268581.0,17649619.0,6268581.0,620.5895,68.9544,689.5439,1.0,21.062157295921917,21.062157295921917,A,A,E,E,E,,,
Russian Federation,643,2023,cattle,33559230.0,6411519.0,17489037.0,6411519.0,634.7404,70.5267,705.2671,1.0,21.015592431649956,21.015592431649956,E,E,E,E,E,,,
Russian Federation,643,2020,goats,254357.0,765330.0,1962609.0,1962609.0,9.813,0.2551,10.0681,0.3899554113937111,39.58255522749521,15.435431607752188,A,A,A,E,E,,,
Russian Federation,643,2021,goats,249284.0,735030.0,1874524.0,1874524.0,9.3726,0.2437,9.6163,0.3921155450663742,38.57568074966705,15.126124083462134,A,A,A,E,E,,,
Russian Federation,643,2022,goats,233757.0,704200.0,1811125.0,1811125.0,9.0556,0.2354,9.291,0.3888191041479743,39.74640331626433,15.454160930533972,A,A,A,E,E,,,
Russian Federation,643,2023,goats,239620.0,716706.0,1748200.0,1748200.0,8.741,0.2273,8.9683,0.4099679670518247,37.42717636257407,15.343943405854604,E,I,A,E,E,,,
Russian Federation,643,2020,sheep,4979.0,3705813.0,20654963.0,20654963.0,165.2397,3.9244,169.1641,0.1794151362072156,33975.51717212292,6095.722041147028,A,A,A,E,E,,,
Russian Federation,643,2021,sheep,5379.0,3090003.0,19785390.0,19785390.0,158.2831,3.7592,162.04229999999998,0.1561759965307734,30124.98605688789,4704.799717910123,A,A,A,E,E,,,
Russian Federation,643,2022,sheep,5649.0,3728644.0,19148212.0,19148212.0,153.1857,3.6382,156.8239,0.1947254396389595,27761.35599221101,5405.842250556952,A,A,A,E,E,,,
Russian Federation,643,2023,sheep,5790.0,3508153.0,19083000.0,19083000.0,152.664,3.6258,156.2898,0.1838365560970497,26993.056994818657,4962.310636458841,E,E,A,E,E,,,
Rwanda,646,2020,cattle,195682.98,390318.0,1608499.0,389795.0,17.9306,0.3898,18.3204,1.0,93.62285876881064,93.62285876881064,I,I,E,E,E,,,
Rwanda,646,2021,cattle,186047.18,368361.0,1498466.0,368102.0,16.9327,0.3681,17.3008,1.0,92.99146592815865,92.99146592815865,I,I,E,E,E,,,
Rwanda,646,2022,cattle,179472.42,353425.0,1424180.0,353085.0,16.2419,0.3531,16.595000000000002,1.0,92.46546070978484,92.46546070978484,I,I,E,E,E,,,
Rwanda,646,2023,cattle,182287.47,359561.0,1453264.0,356853.0,16.4152,0.3569,16.7721,1.0,92.00906677787562,92.00906677787562,I,I,E,E,E,,,
Rwanda,646,2020,goats,51600.89,640849.0,1745806.0,1745806.0,8.729,0.2968,9.025799999999998,0.3670791599983045,174.9155876962587,64.20786700215241,I,I,A,E,E,,,
Rwanda,646,2021,goats,50515.86,622524.0,1686462.0,1699322.0,8.4966,0.2889,8.7855,0.3691301671783888,173.91567717544552,64.1975229907149,I,I,I,E,E,,,
Rwanda,646,2022,goats,47175.6,567737.0,1513140.0,1513140.0,7.5657,0.2572,7.8229,0.3752045415493609,165.82512994005376,62.21834185652108,I,I,A,E,E,,,
Rwanda,646,2023,goats,47849.45,578286.0,1545121.0,1503941.0,7.5197,0.2557,7.7754,0.374265834196804,162.49716558915517,60.81713723384135,I,I,I,E,E,,,
Rwanda,646,2020,sheep,6390.93,85035.0,420365.0,420365.0,2.1018,0.0631,2.1649,0.2022884873859622,338.7456911591896,68.52435347310478,I,I,A,E,E,,,
Rwanda,646,2021,sheep,6143.54,80297.0,390767.0,393612.0,1.9681,0.059,2.0271,0.205485621866739,329.9563443877633,67.80128461539545,I,I,I,E,E,,,
Rwanda,646,2022,sheep,5617.43,70564.0,331748.0,331748.0,1.6587,0.0498,1.7085,0.2127036184091539,304.1426417418641,64.69224041101349,I,I,A,E,E,,,
Rwanda,646,2023,sheep,5331.57,65424.0,301343.0,307998.0,1.54,0.0462,1.5862,0.2171080794974497,297.51086452958515,64.59201242764418,I,I,I,E,E,,,
Saint Lucia,662,2020,cattle,1027.12,732.0,10476.0,737.0,0.0531,0.0015,0.0546,1.0,53.158345665550286,53.158345665550286,I,I,E,E,E,,,
Saint Lucia,662,2021,cattle,1030.11,734.0,10514.0,738.0,0.0531,0.0015,0.0546,1.0,53.00404811136676,53.00404811136676,I,I,E,E,E,,,
Saint Lucia,662,2022,cattle,1031.6,735.0,10524.0,737.0,0.0531,0.0015,0.0546,1.0,52.92749127568826,52.92749127568826,I,I,E,E,E,,,
Saint Lucia,662,2023,cattle,1031.51,735.0,10505.0,737.0,0.0531,0.0015,0.0546,1.0,52.93210923791335,52.93210923791335,I,I,E,E,E,,,
Saint Vincent and the Grenadines,670,2020,cattle,967.37,690.0,3390.0,584.0,0.042,0.0007,0.0427,1.0,44.1402979211677,44.1402979211677,I,I,E,E,E,,,
Saint Vincent and the Grenadines,670,2021,cattle,897.99,636.0,3000.0,563.0,0.0405,0.0006,0.0411,1.0,45.76888384057728,45.76888384057728,I,I,E,E,E,,,
Saint Vincent and the Grenadines,670,2022,cattle,920.82,653.0,3120.0,544.0,0.0392,0.0006,0.0398,1.0,43.22234530092743,43.22234530092743,I,I,E,E,E,,,
Saint Vincent and the Grenadines,670,2023,cattle,862.18,608.0,2800.0,525.0,0.0378,0.0006,0.0384,1.0,44.53826347166485,44.53826347166485,I,I,E,E,E,,,
Samoa,882,2020,cattle,1648.79,1665.0,41928.0,1479.0,0.1331,0.0458,0.1789,1.0,108.50381188629238,108.50381188629238,I,I,E,E,E,,,
Samoa,882,2021,cattle,1617.28,1628.0,40345.0,1651.0,0.1486,0.0512,0.1998,1.0,123.5407597942224,123.5407597942224,I,I,E,E,E,,,
Samoa,882,2022,cattle,1585.98,1592.0,38804.0,1624.0,0.1462,0.0503,0.1965,1.0,123.89815760602276,123.89815760602276,I,I,E,E,E,,,
Samoa,882,2023,cattle,1570.99,1574.0,38042.0,1623.0,0.1461,0.0503,0.1964,1.0,125.0167092088428,125.0167092088428,I,I,E,E,E,,,
Sao Tome and Principe,678,2020,cattle,551.48,415.0,1415.0,420.0,0.0193,0.0004,0.0197,1.0,35.72205701022702,35.72205701022702,I,I,E,E,E,,,
Sao Tome and Principe,678,2021,cattle,560.89,422.0,1452.0,418.0,0.0192,0.0004,0.0196,1.0,34.944463263741554,34.944463263741554,I,I,E,E,E,,,
Sao Tome and Principe,678,2022,cattle,571.78,431.0,1496.0,423.0,0.0195,0.0004,0.0199,1.0,34.803595788590016,34.803595788590016,I,I,E,E,E,,,
Sao Tome and Principe,678,2023,cattle,583.07,440.0,1542.0,427.0,0.0196,0.0004,0.02,1.0,34.301198826899,34.301198826899,I,I,E,E,E,,,
Saudi Arabia,682,2020,camel,135400.0,277860.0,1400000.0,1400000.0,64.4,2.7832,67.1832,0.1984714285714285,496.1831610044313,98.47818079763664,A,E,A,E,E,,,
Saudi Arabia,682,2021,camel,137070.0,278448.0,1390091.0,1390091.0,63.9442,2.7635,66.7077,0.2003091883912636,486.66885532939375,97.48424342633616,E,E,A,E,E,,,
Saudi Arabia,682,2022,camel,135540.0,278775.0,2000242.0,2000242.0,92.0111,3.9765,95.9876,0.1393706361530254,708.1865132064335,98.7004048605736,E,E,A,E,E,,,
Saudi Arabia,682,2023,camel,136003.33,278361.0,2210197.0,1981605.0,91.1538,3.9395,95.0933,0.1259439769396121,699.198321099932,88.05981722882538,E,E,I,E,E,,,
Saudi Arabia,682,2020,cattle,2593771.0,224541.0,700000.0,224541.0,10.3289,0.4491,10.778,1.0,4.155339850742414,4.155339850742414,A,A,E,E,E,,,
Saudi Arabia,682,2021,cattle,3195444.01,231732.0,453603.0,205932.0,9.4729,0.4119,9.884799999999998,1.0,3.093404224597883,3.093404224597883,A,A,E,E,E,,,
Saudi Arabia,682,2022,cattle,2200000.0,170000.0,312060.0,204906.0,9.4257,0.4098,9.8355,1.0,4.470681818181818,4.470681818181818,E,E,E,E,E,,,
Saudi Arabia,682,2023,cattle,2953421.61,234436.0,501975.0,192436.0,8.8521,0.3849,9.237,1.0,3.1275588858442736,3.1275588858442736,A,A,E,E,E,,,
Saudi Arabia,682,2020,goats,95196.7,2090541.0,6100000.0,6100000.0,30.5,1.0694,31.5694,0.3427116393442623,331.6228398673484,113.65100709493876,I,I,A,E,E,,,
Saudi Arabia,682,2021,goats,95233.4,2090425.0,6095789.0,6095789.0,30.4789,1.0687,31.5476,0.3429293566427578,331.26613142027907,113.60088132549156,I,I,A,E,E,,,
Saudi Arabia,682,2022,goats,101886.62,2292101.0,6779154.0,6779154.0,33.8958,1.1885,35.0843,0.3381101830700408,344.3464902457261,116.42705485650848,I,I,A,E,E,,,
Saudi Arabia,682,2023,goats,107898.9,2478309.0,7417684.0,6324981.0,31.6249,1.1089,32.7338,0.334108193339053,303.37473319931905,101.35998401394173,I,I,E,E,E,,,
Saudi Arabia,682,2020,sheep,81240.0,2879684.0,17500000.0,17500000.0,87.5,2.718,90.218,0.1645533714285714,1110.5120630231413,182.7385039825561,A,E,A,E,E,,,
Saudi Arabia,682,2021,sheep,85390.0,2884892.0,17535421.0,17535421.0,87.6771,2.7235,90.4006,0.1645179776407991,1058.6790022250848,174.17172841685004,E,E,A,E,E,,,
Saudi Arabia,682,2022,sheep,82373.33,2885280.0,21804724.0,21804724.0,109.0236,3.3866,112.4102,0.1323236194138481,1364.6431435999978,180.5745199694434,E,E,A,E,E,,,
Saudi Arabia,682,2023,sheep,83001.11,2883285.0,21999998.0,18946715.0,94.7336,2.9427,97.6763,0.131058421005311,1176.8071535428862,154.23048737108525,E,E,E,E,E,,,
Senegal,686,2020,camel,540.08,1596.0,5079.0,5079.0,0.2336,0.013,0.2466,0.3142350856467809,456.5990223670568,143.4794328997485,I,I,A,E,E,,,
Senegal,686,2021,camel,540.83,1598.0,5084.0,5084.0,0.2339,0.013,0.2469,0.3143194335169158,456.5205332544422,143.49327540137662,I,I,A,E,E,,,
Senegal,686,2022,camel,546.31,1619.0,5172.0,5192.0,0.2388,0.0133,0.2521,0.3130317092034029,461.4596108436602,144.45149071072814,I,I,A,E,E,,,
Senegal,686,2023,camel,245.5,546.0,1182.0,5254.0,0.2417,0.0135,0.2552,0.4619289340101523,1039.5112016293276,480.1803012602478,I,I,I,E,E,,,
Senegal,686,2020,cattle,220666.67,813333.0,3658199.0,813333.0,37.4133,0.8133,38.2266,1.0,173.23232366718543,173.23232366718543,E,E,E,E,E,,,
Senegal,686,2021,cattle,222222.22,821111.0,3678029.0,821111.0,37.7711,0.8211,38.5922,1.0,173.664901736649,173.664901736649,E,E,E,E,E,,,
Senegal,686,2022,cattle,222629.63,828148.0,3765797.0,701658.0,32.2763,0.7017,32.978,1.0,148.12942913304036,148.12942913304036,E,E,E,E,E,,,
Senegal,686,2023,cattle,230000.0,835000.0,3831583.0,708246.0,32.5793,0.7082,33.2875,1.0,144.72826086956525,144.72826086956525,E,E,E,E,E,,,
Senegal,686,2020,goats,13970.56,769725.0,6489523.0,6489523.0,32.4476,1.4277,33.8753,0.1186104125064353,2424.763216363553,287.6021653233121,I,I,A,E,E,,,
Senegal,686,2021,goats,13866.98,760331.0,6385674.0,6385674.0,31.9284,1.4048,33.3332,0.1190682455759564,2403.782222228632,286.21413194743707,I,I,A,E,E,,,
Senegal,686,2022,goats,15121.34,869784.0,7558169.0,6590015.0,32.9501,1.4498,34.3999,0.1150786652164036,2274.92404773651,261.7952228822156,I,I,A,E,E,,,
Senegal,686,2023,goats,14352.05,801180.0,6811122.0,6488404.0,32.442,1.4274,33.8694,0.1176281969402398,2359.8998052543016,277.5907590516866,I,I,E,E,E,,,
Senegal,686,2020,sheep,11975.84,881661.0,7699966.0,7699966.0,38.4998,1.54,40.0398,0.1145019341643846,3343.381341100081,382.8236302050734,I,I,A,E,E,,,
Senegal,686,2021,sheep,12004.74,884474.0,7725647.0,7725647.0,38.6282,1.5451,40.1733,0.1144854275635425,3346.453151005353,383.12011981421216,I,I,A,E,E,,,
Senegal,686,2022,sheep,12687.55,965928.0,8625583.0,7972868.0,39.8643,1.5946,41.4589,0.1119840826991056,3267.6836741530087,365.928558800868,I,I,A,E,E,,,
Senegal,686,2023,sheep,12839.25,983858.0,8821565.0,8196297.0,40.9815,1.6393,42.6208,0.1115287366810764,3319.5708472068072,370.2275429123058,I,I,I,E,E,,,
Serbia,688,2020,cattle,1539445.0,421748.0,886127.0,421748.0,49.3445,9.0299,58.3744,1.0,37.91912020241061,37.91912020241061,A,A,E,E,E,,,
Serbia,688,2021,cattle,1517686.0,406390.0,859514.0,406390.0,47.5476,8.7011,56.2487,1.0,37.06214592478286,37.06214592478286,A,A,E,E,E,,,
Serbia,688,2022,cattle,1468036.0,388851.0,799844.0,388851.0,45.4956,8.3255,53.8211,1.0,36.66197559187922,36.66197559187922,A,A,E,E,E,,,
Serbia,688,2023,cattle,1383806.0,354698.0,725408.0,354698.0,41.4997,7.5943,49.094,1.0,35.47751635706161,35.47751635706161,A,A,E,E,E,,,
Serbia,688,2020,goats,34712.0,119145.0,202325.0,202325.0,1.0116,0.0263,1.0379,0.588879278388731,29.900322654989637,17.60768042866052,A,A,A,E,E,,,
Serbia,688,2021,goats,35399.0,115575.0,195037.0,195037.0,0.9752,0.0254,1.0006,0.5925798694606664,28.26633520720924,16.750061227219494,A,A,A,E,E,,,
Serbia,688,2022,goats,34771.0,111403.0,191703.0,191703.0,0.9585,0.0249,0.9834,0.5811228827926532,28.28218918063904,16.435427308340145,A,A,A,E,E,,,
Serbia,688,2023,goats,21382.0,87418.0,147077.0,147077.0,0.7354,0.0191,0.7545000000000001,0.5943689359995105,35.28668973903284,20.97331223513379,A,A,A,E,E,,,
Serbia,688,2020,sheep,9584.0,67242.0,1684613.0,1684613.0,13.4769,0.3201,13.797,0.0399153989670031,1439.586811352254,57.46168192276106,A,A,A,E,E,,,
Serbia,688,2021,sheep,10390.0,67130.0,1695408.0,1695408.0,13.5633,0.3221,13.8854,0.0395951888866868,1336.4196342637154,52.91578785054878,A,A,A,E,E,,,
Serbia,688,2022,sheep,9300.0,55947.0,1720826.0,1720826.0,13.7666,0.327,14.0936,0.0325117123985806,1515.4408602150538,49.269577404369535,A,A,A,E,E,,,
Serbia,688,2023,sheep,11603.0,70523.0,1716809.0,1716809.0,13.7345,0.3262,14.0607,0.0410779533425092,1211.8159096785314,49.778917397485145,A,A,A,E,E,,,
Seychelles,690,2020,cattle,152.18,242.0,500.0,243.0,0.0112,0.0002,0.0114,1.0,74.91128926271521,74.91128926271521,I,I,E,E,E,,,
Seychelles,690,2021,cattle,167.97,275.0,600.0,276.0,0.0127,0.0003,0.013,1.0,77.39477287610883,77.39477287610883,I,I,E,E,E,,,
Seychelles,690,2022,cattle,172.72,285.0,631.0,290.0,0.0133,0.0003,0.0136,1.0,78.74015748031496,78.74015748031496,I,I,E,E,E,,,
Seychelles,690,2023,cattle,155.39,248.0,517.0,243.0,0.0112,0.0002,0.0114,1.0,73.36379432395907,73.36379432395907,I,I,E,E,E,,,
Sierra Leone,694,2020,cattle,142546.12,111312.0,622091.0,111165.0,5.1136,0.1112,5.2248,1.0,36.65340031703424,36.65340031703424,I,I,E,E,E,,,
Sierra Leone,694,2021,cattle,161305.12,126774.0,733029.0,126547.0,5.8212,0.1265,5.9477,1.0,36.87235718246265,36.87235718246265,I,I,E,E,E,,,
Sierra Leone,694,2022,cattle,146936.97,114832.0,646230.0,114671.0,5.2749,0.1147,5.3896,1.0,36.67967292370327,36.67967292370327,I,I,E,E,E,,,
Sierra Leone,694,2023,cattle,150614.57,117815.0,667117.0,117641.0,5.4115,0.1176,5.529100000000001,1.0,36.71025983741148,36.71025983741148,I,I,E,E,E,,,
Slovakia,703,2020,cattle,917690.0,122050.0,442290.0,122050.0,12.083,1.3425,13.4255,1.0,14.629667970665476,14.629667970665476,A,A,E,E,E,,,
Slovakia,703,2021,cattle,902640.0,120070.0,434090.0,120070.0,11.8869,1.3208,13.2077,1.0,14.632300806523087,14.632300806523087,A,A,E,E,E,,,
Slovakia,703,2022,cattle,915120.0,116910.0,433180.0,116910.0,11.5741,1.286,12.8601,1.0,14.052911093627063,14.052911093627063,A,A,E,E,E,,,
Slovakia,703,2023,cattle,913600.0,114900.0,429720.0,114900.0,11.3751,1.2639,12.639,1.0,13.834281961471104,13.834281961471104,A,A,E,E,E,,,
Slovenia,705,2020,cattle,630650.0,99210.0,485610.0,99210.0,11.6076,2.0834,13.691,1.0,21.709347498612544,21.709347498612544,A,A,E,E,E,,,
Slovenia,705,2021,cattle,639930.0,100920.0,482620.0,100920.0,11.8076,2.1193,13.9269,1.0,21.76316159579954,21.76316159579954,A,A,E,E,E,,,
Slovenia,705,2022,cattle,625350.0,93250.0,464910.0,93250.0,10.9102,1.9583,12.8685,1.0,20.57807627728472,20.57807627728472,A,A,E,E,E,,,
Slovenia,705,2023,cattle,605290.0,94690.0,456050.0,94690.0,11.0787,1.9885,13.0672,1.0,21.588329561036858,21.588329561036858,A,A,E,E,E,,,
Slovenia,705,2020,goats,2060.0,5417.0,25680.0,25680.0,0.1284,0.0033,0.1316999999999999,0.2109423676012461,63.932038834951406,13.48597563741946,A,A,A,E,E,,,
Slovenia,705,2021,goats,2360.0,5549.0,25684.0,25684.0,0.1284,0.0033,0.1316999999999999,0.2160489020401806,55.80508474576267,12.05662728758126,A,A,A,E,E,,,
Slovenia,705,2022,goats,2170.0,5154.0,25960.0,25960.0,0.1298,0.0034,0.1331999999999999,0.1985362095531587,61.38248847926263,12.186646595613237,A,A,A,E,E,,,
Slovenia,705,2023,goats,1710.0,4236.0,26824.0,26824.0,0.1341,0.0035,0.1376,0.1579182821354011,80.46783625730994,12.707342468907132,A,A,A,E,E,,,
Slovenia,705,2020,sheep,490.0,3655.0,113734.0,113734.0,0.9099,0.0216,0.9315,0.0321363884150737,1901.0204081632653,61.091930221716765,A,A,A,E,E,,,
Slovenia,705,2021,sheep,650.0,4000.0,119267.0,119267.0,0.9541,0.0227,0.9768,0.0335381958127562,1502.7692307692307,50.400168722923546,A,A,A,E,E,,,
Slovenia,705,2022,sheep,590.0,3740.0,117200.0,117200.0,0.9376,0.0223,0.9599,0.0319112627986348,1626.9491525423728,51.918001966795856,A,A,A,E,E,,,
Slovenia,705,2023,sheep,760.0,4838.0,116323.0,116323.0,0.9306,0.0221,0.9527,0.0415910868873739,1253.5526315789473,52.13661641789626,A,A,A,E,E,,,
Solomon Islands,90,2020,cattle,3026.25,2252.0,15114.0,2269.0,0.2042,0.0701,0.2743,1.0,90.64023130937628,90.64023130937628,I,I,E,E,E,,,
Solomon Islands,90,2021,cattle,3047.68,2268.0,15260.0,2275.0,0.2047,0.0703,0.275,1.0,90.23257034859304,90.23257034859304,I,I,E,E,E,,,
Solomon Islands,90,2022,cattle,3055.01,2273.0,15296.0,2282.0,0.2054,0.0705,0.2759,1.0,90.31067001417344,90.31067001417344,I,I,E,E,E,,,
Solomon Islands,90,2023,cattle,3063.26,2279.0,15338.0,2289.0,0.206,0.0707,0.2767,1.0,90.32860416680268,90.32860416680268,I,I,E,E,E,,,
Somalia,706,2020,camel,986195.2,2474671.0,7490891.0,7465453.0,343.4108,19.1116,362.5224,0.3303573633630499,367.5970031085124,121.43837672708702,I,I,I,E,E,,,
Somalia,706,2021,camel,989565.3,2483090.0,7515781.0,7484594.0,344.2913,19.1606,363.4519,0.3303834957404959,367.2844025553443,121.34470484719418,I,I,I,E,E,,,
Somalia,706,2022,camel,992637.39,2490654.0,7537650.0,7514639.0,345.6734,19.2375,364.9109,0.3304284491850908,367.6175244617775,121.47128850116736,I,I,I,E,E,,,
Somalia,706,2023,camel,996469.74,2500383.0,7567111.0,7541593.0,346.9133,19.3065,366.2198,0.3304276889819642,367.517231381256,121.43786942635822,I,I,I,E,E,,,
Somalia,706,2020,cattle,455265.98,1177955.0,4778805.0,1185277.0,54.5227,1.1853,55.708,1.0,122.36363455051044,122.36363455051044,I,I,E,E,E,,,
Somalia,706,2021,cattle,456409.3,1180777.0,4789380.0,1156769.0,53.2114,1.1568,54.3682,1.0,119.12158669860584,119.12158669860584,I,I,E,E,E,,,
Somalia,706,2022,cattle,456819.22,1181417.0,4789395.0,1135623.0,52.2387,1.1356,53.3743,1.0,116.83899814898332,116.83899814898332,I,I,E,E,E,,,
Somalia,706,2023,cattle,456982.28,1181323.0,4785860.0,1131624.0,52.0547,1.1316,53.1863,1.0,116.3859132568554,116.3859132568554,I,I,E,E,E,,,
Somalia,706,2020,goats,382279.23,6378416.0,11670251.0,11546512.0,57.7326,2.5402,60.2728,0.546553454591508,157.66694936578165,86.17341585077233,I,I,I,E,E,,,
Somalia,706,2021,goats,377339.73,6267468.0,11437018.0,11537677.0,57.6884,2.5383,60.2267,0.547998438054395,159.60869002582896,87.46531283406236,I,I,I,E,E,,,
Somalia,706,2022,goats,376233.68,6240004.0,11374244.0,11500025.0,57.5001,2.53,60.0301,0.5486082415675275,159.55535931817693,87.53338510822006,I,I,I,E,E,,,
Somalia,706,2023,goats,375718.76,6225382.0,11337673.0,11462373.0,57.3119,2.5217,59.8336,0.5490881594485924,159.25103127669215,87.44285565400911,I,I,I,E,E,,,
Somalia,706,2020,sheep,386934.28,5818207.0,11124391.0,11131299.0,55.6565,2.2263,57.8828,0.523013529459725,149.59336246971966,78.23935248903605,I,I,I,E,E,,,
Somalia,706,2021,sheep,373768.06,5559577.0,10565692.0,10945874.0,54.7294,2.1892,56.9186,0.5261914695222991,152.28321007418344,80.13012609250757,I,I,I,E,E,,,
Somalia,706,2022,sheep,355926.57,5214843.0,9828805.0,10543434.0,52.7172,2.1087,54.8259,0.5305673477091061,154.03710939590712,81.72706058096387,I,I,I,E,E,,,
Somalia,706,2023,sheep,334304.36,4804923.0,8962290.0,10333790.0,51.669,2.0668,53.7358,0.5361267042240321,160.73915398530846,86.17655286590262,I,I,I,E,E,,,
South Africa,710,2020,cattle,3853000.0,1001111.0,12297621.0,1001111.0,46.0511,1.0011,47.0522,1.0,12.211834933817803,12.211834933817803,A,E,E,E,E,,,
South Africa,710,2021,cattle,3825000.0,1001481.0,12232115.0,1001481.0,46.0681,1.0015,47.0696,1.0,12.30577777777778,12.30577777777778,A,E,E,E,E,,,
South Africa,710,2022,cattle,3764000.0,1001975.0,12196802.0,1001975.0,46.0909,1.002,47.0929,1.0,12.511397449521784,12.511397449521784,A,E,E,E,E,,,
South Africa,710,2023,cattle,3810000.0,1001523.0,12198082.0,1001523.0,46.0701,1.0015,47.0716,1.0,12.354750656167978,12.354750656167978,A,E,E,E,E,,,
South Sudan,728,2020,cattle,2452701.0,8429253.0,13784065.0,8429399.0,387.7524,8.4294,396.1818,1.0,161.52877990427694,161.52877990427694,A,I,E,E,E,,,
South Sudan,728,2021,cattle,3057310.0,8339026.0,13612784.0,8339575.0,383.6205,8.3396,391.9601,1.0,128.20423836640708,128.20423836640708,A,I,E,E,E,,,
South Sudan,728,2022,cattle,2791258.59,8361863.0,13645892.0,8362454.0,384.6729,8.3625,393.0354,1.0,140.80938305325554,140.80938305325554,I,I,E,E,E,,,
South Sudan,728,2023,cattle,2872794.77,8636714.0,14134585.0,8636823.0,397.2939,8.6368,405.9307,1.0,141.30167049837675,141.30167049837675,I,I,E,E,E,,,
South Sudan,728,2020,goats,540067.47,8493014.0,17590326.0,17590326.0,87.9516,3.8699,91.8215,0.4828230016885417,170.0185719387987,82.08887724629005,I,I,A,E,E,,,
South Sudan,728,2021,goats,471180.5,7115332.0,14412722.0,14412722.0,72.0636,3.1708,75.2344,0.4936841215698186,159.6721426289925,78.82760147296496,I,I,A,E,E,,,
South Sudan,728,2022,goats,516441.93,8006888.0,16444483.0,16444483.0,82.2224,3.6178,85.8402,0.486904209758373,166.21462165165403,80.93059900558556,I,I,E,E,E,,,
South Sudan,728,2023,goats,510463.31,7882892.0,16149177.0,16149177.0,80.7459,3.5528,84.29870000000001,0.488129642767554,165.14154562842137,80.61048367368305,I,I,E,E,E,,,
South Sudan,728,2020,sheep,137922.35,6438585.0,14959238.0,14959238.0,74.7962,2.9918,77.788,0.4304086210808331,563.9985107562335,242.74982130623388,I,I,A,E,E,,,
South Sudan,728,2021,sheep,132452.16,6073185.0,13992944.0,13992944.0,69.9647,2.7986,72.76329999999999,0.4340176734788619,549.3553295016101,238.4299220235024,I,I,A,E,E,,,
South Sudan,728,2022,sheep,135873.61,6294715.0,14563459.0,14563459.0,72.8173,2.9127,75.73,0.4322266434093713,557.3562077286385,240.90420284992572,I,I,E,E,E,,,
South Sudan,728,2023,sheep,135646.43,6275863.0,14505214.0,14505214.0,72.5261,2.901,75.4271,0.4326625584427779,556.0566540527458,240.58489458159167,I,I,E,E,E,,,
Spain,724,2020,cattle,7606070.0,810740.0,6636430.0,810740.0,94.8566,22.1705,117.0271,1.0,15.38601406508223,15.38601406508223,A,A,E,E,E,,,
Spain,724,2021,cattle,7623090.0,808860.0,6576300.0,808860.0,94.6366,22.1191,116.7557,1.0,15.316059498182495,15.316059498182495,A,A,E,E,E,,,
Spain,724,2022,cattle,7454970.0,809990.0,6455130.0,809990.0,94.7688,22.15,116.9188,1.0,15.683336083176728,15.683336083176728,A,A,E,E,E,,,
Spain,724,2023,cattle,7564500.0,785590.0,6294640.0,785590.0,91.914,21.4828,113.3968,1.0,14.990653711415163,14.990653711415163,A,A,E,E,E,,,
Spain,724,2020,goats,523900.0,1890490.0,2651040.0,2651040.0,13.2552,0.3446,13.5998,0.7131125897760878,25.958770757778204,18.511526242482997,A,A,A,E,E,,,
Spain,724,2021,goats,519200.0,1859220.0,2589760.0,2589760.0,12.9488,0.3367,13.2855,0.7179120845174842,25.58840523882897,18.370225344485817,A,A,A,E,E,,,
Spain,724,2022,goats,482080.0,1795320.0,2463450.0,2463450.0,12.3172,0.3202,12.6374,0.7287828046033002,26.214321274477264,19.104546579185502,A,A,A,E,E,,,
Spain,724,2023,goats,470230.0,1670940.0,2293470.0,2293470.0,11.4673,0.2982,11.7655,0.7285641407997488,25.02073453416413,18.22920995806189,A,A,A,E,E,,,
Spain,724,2020,sheep,556250.0,2354800.0,15439220.0,15439220.0,123.5138,2.9335,126.4473,0.1525206584270449,227.32098876404493,34.67114688057901,A,A,A,E,E,,,
Spain,724,2021,sheep,560300.0,2269080.0,15081350.0,15081350.0,120.6508,2.8655,123.5163,0.1504560268145756,220.44672496876672,33.167538363086145,A,A,A,E,E,,,
Spain,724,2022,sheep,545950.0,2168020.0,14452590.0,14452590.0,115.6207,2.746,118.3667,0.1500090987151784,216.80868211374667,32.52327499750876,A,A,A,E,E,,,
Spain,724,2023,sheep,529900.0,2021580.0,13596560.0,13596560.0,108.7725,2.5833,111.3558,0.1486831963378972,210.1449330062276,31.245020333579195,A,A,A,E,E,,,
Sri Lanka,144,2020,buffalo,80240.0,102050.0,323000.0,323000.0,17.765,1.615,19.38,0.3159442724458204,241.52542372881356,76.30857427716847,A,A,A,E,E,,,
Sri Lanka,144,2021,buffalo,90570.0,105600.0,333210.0,333210.0,18.3266,1.6661,19.9927,0.3169172593859728,220.74307165728163,69.95728929806711,A,A,A,E,E,,,
Sri Lanka,144,2022,buffalo,89870.0,101930.0,324870.0,324870.0,17.8679,1.6244,19.4923,0.313756271739465,216.894403026594,68.05197925478106,A,A,A,E,E,,,
Sri Lanka,144,2023,buffalo,95850.0,109050.0,327010.0,327010.0,17.9856,1.635,19.620600000000003,0.3334760404880584,204.70109546165887,68.26291079812206,A,A,A,E,E,,,
Sri Lanka,144,2020,cattle,426040.0,338350.0,1103570.0,338350.0,19.6243,1.961,21.5853,1.0,50.66496103652239,50.66496103652239,A,A,E,E,E,,,
Sri Lanka,144,2021,cattle,438130.0,351410.0,1131080.0,351410.0,20.3818,2.0367,22.4185,1.0,51.168602926072175,51.168602926072175,A,A,E,E,E,,,
Sri Lanka,144,2022,cattle,431770.0,348380.0,1127630.0,348380.0,20.206,2.0192,22.2252,1.0,51.47462769530074,51.47462769530074,A,A,E,E,E,,,
Sri Lanka,144,2023,cattle,423430.0,343350.0,1122370.0,343350.0,19.9143,1.99,21.9043,1.0,51.730628439175305,51.730628439175305,A,A,E,E,E,,,
Sri Lanka,144,2020,goats,15540.09,140696.0,334430.0,334430.0,1.6722,0.0736,1.7458,0.4207038842209132,112.34169171478416,47.26258606435808,I,I,A,E,E,,,
Sri Lanka,144,2021,goats,16338.29,150441.0,361740.0,361740.0,1.8087,0.0796,1.8883,0.4158815724000663,115.5751305675196,48.06556703076303,I,I,A,E,E,,,
Sri Lanka,144,2022,goats,16466.44,151947.0,365790.0,365790.0,1.829,0.0805,1.9095,0.4153940785696711,115.96313471521472,48.170399493077255,I,I,A,E,E,,,
Sri Lanka,144,2023,goats,16045.75,146651.0,350550.0,350550.0,1.7528,0.0771,1.8299,0.4183454571387819,114.04265927114658,47.70922842611016,I,I,A,E,E,,,
Sudan,729,2020,camel,63016.39,1726047.0,4918109.0,4918109.0,226.233,12.5904,238.8234,0.3509574513293625,3789.86165345238,1330.0801867865312,A,A,A,E,E,,,
Sudan,729,2021,camel,61241.72,1685381.0,4826472.0,4826209.0,222.0056,12.3551,234.3607,0.3491952299733635,3826.814465694301,1336.3053574135158,I,I,I,E,E,,,
Sudan,729,2022,camel,60306.34,1648184.0,4700000.0,4700000.0,216.2,12.032,228.232,0.3506774468085106,3784.544046281038,1327.1542434841845,I,I,X,E,E,,,
Sudan,729,2023,camel,60907.57,1670411.0,4770724.0,4770095.0,219.4244,12.2114,231.6358,0.3501378407134849,3803.0707841406247,1331.5989924395385,I,I,I,E,E,,,
Sudan,729,2020,cattle,3011178.41,8226490.0,31757266.0,8226490.0,378.4185,8.2265,386.645,1.0,128.4032187252565,128.4032187252565,A,A,E,E,E,,,
Sudan,729,2021,cattle,2931661.21,8033957.0,31026579.0,8035436.0,369.6301,8.0354,377.6655,1.0,128.8230368201379,128.8230368201379,I,I,E,E,E,,,
Sudan,729,2022,cattle,2867678.36,7831766.0,30100000.0,7833865.0,360.3578,7.8339,368.1917,1.0,128.39365290603934,128.39365290603934,I,I,E,E,E,,,
Sudan,729,2023,cattle,2913791.8,7970785.0,30703980.0,7972931.0,366.7548,7.9729,374.7277,1.0,128.60483031079983,128.60483031079983,I,I,E,E,E,,,
Sudan,729,2020,goats,1165042.57,18209736.0,32228194.0,32228194.0,161.141,7.0902,168.2312,0.5650250212593358,144.39918706146506,81.5891537392351,A,A,A,E,E,,,
Sudan,729,2021,goats,1135943.95,18468166.0,31696449.0,31694446.0,158.4722,6.9728,165.445,0.582657256022591,145.64539033814123,84.86134348676057,I,I,I,E,E,,,
Sudan,729,2022,goats,1119161.91,18110055.0,31000000.0,31000000.0,155.0,6.82,161.82,0.5841953225806452,144.59033903325033,84.46899975357454,I,I,X,E,E,,,
Sudan,729,2023,goats,1130887.74,18343091.0,31422050.0,31416151.0,157.0808,6.9116,163.9924,0.5837649357696267,145.01209465760058,84.65297612361324,I,I,I,E,E,,,
Sudan,729,2020,sheep,416002.42,23156278.0,40946061.0,40946061.0,204.7303,8.1892,212.9195,0.5655312729593208,511.82274372346205,289.45176778746173,A,A,A,E,E,,,
Sudan,729,2021,sheep,408642.83,22669895.0,40501633.0,40502111.0,202.5106,8.1004,210.611,0.559727925044405,515.3913993792573,288.478958560284,I,I,I,E,E,,,
Sudan,729,2022,sheep,404396.12,22326361.0,39800000.0,39800000.0,199.0,7.96,206.96,0.5609638442211056,511.7754344428428,287.0875150829835,I,I,X,E,E,,,
Sudan,729,2023,sheep,405926.34,22431674.0,39983729.0,39985834.0,199.9292,7.9972,207.9264,0.561020058934473,512.2269227466244,287.369578387135,I,I,I,E,E,,,
Suriname,740,2020,cattle,3020.0,1000.0,36465.0,1000.0,0.072,0.002,0.074,1.0,24.503311258278146,24.503311258278146,A,E,E,E,E,,,
Suriname,740,2021,cattle,2501.0,1000.0,35602.0,1000.0,0.072,0.002,0.074,1.0,29.58816473410636,29.58816473410636,A,E,E,E,E,,,
Suriname,740,2022,cattle,2839.67,1000.0,33990.0,1000.0,0.072,0.002,0.074,1.0,26.05936605309772,26.05936605309772,E,E,E,E,E,,,
Suriname,740,2023,cattle,2786.89,1000.0,32190.0,1000.0,0.072,0.002,0.074,1.0,26.55289588035409,26.55289588035409,E,E,E,E,E,,,
Sweden,752,2020,cattle,2772740.0,304400.0,1390960.0,304400.0,35.6148,6.3924,42.007200000000005,1.0,15.150068163621546,15.150068163621546,A,A,E,E,E,,,
Sweden,752,2021,cattle,2782220.0,299600.0,1389890.0,299600.0,35.0532,6.2916,41.3448,1.0,14.860363306999446,14.860363306999446,A,A,E,E,E,,,
Sweden,752,2022,cattle,2764840.0,297670.0,1390550.0,297670.0,34.8274,6.2511,41.0785,1.0,14.857460106190594,14.857460106190594,A,A,E,E,E,,,
Sweden,752,2023,cattle,2818530.0,289000.0,1369000.0,289000.0,33.813,6.069,39.882000000000005,1.0,14.14992921842237,14.14992921842237,A,A,E,E,E,,,
Switzerland,756,2020,cattle,3780500.0,540102.0,1515123.0,540102.0,63.1919,11.3421,74.53399999999999,1.0,19.71538156328528,19.71538156328528,A,A,E,E,E,,,
Switzerland,756,2021,cattle,3811500.0,538746.0,1513701.0,538746.0,63.0333,11.3137,74.347,1.0,19.505968778696047,19.505968778696047,A,A,E,E,E,,,
Switzerland,756,2022,cattle,3711977.77,531785.0,1525270.0,531785.0,62.2188,11.1675,73.3863,1.0,19.77013456090821,19.77013456090821,A,A,E,E,E,,,
Switzerland,756,2023,cattle,3739080.75,524051.0,1528595.0,524051.0,61.314,11.0051,72.3191,1.0,19.341411655792676,19.341411655792676,A,A,E,E,E,,,
Switzerland,756,2020,goats,22800.0,36137.0,79562.0,79562.0,0.3978,0.0103,0.4080999999999999,0.4541992408436188,17.899122807017537,8.129767990714068,A,A,A,E,E,,,
Switzerland,756,2021,goats,22300.0,35362.0,82045.0,82045.0,0.4102,0.0107,0.4209,0.431007374002072,18.87443946188341,8.135022588227448,A,A,A,E,E,,,
Switzerland,756,2022,goats,22186.0,35216.0,82313.0,82313.0,0.4116,0.0107,0.4223,0.4278303548649667,19.034526277832867,8.14354813213177,A,A,A,E,E,,,
Switzerland,756,2023,goats,21562.0,34225.0,81256.0,81256.0,0.4063,0.0106,0.4169,0.4211996652554888,19.33494110008348,8.143870719089755,A,A,A,E,E,,,
Switzerland,756,2020,sheep,6200.0,13816.0,343528.0,343528.0,2.7482,0.0653,2.8135000000000003,0.0402179734985212,453.7903225806453,18.25052716743379,A,A,A,E,E,,,
Switzerland,756,2021,sheep,6400.0,14232.0,349112.0,349112.0,2.7929,0.0663,2.8592,0.0407662870368248,446.75,18.212338733701507,A,A,A,E,E,,,
Switzerland,756,2022,sheep,6648.0,14774.0,355893.0,355893.0,2.8471,0.0676,2.9147000000000003,0.0415124770647357,438.4326113116727,18.200423721508017,A,A,A,E,E,,,
Switzerland,756,2023,sheep,6577.0,14616.0,362375.0,362375.0,2.899,0.0689,2.9679,0.0403339082442221,451.25437129390303,18.20085240657244,A,A,A,E,E,,,
Syrian Arab Republic,760,2020,buffalo,6868.0,4051.0,7179.0,7179.0,0.3948,0.0359,0.4306999999999999,0.5642847193202396,62.71112405358182,35.38692903483214,A,A,A,E,E,,,
Syrian Arab Republic,760,2021,buffalo,6674.0,3765.0,6432.0,6432.0,0.3538,0.0322,0.386,0.5853544776119403,57.83637998201978,33.85478399134087,A,A,A,E,E,,,
Syrian Arab Republic,760,2022,buffalo,4900.0,3134.0,6564.0,6564.0,0.361,0.0328,0.3938,0.4774527726995734,80.3673469387755,38.37161263042694,A,A,A,E,E,,,
Syrian Arab Republic,760,2023,buffalo,4790.0,3134.0,6502.0,6502.0,0.3576,0.0325,0.3901,0.4820055367579206,81.44050104384134,39.25477241947074,A,A,A,E,E,,,
Syrian Arab Republic,760,2020,cattle,1309869.88,513543.0,884572.0,513543.0,23.623,1.0271,24.6501,1.0,18.8187394613578,18.8187394613578,A,A,E,E,E,,,
Syrian Arab Republic,760,2021,cattle,1235972.94,501800.0,872307.0,501800.0,23.0828,1.0036,24.0864,1.0,19.487805291271187,19.487805291271187,A,A,E,E,E,,,
Syrian Arab Republic,760,2022,cattle,1204273.0,484281.0,852719.0,484281.0,22.2769,0.9686,23.2455,1.0,19.30251695421221,19.30251695421221,A,A,E,E,E,,,
Syrian Arab Republic,760,2023,cattle,1189428.0,471030.0,841437.0,471030.0,21.6674,0.9421,22.6095,1.0,19.00871679496363,19.00871679496363,A,A,E,E,E,,,
Syrian Arab Republic,760,2020,goats,131424.54,1345722.0,1995923.0,1995923.0,9.9796,0.3393,10.3189,0.6742354289218572,78.5157779513628,52.93811922417039,A,A,A,E,E,,,
Syrian Arab Republic,760,2021,goats,104601.49,1275317.0,1906542.0,1906542.0,9.5327,0.3241,9.8568,0.6689162892818517,94.23192728898984,63.03327113402835,A,A,A,E,E,,,
Syrian Arab Republic,760,2022,goats,113843.0,1374641.0,2028594.0,2028594.0,10.143,0.3449,10.4879,0.6776323897241143,92.12599808508207,62.42756023811336,A,A,A,E,E,,,
Syrian Arab Republic,760,2023,goats,130047.0,1486644.0,2192379.0,2192379.0,10.9619,0.3727,11.3346,0.6780962598163912,87.15771990126646,59.10132387917344,A,A,A,E,E,,,
Syrian Arab Republic,760,2020,sheep,705582.45,10539397.0,16073088.0,16073088.0,80.3654,2.411,82.7764,0.6557169972565322,117.3164100099145,76.92636410061732,A,A,A,E,E,,,
Syrian Arab Republic,760,2021,sheep,703350.57,11049884.0,16783185.0,16783185.0,83.9159,2.5175,86.43339999999999,0.6583901684930482,122.88807841586024,80.90830265400514,A,A,A,E,E,,,
Syrian Arab Republic,760,2022,sheep,706823.0,11941775.0,17847163.0,17847163.0,89.2358,2.6771,91.9129,0.6691133487154233,130.03665698484625,87.00926301088931,A,A,A,E,E,,,
Syrian Arab Republic,760,2023,sheep,741976.0,12515584.0,18569178.0,18569178.0,92.8459,2.7854,95.6313,0.6739977396953166,128.88732250099736,86.86976404105354,A,A,A,E,E,,,
Tajikistan,762,2020,cattle,1020900.0,1245000.0,2392000.0,1245000.0,84.66,11.205,95.865,1.0,93.90243902439023,93.90243902439023,A,A,E,E,E,,,
Tajikistan,762,2021,cattle,1042600.0,1291000.0,2468000.0,1291000.0,87.788,11.619,99.407,1.0,95.34529061960482,95.34529061960482,A,A,E,E,E,,,
Tajikistan,762,2022,cattle,1064200.0,1325000.0,2554000.0,1325000.0,90.1,11.925,102.025,1.0,95.87013719225708,95.87013719225708,A,A,E,E,E,,,
Tajikistan,762,2023,cattle,1118500.0,1409400.0,2685900.0,1178819.0,80.1597,10.6094,90.7691,1.0,81.15252570406795,81.15252570406795,A,A,E,E,E,,,
Tajikistan,762,2020,goats,53471.64,214735.0,1973000.0,1951663.0,9.7583,0.2147,9.973,0.1088367967562088,186.5100827279657,20.2991599668473,I,I,I,E,E,,,
Tajikistan,762,2021,goats,54622.67,220294.0,2038000.0,2044949.0,10.2247,0.2249,10.4496,0.1080932286555446,191.30518519142328,20.67879512588783,I,I,I,E,E,,,
Tajikistan,762,2022,goats,55598.76,225007.0,2093200.0,2071254.0,10.3563,0.2278,10.5841,0.1074942671507739,190.36575635859504,20.46322747036996,I,I,I,E,E,,,
Tajikistan,762,2023,goats,57016.2,231930.0,2175500.0,2098547.0,10.4927,0.2308,10.7235,0.1066099747184555,188.07812516442692,20.051004168874076,I,I,I,E,E,,,
Thailand,764,2020,cattle,1317000.0,271033.0,4557716.0,271033.0,18.4302,7.8941,26.3243,1.0,19.98807896735004,19.98807896735004,A,E,E,E,E,,,
Thailand,764,2021,cattle,1296000.0,275311.0,4445086.0,275311.0,18.7211,8.0187,26.7398,1.0,20.63256172839506,20.63256172839506,A,E,E,E,E,,,
Thailand,764,2022,cattle,1222000.0,275715.0,4503210.0,275715.0,18.7486,8.0304,26.779,1.0,21.914075286415716,21.914075286415716,A,E,E,E,E,,,
Thailand,764,2023,cattle,1278333.33,274020.0,4405006.0,274020.0,18.6334,7.9811,26.6145,1.0,20.81968714685707,20.81968714685707,E,E,E,E,E,,,
Timor-Leste,626,2020,goats,6058.78,44950.0,191390.0,191466.0,0.9573,0.0325,0.9898,0.234860755525367,163.36622224276175,38.36831438326005,I,I,I,E,E,,,
Timor-Leste,626,2021,goats,6324.41,47634.0,205801.0,205801.0,1.029,0.035,1.0639999999999998,0.2314566012798771,168.2370371307363,38.93957282367672,I,I,A,E,E,,,
Timor-Leste,626,2022,goats,6492.4,49340.0,215016.0,215525.0,1.0776,0.0366,1.1142,0.22947129515943,171.61604337379092,39.38095574312072,I,I,I,E,E,,,
Timor-Leste,626,2023,goats,5460.23,38932.0,159275.0,170393.0,0.852,0.029,0.881,0.2444325851514676,161.3485146230104,39.43883453965181,I,I,I,E,E,,,
Togo,768,2020,cattle,11762.0,65825.0,464299.0,65763.0,3.0251,0.0658,3.0909,1.0,262.7869409964292,262.7869409964292,A,I,E,E,E,,,
Togo,768,2021,cattle,11880.0,66365.0,468942.0,66302.0,3.0499,0.0663,3.1162,1.0,262.30639730639734,262.30639730639734,A,I,E,E,E,,,
Togo,768,2022,cattle,12058.0,66909.0,473632.0,66845.0,3.0749,0.0668,3.1417,1.0,260.5490131033339,260.5490131033339,A,I,E,E,E,,,
Togo,768,2023,cattle,12837.93,67406.0,477885.0,66377.0,3.0533,0.0664,3.1197,1.0,243.0064659956862,243.0064659956862,I,I,E,E,E,,,
Tonga,776,2020,cattle,322.85,207.0,12048.0,207.0,0.0186,0.0062,0.0248,1.0,76.81585875793712,76.81585875793712,I,I,E,E,E,,,
Tonga,776,2021,cattle,324.36,207.0,12157.0,207.0,0.0186,0.0062,0.0248,1.0,76.45825625847823,76.45825625847823,I,I,E,E,E,,,
Tonga,776,2022,cattle,324.56,208.0,12148.0,207.0,0.0186,0.0062,0.0248,1.0,76.41114123736752,76.41114123736752,I,I,E,E,E,,,
Tonga,776,2023,cattle,325.13,208.0,12172.0,208.0,0.0187,0.0062,0.0249,1.0,76.58475071509858,76.58475071509858,I,I,E,E,E,,,
Trinidad and Tobago,780,2020,cattle,2184.0,5000.0,34769.0,7244.0,0.5216,0.0145,0.5360999999999999,1.0,245.4670329670329,245.4670329670329,A,E,E,E,E,,,
Trinidad and Tobago,780,2021,cattle,1708.0,4000.0,34800.0,7226.0,0.5203,0.0145,0.5347999999999999,1.0,313.1147540983606,313.1147540983606,A,E,E,E,E,,,
Trinidad and Tobago,780,2022,cattle,1394.0,3300.0,34848.0,7068.0,0.5089,0.0141,0.523,1.0,375.17934002869447,375.17934002869447,A,E,E,E,E,,,
Trinidad and Tobago,780,2023,cattle,1441.0,3400.0,35095.0,7179.0,0.5169,0.0144,0.5313,1.0,368.7022900763359,368.7022900763359,A,E,E,E,E,,,
Tunisia,788,2020,camel,1103.66,3638.0,238327.0,238383.0,10.9656,0.4577,11.4233,0.0152647413008177,10350.37964590544,157.99586765999652,I,I,I,E,E,,,
Tunisia,788,2021,camel,1105.02,3642.0,238554.0,238592.0,10.9752,0.4581,11.4333,0.0152669835760456,10346.690557636965,157.9627548098704,I,I,I,E,E,,,
Tunisia,788,2022,camel,1106.25,3645.0,238709.0,238817.0,10.9856,0.4585,11.4441,0.0152696379273508,10344.949152542376,157.96362793617735,I,I,I,E,E,,,
Tunisia,788,2023,camel,1107.54,3649.0,238893.0,239042.0,10.9959,0.459,11.4549,0.015274620855362,10342.651281217835,157.9800769598267,I,I,I,E,E,,,
Tunisia,788,2020,cattle,1379000.0,383182.0,535032.0,429703.0,19.7663,0.4297,20.196,1.0,14.645395213923134,14.645395213923134,E,I,E,E,E,,,
Tunisia,788,2021,cattle,1405000.0,384050.0,536067.0,420429.0,19.3397,0.4204,19.7601,1.0,14.064128113879004,14.064128113879004,E,I,E,E,E,,,
Tunisia,788,2022,cattle,1377333.33,358250.0,495566.0,413871.0,19.0381,0.4139,19.452,1.0,14.122942918980986,14.122942918980986,E,I,E,E,E,,,
Tunisia,788,2023,cattle,1387111.11,373976.0,519700.0,415228.0,19.1005,0.4152,19.5157,1.0,14.069312731551834,14.069312731551834,E,I,E,E,E,,,
Tunisia,788,2020,goats,11623.94,411917.0,1199120.0,1201799.0,6.009,0.2043,6.2133,0.3435160784575355,534.5261589443854,183.6183299535446,I,I,I,E,E,,,
Tunisia,788,2021,goats,11383.14,398750.0,1153201.0,1177646.0,5.8882,0.2002,6.0884,0.3457766685946336,534.8612070131792,184.94252632152177,I,I,I,E,E,,,
Tunisia,788,2022,goats,11201.93,388883.0,1118828.0,1164284.0,5.8214,0.1979,6.019299999999999,0.3475806826429085,537.3449039585142,186.7707085325885,I,I,I,E,E,,,
Tunisia,788,2023,goats,11421.81,400293.0,1157002.0,1151380.0,5.7569,0.1957,5.9526,0.3459743371230127,521.1608317771003,180.30827330856025,I,I,I,E,E,,,
Tunisia,788,2020,sheep,21000.0,280000.0,6506843.0,6354202.0,31.771,0.9531,32.7241,0.0430316207106887,1558.290476190476,67.05576472850709,E,E,I,E,E,,,
Tunisia,788,2021,sheep,25000.0,263287.0,6375072.0,6216371.0,31.0819,0.9325,32.0144,0.0412994551277224,1280.576,52.88709104963834,E,I,I,E,E,,,
Tunisia,788,2022,sheep,22666.67,259250.0,6236361.0,6138585.0,30.6929,0.9208,31.6137,0.0415707172820816,1394.7218537173746,57.979587868025824,E,I,I,E,E,,,
Tunisia,788,2023,sheep,22888.89,257239.0,6165352.0,6236386.0,31.1819,0.9355,32.1174,0.04172332739477,1403.187310524888,58.5456435532167,E,I,E,E,E,,,
Turkmenistan,795,2020,camel,12140.41,134000.0,140350.0,140350.0,6.4561,0.1809,6.6370000000000005,0.9547559672247952,546.6866440260255,521.9523355859453,A,E,A,E,E,,,
Turkmenistan,795,2021,camel,12428.08,134000.0,140913.0,140913.0,6.482,0.1816,6.663600000000001,0.9509413609815984,536.1729245386255,509.8690105822444,A,E,A,E,E,,,
Turkmenistan,795,2022,camel,10400.49,124560.0,141654.0,141654.0,6.5161,0.1826,6.6987,0.8793256808844084,644.0754233694757,566.3520601952779,A,I,A,E,E,,,
Turkmenistan,795,2023,camel,10401.0,125340.0,142558.0,142558.0,6.5577,0.1837,6.7414,0.8792210889602828,648.149216421498,569.8664598708634,A,I,A,E,E,,,
Turkmenistan,795,2020,cattle,2440618.42,1162000.0,2498583.0,1162000.0,79.016,13.9599,92.9759,1.0,38.09522178399358,38.09522178399358,A,E,E,E,E,,,
Turkmenistan,795,2021,cattle,2460145.97,1162000.0,2513950.0,1162000.0,79.016,13.9599,92.9759,1.0,37.7928387720831,37.7928387720831,A,E,E,E,E,,,
Turkmenistan,795,2022,cattle,2478325.45,1166000.0,2522407.0,1103592.0,75.0443,13.2582,88.30250000000001,1.0,35.62990486176866,35.62990486176866,A,E,E,E,E,,,
Turkmenistan,795,2023,cattle,2589106.85,1175000.0,2541931.0,1111618.0,75.59,13.3546,88.94460000000001,1.0,34.35339101590188,34.35339101590188,A,E,E,E,E,,,
Turkmenistan,795,2020,goats,11091.1,1024701.0,4683497.0,4683497.0,23.4175,0.519,23.9365,0.2187897205869887,2158.1718675334278,472.1858198763382,A,I,A,E,E,,,
Turkmenistan,795,2021,goats,12515.3,1028189.0,4699654.0,4699654.0,23.4983,0.5208,24.0191,0.2187797229327946,1919.1789249958051,419.87743346904097,A,I,A,E,E,,,
Turkmenistan,795,2022,goats,9724.0,1025180.0,4680048.0,4680048.0,23.4002,0.5186,23.9188,0.2190533088549519,2459.769642122584,538.8206791279129,A,I,A,E,E,,,
Turkmenistan,795,2023,goats,9734.0,1062527.0,4883012.0,4883012.0,24.4151,0.5411,24.9562,0.2175966391235573,2563.817546743373,557.8780814973619,A,I,A,E,E,,,
Türkiye,792,2020,buffalo,63766.74,82244.0,192489.0,192489.0,10.5869,0.77,11.3569,0.4272659736400521,178.10068383611898,76.09636208519846,A,I,A,E,E,,,
Türkiye,792,2021,buffalo,63642.85,79796.0,185574.0,185574.0,10.2066,0.7423,10.9489,0.4299955812775496,172.036607411516,73.97498100493243,A,I,A,E,E,,,
Türkiye,792,2022,buffalo,43588.65,74840.0,171835.0,171835.0,9.4509,0.6873,10.1382,0.4355340879331917,232.5880705183574,101.30003315735368,A,I,A,E,E,,,
Türkiye,792,2023,buffalo,43024.89,71169.0,161749.0,161749.0,8.8962,0.647,9.5432,0.4399965378456745,221.806493869014,97.59408937405397,A,I,A,E,E,,,
Türkiye,792,2020,cattle,21749341.68,6309235.0,17965482.0,7539143.0,346.8006,15.0783,361.8789,1.0,16.638613955509847,16.638613955509847,A,E,E,E,E,,,
Türkiye,792,2021,cattle,21370116.34,6422632.0,17850543.0,7500846.0,345.0389,15.0017,360.04060000000004,1.0,16.84785399722349,16.84785399722349,A,E,E,E,E,,,
Türkiye,792,2022,cattle,19912135.38,6235000.0,16851956.0,7134109.0,328.169,14.2682,342.4372,1.0,17.19741220441622,17.19741220441622,A,E,E,E,E,,,
Türkiye,792,2023,cattle,19961908.41,6076000.0,16421256.0,6977217.0,320.952,13.9544,334.9064,1.0,16.77727365146247,16.77727365146247,A,E,E,E,E,,,
Türkiye,792,2020,goats,589616.99,5332005.0,11985845.0,11985845.0,59.9292,1.3184,61.2476,0.4448584976695427,103.8769252561735,46.21053291199272,A,I,A,E,E,,,
Türkiye,792,2021,goats,622785.22,5474501.0,12341514.0,12341514.0,61.7076,1.3576,63.0652,0.4435842312377557,101.26316099794404,44.9187414239781,A,I,A,E,E,,,
Türkiye,792,2022,goats,540425.93,5176920.0,11577862.0,11577862.0,57.8893,1.2736,59.1629,0.4471395495990538,109.47457683979005,48.95041298069073,A,I,A,E,E,,,
Türkiye,792,2023,goats,543058.01,4672433.0,10302940.0,10302940.0,51.5147,1.1333,52.648,0.4535048248364059,96.94728561318892,43.96606178037426,A,I,A,E,E,,,
Türkiye,792,2020,sheep,1101065.07,20525875.0,42126781.0,42126781.0,210.6339,4.2127,214.8466,0.4872405275874271,195.12616089074552,95.07337357851604,A,I,A,E,E,,,
Türkiye,792,2021,sheep,1143761.69,19125388.0,45177690.0,45177690.0,225.8885,4.5178,230.4063,0.4233370054998385,201.4460722145712,85.2795769810208,A,E,A,E,E,,,
Türkiye,792,2022,sheep,1067342.14,19227422.0,44687888.0,44687888.0,223.4394,4.4688,227.9082,0.4302602530690195,213.52871910407285,91.87292071922197,A,E,A,E,E,,,
Türkiye,792,2023,sheep,933575.73,20530082.0,42060470.0,42060470.0,210.3023,4.206,214.5083,0.4881087158560044,229.7706475295796,112.15305570706572,A,I,A,E,E,,,
Uganda,800,2020,cattle,2781000.0,3879852.0,14918000.0,3875505.0,178.2732,3.8755,182.1487,1.0,65.4975548363898,65.4975548363898,A,I,E,E,E,,,
Uganda,800,2021,cattle,2894300.0,3789023.0,14500000.0,3912555.0,179.9775,3.9126,183.8901,1.0,63.53525895726082,63.53525895726082,A,I,E,E,E,,,
Uganda,800,2022,cattle,3296000.0,3797943.0,14530855.0,3926878.0,180.6364,3.9269,184.5633,1.0,55.9961468446602,55.9961468446602,A,I,E,E,E,,,
Uganda,800,2023,cattle,3850000.0,3830000.0,14614315.0,3909343.0,179.8298,3.9093,183.7391,1.0,47.72444155844156,47.72444155844156,A,E,E,E,E,,,
Ukraine,804,2020,cattle,9057900.0,1765600.0,3092000.0,1765600.0,174.7944,19.4216,194.216,1.0,21.4416145022577,21.4416145022577,A,A,E,E,E,,,
Ukraine,804,2021,cattle,8516500.0,1651900.0,2874000.0,1651900.0,163.5381,18.1709,181.709,1.0,21.336112252685965,21.336112252685965,A,A,E,E,E,,,
Ukraine,804,2022,cattle,7595600.0,1483800.0,2644000.0,1483800.0,146.8962,16.3218,163.218,1.0,21.48849333824846,21.48849333824846,A,A,E,E,E,,,
Ukraine,804,2023,cattle,7267100.0,1327100.0,2307000.0,1327100.0,131.3829,14.5981,145.981,1.0,20.087930536252426,20.087930536252426,A,A,E,E,E,,,
Ukraine,804,2020,goats,191000.0,408300.0,545700.0,545700.0,2.7285,0.0709,2.7994,0.7482133040131941,14.6565445026178,10.96622158772008,A,A,A,E,E,,,
Ukraine,804,2021,goats,182500.0,374900.0,519400.0,519400.0,2.597,0.0675,2.6645,0.7217943781286099,14.6,10.538197920677703,A,A,A,E,E,,,
Ukraine,804,2022,goats,159600.0,368900.0,487200.0,487200.0,2.436,0.0633,2.4993,0.757183908045977,15.659774436090224,11.857329206637282,A,A,A,E,E,,,
Ukraine,804,2023,goats,151800.0,359600.0,422800.0,422800.0,2.114,0.055,2.169,0.8505203405865658,14.288537549407115,12.152691823005672,A,A,A,E,E,,,
Ukraine,804,2020,sheep,14700.0,277900.0,658800.0,658800.0,5.2704,0.1252,5.395600000000001,0.4218275652701882,367.0476190476191,154.8308034810767,A,A,A,E,E,,,
Ukraine,804,2021,sheep,14900.0,263400.0,621000.0,621000.0,4.968,0.118,5.086,0.4241545893719807,341.3422818791946,144.7818954057647,A,A,A,E,E,,,
Ukraine,804,2022,sheep,12400.0,252700.0,607100.0,607100.0,4.8568,0.1153,4.9721,0.4162411464338659,400.9758064516129,166.9026293696633,A,A,A,E,E,,,
Ukraine,804,2023,sheep,11500.0,219300.0,518600.0,518600.0,4.1488,0.0985,4.247299999999999,0.4228692634014654,369.3304347826086,156.17848890826468,A,A,A,E,E,,,
United Arab Emirates,784,2020,camel,85420.0,360000.0,497524.0,497524.0,22.8861,1.2737,24.1598,0.7235831839268055,282.8354015453056,204.65494037736872,E,E,A,E,E,,,
United Arab Emirates,784,2021,camel,97000.0,324066.0,549458.0,549458.0,25.2751,1.4066,26.6817,0.58979212241882,275.06907216494847,162.2335718839405,E,I,A,E,E,,,
United Arab Emirates,784,2022,camel,85683.33,334611.0,569527.0,569527.0,26.1982,1.458,27.6562,0.5875243842697536,322.7722358596473,189.636559132811,E,I,A,E,E,,,
United Arab Emirates,784,2023,camel,89367.78,347022.0,593294.0,579600.0,26.6616,1.4838,28.1454,0.5849073140803717,314.93900821974097,184.2101293969448,E,I,I,E,E,,,
United Arab Emirates,784,2020,cattle,55900.0,44000.0,103102.0,44000.0,2.024,0.132,2.156,1.0,38.56887298747764,38.56887298747764,E,E,E,E,E,,,
United Arab Emirates,784,2021,cattle,58000.0,45342.0,112370.0,45311.0,2.0843,0.1359,2.2202,1.0,38.27931034482759,38.27931034482759,E,I,E,E,E,,,
United Arab Emirates,784,2022,cattle,54940.0,44807.0,110698.0,44779.0,2.0598,0.1343,2.1941,1.0,39.9362941390608,39.9362941390608,E,I,E,E,E,,,
United Arab Emirates,784,2023,cattle,56280.0,46831.0,116687.0,44540.0,2.0488,0.1336,2.1824,1.0,38.7775408670931,38.7775408670931,E,I,E,E,E,,,
United Arab Emirates,784,2020,goats,81590.0,890000.0,2399264.0,2399264.0,11.9963,0.5278,12.5241,0.3709470904410686,153.500428974139,56.94053750941276,E,E,A,E,E,,,
United Arab Emirates,784,2021,goats,93000.0,824711.0,2294115.0,2294115.0,11.4706,0.5047,11.9753,0.3594898250523622,128.76666666666665,46.29030647257584,E,I,A,E,E,,,
United Arab Emirates,784,2022,goats,82600.0,807211.0,2235919.0,2235919.0,11.1796,0.4919,11.6715,0.361019786494949,141.30145278450362,51.01262031568762,E,I,A,E,E,,,
United Arab Emirates,784,2023,goats,85730.0,796172.0,2198842.0,2309766.0,11.5488,0.5081,12.0569,0.3620869530416464,140.63804969089,50.92320289429403,E,I,E,E,E,,,
United Arab Emirates,784,2020,sheep,34190.0,580000.0,2054572.0,2054572.0,10.2729,0.4109,10.6838,0.2822972375755145,312.4831822170225,88.21313912867159,E,E,A,E,E,,,
United Arab Emirates,784,2021,sheep,37000.0,533035.0,2064405.0,2064405.0,10.322,0.4129,10.7349,0.2582027266936478,290.13243243243244,74.91298515631459,E,I,A,E,E,,,
United Arab Emirates,784,2022,sheep,34206.67,534960.0,2072026.0,2072026.0,10.3601,0.4144,10.7745,0.258182088448697,314.9824288654815,81.32282130913318,E,I,A,E,E,,,
United Arab Emirates,784,2023,sheep,35132.22,530234.0,2048711.0,2063668.0,10.3183,0.4127,10.731,0.2588134685663327,305.44611185971166,79.05356767051202,E,I,E,E,E,,,
United Kingdom of Great Britain and Northern Ireland,826,2020,cattle,15685870.0,1856000.0,9615000.0,1856000.0,217.152,38.976,256.128,1.0,16.328581073284425,16.328581073284425,A,A,E,E,E,,,
United Kingdom of Great Britain and Northern Ireland,826,2021,cattle,15890600.0,1877600.0,9603000.0,1877600.0,219.6792,39.4296,259.10880000000003,1.0,16.30579084490202,16.30579084490202,A,A,E,E,E,,,
United Kingdom of Great Britain and Northern Ireland,826,2022,cattle,15757400.0,1877000.0,9631892.0,1877000.0,219.609,39.417,259.026,1.0,16.43837181260868,16.43837181260868,A,A,E,E,E,,,
United Kingdom of Great Britain and Northern Ireland,826,2023,cattle,15759500.0,1861500.0,9555426.0,1861500.0,217.7955,39.0915,256.887,1.0,16.30045369459691,16.30045369459691,A,A,E,E,E,,,
United Republic of Tanzania,834,2020,cattle,3194426.0,7075884.0,33615796.0,8178270.0,376.2004,8.1783,384.3787,1.0,120.32793998045344,120.32793998045344,A,E,E,E,E,,,
United Republic of Tanzania,834,2021,cattle,3551514.0,7135100.0,35256637.0,8519235.0,391.8848,8.5192,400.404,1.0,112.7417771688356,112.7417771688356,A,E,E,E,E,,,
United Republic of Tanzania,834,2022,cattle,3708000.0,7168528.0,36584883.0,8797275.0,404.6746,8.7973,413.4719,1.0,111.50806364617046,111.50806364617046,A,E,E,E,E,,,
United Republic of Tanzania,834,2023,cattle,4055222.0,7126504.0,37913129.0,9074170.0,417.4118,9.0742,426.4860000000001,1.0,105.16958134474515,105.16958134474515,A,E,E,E,E,,,
United Republic of Tanzania,834,2020,goats,241732.5,4530293.0,24311738.0,24305431.0,121.5272,4.1319,125.6591,0.1863417991753613,519.8270815881191,96.86551364320744,I,I,I,E,E,,,
United Republic of Tanzania,834,2021,goats,249776.4,4729001.0,25574446.0,25574446.0,127.8722,4.3477,132.2199,0.1849111804807032,529.353053370935,97.8832979898843,I,I,A,E,E,,,
United Republic of Tanzania,834,2022,goats,256135.89,4886879.0,26580497.0,26580497.0,132.9025,4.5187,137.4212,0.183852055136516,536.5167685012826,98.63971050416323,I,I,A,E,E,,,
United Republic of Tanzania,834,2023,goats,262420.17,5043970.0,27586547.0,27586547.0,137.9327,4.6897,142.6224,0.1828416582909053,543.488711252645,99.37237722782064,I,I,A,E,E,,,
United States of America,840,2020,cattle,101291379.0,9342600.0,93793300.0,9342600.0,1195.8528,448.4448,1644.2976,1.0,16.233342030026073,16.233342030026073,A,A,E,E,E,,,
United States of America,840,2021,cattle,102619953.0,9450400.0,93586500.0,9450400.0,1209.6512,453.6192,1663.2704,1.0,16.208060434406946,16.208060434406946,A,A,E,E,E,,,
United States of America,840,2022,cattle,102700692.0,9381000.0,91788700.0,9381000.0,1200.768,450.288,1651.056,1.0,16.076386320746504,16.076386320746504,A,A,E,E,E,,,
United States of America,840,2023,cattle,102653065.0,9397500.0,88841000.0,9397500.0,1202.88,451.08,1653.96,1.0,16.112134596273382,16.112134596273382,A,A,E,E,E,,,
United States of America,840,2020,goats,26373.06,262559.0,2655000.0,2655000.0,13.275,0.3452,13.6202,0.0988922787193973,516.4436739612316,51.0722917482437,I,I,A,E,E,,,
United States of America,840,2021,goats,26113.7,258960.0,2606000.0,2606000.0,13.03,0.3388,13.3688,0.0993706830391404,511.94583685957946,50.87240748778077,I,I,A,E,E,,,
United States of America,840,2022,goats,25927.14,256339.0,2570000.0,2570000.0,12.85,0.3341,13.1841,0.0997428015564202,508.5057588303223,50.71978899330972,I,I,A,E,E,,,
United States of America,840,2023,goats,25698.09,253167.0,2527000.0,2527000.0,12.635,0.3285,12.9635,0.100184804115552,504.4538329502309,50.53860843945829,I,I,A,E,E,,,
Uruguay,858,2020,cattle,2271150.0,749000.0,11182000.0,749000.0,53.928,0.749,54.677,1.0,24.074587763908152,24.074587763908152,A,A,E,E,E,,,
Uruguay,858,2021,cattle,2342220.0,712000.0,11910000.0,712000.0,51.264,0.712,51.976000000000006,1.0,22.190912894604267,22.190912894604267,A,A,E,E,E,,,
Uruguay,858,2022,cattle,2286703.0,682000.0,11572000.0,682000.0,49.104,0.682,49.786,1.0,21.771957267734376,21.771957267734376,A,A,E,E,E,,,
Uruguay,858,2023,cattle,2177420.0,693000.0,11877000.0,693000.0,49.896,0.693,50.589,1.0,23.233459782678583,23.233459782678583,A,A,E,E,E,,,
Uzbekistan,860,2020,cattle,10930078.0,5205000.0,13154200.0,5205000.0,353.94,56.4006,410.3406,1.0,37.54233043899595,37.54233043899595,A,E,E,E,E,,,
Uzbekistan,860,2021,cattle,11242745.0,5354000.0,13544400.0,5354000.0,364.072,58.0151,422.0871,1.0,37.543064438444524,37.543064438444524,A,E,E,E,E,,,
Uzbekistan,860,2022,cattle,11599137.0,5523000.0,13853517.0,5523000.0,375.564,59.8464,435.4104,1.0,37.538172020901214,37.538172020901214,A,E,E,E,E,,,
Uzbekistan,860,2023,cattle,11943952.0,5688000.0,14142239.0,5688000.0,386.784,61.6343,448.4183,1.0,37.54354505108527,37.54354505108527,A,E,E,E,E,,,
Vanuatu,548,2020,cattle,2318.87,10015.0,89439.0,10006.0,0.9005,0.3001,1.2006,1.0,517.7521810192034,517.7521810192034,I,I,E,E,E,,,
Vanuatu,548,2021,cattle,2320.41,10018.0,89411.0,10011.0,0.901,0.3003,1.2013,1.0,517.7102322434398,517.7102322434398,I,I,E,E,E,,,
Vanuatu,548,2022,cattle,3091.56,14696.0,89131.0,14696.0,1.3226,0.4408,1.7634,1.0,570.3916469355278,570.3916469355278,I,A,E,E,E,,,
Vanuatu,548,2023,cattle,3100.0,14700.0,88793.0,10224.0,0.9202,0.3067,1.2269,1.0,395.77419354838713,395.77419354838713,E,E,E,E,E,,,
Venezuela (Bolivarian Republic of),862,2020,cattle,2762114.0,2350700.0,16055171.0,3301384.0,237.6996,6.3867,244.0863,1.0,88.36937939563683,88.36937939563683,A,E,E,E,E,,,
Venezuela (Bolivarian Republic of),862,2021,cattle,3195461.0,2429674.0,16668751.0,2603932.0,187.4831,5.0374,192.5205,1.0,60.24811443481864,60.24811443481864,A,A,E,E,E,,,
Venezuela (Bolivarian Republic of),862,2022,cattle,3305125.0,2513059.0,17446122.0,2730376.0,196.5871,5.282,201.8691,1.0,61.07759918308688,61.07759918308688,A,A,E,E,E,,,
Venezuela (Bolivarian Republic of),862,2023,cattle,3422747.0,2602493.0,16210903.0,2878564.0,207.2566,5.5687,212.8253,1.0,62.17967614901131,62.17967614901131,A,A,E,E,E,,,
Venezuela (Bolivarian Republic of),862,2020,goats,322108.78,416838.0,1584917.0,1584917.0,7.9246,0.3435,8.2681,0.2630030468472482,25.668657650375128,6.750935170527585,I,I,A,E,E,,,
Venezuela (Bolivarian Republic of),862,2021,goats,325553.7,421524.0,1605360.0,1588421.0,7.9421,0.3443,8.2864,0.2625728808491553,25.453250876890664,6.68333340972147,I,I,I,E,E,,,
Venezuela (Bolivarian Republic of),862,2022,goats,303497.0,375259.0,1394657.0,1285564.0,6.4278,0.2786,6.7064,0.26906902557403,22.097088274348675,5.945642010002322,A,I,I,E,E,,,
Venezuela (Bolivarian Republic of),862,2023,goats,314442.0,367829.0,1360576.0,1196167.0,5.9808,0.2592,6.24,0.2703479996707277,19.84467723777358,5.36496879534331,A,I,I,E,E,,,
Viet Nam,704,2020,buffalo,27107.5,26945.0,2332754.0,2332754.0,128.3015,4.6655,132.967,0.0115507250228699,4905.17384487688,56.65831427154665,I,I,A,E,E,,,
Viet Nam,704,2021,buffalo,26666.49,26455.0,2262852.0,2262852.0,124.4569,4.5257,128.9826,0.011690998792674,4836.879544326981,56.54795291303641,I,I,A,E,E,,,
Viet Nam,704,2022,buffalo,26477.18,26238.0,2231105.0,2231105.0,122.7108,4.4622,127.173,0.0117600919723634,4803.117250402044,56.48510061877358,I,I,A,E,E,,,
Viet Nam,704,2023,buffalo,25852.36,25551.0,2136009.0,2136009.0,117.4805,4.272,121.7525,0.0119620282498809,4709.53135419745,56.33554710261008,I,I,A,E,E,,,
Viet Nam,704,2020,cattle,1080780.0,331368.0,6230519.0,331368.0,22.533,8.2541,30.7871,1.0,28.48600085123707,28.48600085123707,A,A,E,E,E,,,
Viet Nam,704,2021,cattle,1102920.0,336000.0,6333344.0,313568.0,21.3226,7.8107,29.1333,1.0,26.41469916222391,26.41469916222391,A,E,E,E,E,,,
Viet Nam,704,2022,cattle,1158440.0,337000.0,6353079.0,319963.0,21.7575,7.97,29.7275,1.0,25.66166568833949,25.66166568833949,A,E,E,E,E,,,
Viet Nam,704,2023,cattle,1220494.0,335500.0,6331895.0,321633.0,21.871,8.0116,29.8826,1.0,24.484020404852465,24.484020404852465,A,E,E,E,E,,,
Yemen,887,2020,camel,3055.85,120410.0,448892.0,448892.0,20.649,0.8903,21.5393,0.2682382399329905,7048.546230999559,1890.689635089636,X,I,A,E,E,Unofficial figure,,
Yemen,887,2021,camel,3208.64,122436.0,457870.0,457870.0,21.062,0.9081,21.9701,0.2674034114486645,6847.168893986237,1830.9563210170984,X,I,A,E,E,Unofficial figure,,
Yemen,887,2022,camel,3369.0,124496.0,467030.0,463406.0,21.3167,0.9191,22.2358,0.2665695993833372,6600.118729593351,1759.3910056301604,X,I,I,E,E,Unofficial figure,,
Yemen,887,2023,camel,3480.0,123636.0,462771.0,459437.0,21.1341,0.9113,22.0454,0.2671645371036646,6334.885057471265,1692.456633984233,X,I,I,E,E,Unofficial figure,,
Yemen,887,2020,cattle,246229.9,423491.0,1835801.0,423329.0,19.4731,0.8467,20.3198,1.0,82.52369025857543,82.52369025857543,X,I,E,E,E,Unofficial figure,,
Yemen,887,2021,cattle,258541.39,430680.0,1872516.0,430500.0,19.803,0.861,20.664,1.0,79.92530712393865,79.92530712393865,X,I,E,E,E,Unofficial figure,,
Yemen,887,2022,cattle,271468.0,399788.0,1909204.0,430031.0,19.7814,0.8601,20.6415,1.0,76.03658626431108,76.03658626431108,X,E,E,E,E,Unofficial figure,,
Yemen,887,2023,cattle,276409.0,393139.0,1971872.0,431906.0,19.8677,0.8638,20.7315,1.0,75.00298470744441,75.00298470744441,X,E,E,E,E,Unofficial figure,,
Yemen,887,2020,goats,76791.4,1691751.0,9562880.0,9562880.0,47.8144,1.6731,49.4875,0.1769081071811002,644.4406535106797,114.0067762031256,X,I,A,E,E,Unofficial figure,,
Yemen,887,2021,goats,80630.97,1762140.0,10041023.0,10041023.0,50.2051,1.7567,51.9618,0.1754940706738745,644.4397233469967,113.09535035411002,X,I,A,E,E,Unofficial figure,,
Yemen,887,2022,goats,84663.0,1799866.0,10295620.0,10283574.0,51.4179,1.7991,53.217000000000006,0.1748186121865414,628.5744658233231,109.88651577112998,X,I,I,E,E,Unofficial figure,,
Yemen,887,2023,goats,86653.0,1803469.0,10313872.0,9984795.0,49.924,1.7469,51.6709,0.1748585788150173,596.2967237141241,104.26759766070276,X,I,I,E,E,Unofficial figure,,
Yemen,887,2020,sheep,62080.9,1801466.0,9866017.0,9866017.0,49.3301,1.5288,50.8589,0.182593036277963,819.235868036707,149.58676457263496,X,I,A,E,E,Unofficial figure,,
Yemen,887,2021,sheep,65184.94,1876630.0,10359317.0,10359317.0,51.7966,1.6052,53.4018,0.1811538347557083,819.2352405325524,148.40760538948695,X,I,A,E,E,Unofficial figure,,
Yemen,887,2022,sheep,68444.0,1729252.0,10624080.0,10506041.0,52.5302,1.6279,54.1581,0.16276722313838,791.2760797148032,128.79381023100194,X,E,I,E,E,Unofficial figure,,
Yemen,887,2023,sheep,67623.0,1713206.0,10742912.0,10344548.0,51.7227,1.6029,53.3256,0.1594731484349867,788.5719355840469,125.75604933505949,X,E,I,E,E,Unofficial figure,,
Zambia,894,2020,cattle,436591.64,333134.0,3814438.0,333008.0,15.3184,0.333,15.6514,1.0,35.84906023395226,35.84906023395226,I,I,E,E,E,,,
Zambia,894,2021,cattle,461904.62,353259.0,4114604.0,351630.0,16.175,0.3516,16.526600000000002,1.0,35.779248105377256,35.779248105377256,I,I,E,E,E,,,
Zambia,894,2022,cattle,509514.86,391361.0,4698972.0,391018.0,17.9868,0.391,18.3778,1.0,36.06921297643802,36.06921297643802,I,I,E,E,E,,,
Zambia,894,2023,cattle,542688.95,417937.0,5115495.0,384217.0,17.674,0.3842,18.0582,1.0,33.27541494994509,33.27541494994509,I,I,E,E,E,,,
Zimbabwe,716,2020,cattle,410582.69,943877.0,5195154.0,944275.0,43.4367,0.9443,44.381,1.0,108.09272061615653,108.09272061615653,I,I,E,E,E,,,
Zimbabwe,716,2021,cattle,426942.02,986402.0,5478648.0,986707.0,45.3885,0.9867,46.3752,1.0,108.62177491922672,108.62177491922672,I,I,E,E,E,,,
Zimbabwe,716,2022,cattle,430408.12,995056.0,5533727.0,995357.0,45.7864,0.9954,46.7818,1.0,108.69172263757476,108.69172263757476,I,I,E,E,E,,,
Zimbabwe,716,2023,cattle,443101.56,1028089.0,5754985.0,1028320.0,47.3027,1.0283,48.331,1.0,109.07431695794529,109.07431695794529,I,I,E,E,E,,,
