country,area_code,m49,year,species,milk_t,milk_animals,stock_gle,stock_qcl,ch4_enteric_kt,ch4_manure_kt,ch4_whole_kt,flag_milk_t,flag_milk_animals,flag_stock_gle,flag_ch4_enteric_kt,flag_ch4_manure_kt,note_milk_t,note_milk_animals,note_stock_gle,flag_stock_qcl,note_stock_qcl,note_ch4_enteric_kt,note_ch4_manure_kt
Afghanistan,2,004,2020,camel,6873.29,21916.0,169410.0,168376.0,7.7929,0.2168,8.0097,I,I,I,E,E,,,,I,,,
Afghanistan,2,004,2021,camel,6854.96,21831.0,169133.0,167373.0,7.7801,0.2165,7.9966,I,I,I,E,E,,,,I,,,
Afghanistan,2,004,2022,camel,6850.27,21801.0,168335.0,166937.0,7.7434,0.2155,7.9589,I,I,I,E,E,,,,I,,,
Afghanistan,2,004,2023,camel,6833.49,21722.0,167537.0,166004.0,7.7067,0.2144,7.9211,I,I,I,E,E,,,,I,,,
Afghanistan,2,004,2020,cattle,1868866.61,3570111.0,3523277.0,5370129.0,204.3501,17.6164,221.9665,I,I,E,E,E,,,,I,,,
Afghanistan,2,004,2021,cattle,1841535.8,3510489.0,3567559.0,5267794.0,206.9184,17.8378,224.75619999999998,I,I,E,E,E,,,,E,,,
Afghanistan,2,004,2022,cattle,1876786.33,3583530.0,3648399.0,5386042.0,211.6071,18.242,229.8491,I,I,E,E,E,,,,E,,,
Afghanistan,2,004,2023,cattle,1902352.02,3636085.0,3709761.0,5470284.0,215.1661,18.5488,233.7149,I,I,E,E,E,,,,E,,,
Afghanistan,2,004,2020,goats,117900.97,2747975.0,7742708.0,8002444.0,38.7135,0.8517,39.565200000000004,I,I,E,E,E,,,,I,,,
Afghanistan,2,004,2021,goats,116893.13,2714244.0,7855729.0,7883967.0,39.2786,0.8641,40.1427,I,I,E,E,E,,,,E,,,
Afghanistan,2,004,2022,goats,118055.12,2749688.0,7955326.0,7998225.0,39.7766,0.8751,40.651700000000005,I,I,E,E,E,,,,E,,,
Afghanistan,2,004,2023,goats,119074.24,2780650.0,8038813.0,8097476.0,40.1941,0.8843,41.0784,I,I,E,E,E,,,,E,,,
Afghanistan,2,004,2020,sheep,197306.06,6666034.0,12810861.0,12808421.0,64.0543,1.2811,65.33539999999999,I,I,I,E,E,,,,I,,,
Afghanistan,2,004,2021,sheep,196388.17,6619162.0,12700000.0,12700000.0,63.5,1.27,64.77,I,I,E,E,E,,,,E,,,
Afghanistan,2,004,2022,sheep,194548.06,6529464.0,12500000.0,12500000.0,62.5,1.25,63.75,I,I,E,E,E,,,,E,,,
Afghanistan,2,004,2023,sheep,191272.91,6373780.0,12239176.0,12159580.0,61.1959,1.2239,62.4198,I,I,I,E,E,,,,I,,,
Albania,3,008,2020,cattle,924270.0,296311.0,296311.0,362583.0,34.6684,7.194,41.8624,A,A,E,E,E,,,,A,,,
Albania,3,008,2021,cattle,885160.0,281320.0,281320.0,336784.0,32.9144,6.83,39.7444,A,A,E,E,E,,,,A,,,
Albania,3,008,2022,cattle,849690.26,264874.0,264874.0,297656.0,30.9903,6.4308,37.4211,A,A,E,E,E,,,,A,,,
Albania,3,008,2023,cattle,788307.0,242401.0,242401.0,263385.0,28.3609,5.8851,34.246,A,A,E,E,E,,,,A,,,
Albania,3,008,2020,goats,82600.0,638228.0,774332.0,774332.0,3.8717,0.1007,3.9724,A,A,A,E,E,,,,A,,,
Albania,3,008,2021,goats,82580.0,626972.0,775337.0,775337.0,3.8767,0.1008,3.9775,A,A,A,E,E,,,,A,,,
Albania,3,008,2022,goats,78478.79,592833.0,721555.0,721555.0,3.6078,0.0938,3.7016,A,A,A,E,E,,,,A,,,
Albania,3,008,2023,goats,72852.0,545054.0,640242.0,640242.0,3.2012,0.0832,3.2844,A,A,A,E,E,,,,A,,,
Albania,3,008,2020,sheep,76890.0,1150824.0,1557861.0,1557861.0,12.4629,0.296,12.758899999999999,A,A,A,E,E,,,,A,,,
Albania,3,008,2021,sheep,75670.0,1161657.0,1480450.0,1480450.0,11.8436,0.2813,12.1249,A,A,A,E,E,,,,A,,,
Albania,3,008,2022,sheep,71103.99,1090881.0,1371695.0,1371695.0,10.9736,0.2606,11.2342,A,A,A,E,E,,,,A,,,
Albania,3,008,2023,sheep,66426.0,1013252.0,1206206.0,1206206.0,9.6496,0.2292,9.8788,A,A,A,E,E,,,,A,,,
Algeria,4,012,2020,camel,14717.59,96887.0,435214.0,435214.0,20.0198,0.8356,20.8554,I,I,A,E,E,,,,A,,,
Algeria,4,012,2021,camel,15003.09,99309.0,448546.0,448546.0,20.6331,0.8612,21.4943,I,I,A,E,E,,,,A,,,
Algeria,4,012,2022,camel,15243.26,101347.0,433642.0,459765.0,19.9475,0.8326,20.7801,I,I,E,E,E,,,,I,,,
Algeria,4,012,2023,camel,15290.15,101700.0,439134.0,461455.0,20.2002,0.8431,21.0433,I,I,E,E,E,,,,I,,,
Algeria,4,012,2020,cattle,2414552.0,908412.0,908412.0,1740183.0,41.787,0.9084,42.6954,A,A,E,E,E,,,,A,,,
Algeria,4,012,2021,cattle,2409291.0,908134.0,908134.0,1734476.0,41.7742,0.9081,42.6823,A,A,E,E,E,,,,A,,,
Algeria,4,012,2022,cattle,2433986.67,908100.0,937688.0,1734460.0,43.1336,0.9377,44.0713,E,E,E,E,E,,,,I,,,
Algeria,4,012,2023,cattle,2419276.56,945000.0,972288.0,1805943.0,44.7252,0.9723,45.6975,E,E,E,E,E,,,,I,,,
Algeria,4,012,2020,goats,332793.0,2838636.0,4908168.0,4908168.0,24.5408,0.8344,25.3752,A,A,A,E,E,,,,A,,,
Algeria,4,012,2021,goats,314117.0,2943088.0,5029042.0,5029042.0,25.1452,0.8549,26.0001,A,A,A,E,E,,,,A,,,
Algeria,4,012,2022,goats,324463.67,3000000.0,5120169.0,5127003.0,25.6008,0.8704,26.4712,E,E,I,E,E,,,,I,,,
Algeria,4,012,2023,goats,323791.22,2986000.0,5105938.0,5102740.0,25.5297,0.868,26.397699999999997,E,E,I,E,E,,,,I,,,
Algeria,4,012,2020,sheep,592306.0,19279794.0,30905560.0,30905560.0,154.5278,4.6358,159.1636,A,A,A,E,E,,,,A,,,
Algeria,4,012,2021,sheep,524908.0,19374997.0,31126445.0,31126445.0,155.6322,4.669,160.30120000000002,A,A,A,E,E,,,,A,,,
Algeria,4,012,2022,sheep,547145.33,19634000.0,31210734.0,31542575.0,156.0537,4.6816,160.7353,E,E,I,E,E,,,,I,,,
Algeria,4,012,2023,sheep,554786.44,19812500.0,31816014.0,31829369.0,159.0801,4.7724,163.8525,E,E,I,E,E,,,,I,,,
Angola,7,024,2020,cattle,213047.39,428679.0,441661.0,4924541.0,20.3164,0.4417,20.758100000000002,I,I,E,E,E,,,,I,,,
Angola,7,024,2021,cattle,219526.96,443316.0,441404.0,5140151.0,20.3046,0.4414,20.746000000000002,I,I,E,E,E,,,,I,,,
Angola,7,024,2022,cattle,219434.93,442890.0,443889.0,5130157.0,20.4189,0.4439,20.8628,I,I,E,E,E,,,,I,,,
Angola,7,024,2023,cattle,220646.99,445456.0,446402.0,5165133.0,20.5345,0.4464,20.980900000000002,I,I,E,E,E,,,,I,,,
Antigua and Barbuda,8,028,2020,cattle,2936.13,3051.0,2628.0,4198.0,0.1892,0.0053,0.1945,I,I,E,E,E,,,,I,,,
Antigua and Barbuda,8,028,2021,cattle,2933.46,3047.0,2534.0,4187.0,0.1824,0.0051,0.1875,I,I,E,E,E,,,,I,,,
Antigua and Barbuda,8,028,2022,cattle,2904.27,3011.0,2446.0,4126.0,0.1761,0.0049,0.181,I,I,E,E,E,,,,I,,,
Antigua and Barbuda,8,028,2023,cattle,2877.18,2978.0,2357.0,4069.0,0.1697,0.0047,0.1744,I,I,E,E,E,,,,I,,,
Argentina,9,032,2020,cattle,11446583.21,1547299.0,1547299.0,54460799.0,111.4055,1.5473,112.9528,A,A,E,E,E,,,,A,,,
Argentina,9,032,2021,cattle,11899905.14,1527097.0,1527097.0,53517534.0,109.951,1.5271,111.4781,A,A,E,E,E,,,,A,,,
Argentina,9,032,2022,cattle,11904142.0,1563134.0,1563134.0,53416435.0,112.5456,1.5631,114.1087,A,E,E,E,E,,,,A,,,
Argentina,9,032,2023,cattle,11665405.0,1545843.0,1545843.0,54242595.0,111.3007,1.5458,112.8465,A,E,E,E,E,,,,A,,,
Armenia,1,051,2020,cattle,605400.0,251716.0,251716.0,579256.0,11.5789,0.5034,12.0823,A,A,E,E,E,,,,A,,,
Armenia,1,051,2021,cattle,647000.0,265810.0,265810.0,613413.0,12.2273,0.5316,12.758899999999999,A,A,E,E,E,,,,A,,,
Armenia,1,051,2022,cattle,607000.0,246127.0,246127.0,559627.0,11.3218,0.4923,11.8141,A,A,E,E,E,,,,A,,,
Armenia,1,051,2023,cattle,557000.0,222065.0,222065.0,501862.0,10.215,0.4441,10.6591,A,A,E,E,E,,,,A,,,
Armenia,1,051,2020,goats,3900.0,15828.0,22934.0,22934.0,0.1147,0.0025,0.1172,A,A,A,E,E,,,,A,,,
Armenia,1,051,2021,goats,1700.0,17176.0,24365.0,24365.0,0.1218,0.0027,0.1245,E,A,A,E,E,,,,A,,,
Armenia,1,051,2022,goats,1100.0,16217.0,21943.0,21943.0,0.1097,0.0024,0.1121,E,A,A,E,E,,,,A,,,
Armenia,1,051,2023,goats,2400.0,14455.0,20561.0,20561.0,0.1028,0.0023,0.1051,E,A,A,E,E,,,,A,,,
Armenia,1,051,2020,sheep,45000.0,452646.0,639598.0,639598.0,3.198,0.064,3.262,A,A,A,E,E,,,,A,,,
Armenia,1,051,2021,sheep,22000.0,476534.0,693439.0,693439.0,3.4672,0.0693,3.5365,E,A,A,E,E,,,,A,,,
Armenia,1,051,2022,sheep,15000.0,492452.0,691787.0,691787.0,3.4589,0.0692,3.5281,E,A,A,E,E,,,,A,,,
Armenia,1,051,2023,sheep,32200.0,494207.0,680410.0,680410.0,3.4021,0.068,3.4701,E,A,A,E,E,,,,A,,,
Australia,10,036,2020,cattle,9099000.0,1393782.0,1393782.0,23503238.0,125.4404,40.4197,165.8601,A,A,E,E,E,,,,A,,,
Australia,10,036,2021,cattle,9067000.0,1384000.0,1384000.0,24431174.0,124.56,40.136,164.696,A,A,E,E,E,,,,A,,,
Australia,10,036,2022,cattle,8450000.0,1339506.0,1339506.0,24398826.0,120.5555,38.8457,159.4012,A,A,E,E,E,,,,A,,,
Australia,10,036,2023,cattle,8467000.0,1290000.0,1372429.0,29878186.0,123.5186,39.8004,163.31900000000002,A,A,E,E,E,,,,A,,,
Austria,11,040,2020,cattle,3815470.0,524780.0,524780.0,1855430.0,61.3993,11.0204,72.41969999999999,A,A,E,E,E,,,,A,,,
Austria,11,040,2021,cattle,3830140.0,526460.0,526460.0,1870100.0,61.5958,11.0557,72.6515,A,A,E,E,E,,,,A,,,
Austria,11,040,2022,cattle,3942500.0,550550.0,550550.0,1861070.0,64.4143,11.5616,75.9759,A,A,E,E,E,,,,A,,,
Austria,11,040,2023,cattle,3678790.0,543030.0,543030.0,1835470.0,63.5345,11.4036,74.9381,A,A,E,E,E,,,,A,,,
Austria,11,040,2020,goats,25370.0,59730.0,92760.0,92760.0,0.4638,0.0121,0.4759,A,A,A,E,E,,,,A,,,
Austria,11,040,2021,goats,26540.0,63750.0,100600.0,100600.0,0.503,0.0131,0.5161,A,A,A,E,E,,,,A,,,
Austria,11,040,2022,goats,26110.0,64720.0,99020.0,99020.0,0.4951,0.0129,0.508,A,A,A,E,E,,,,A,,,
Austria,11,040,2023,goats,26640.0,62880.0,96940.0,96940.0,0.4847,0.0126,0.4973,A,A,A,E,E,,,,A,,,
Austria,11,040,2020,sheep,11420.0,28054.0,393760.0,393760.0,3.1501,0.0748,3.2249000000000003,A,A,A,E,E,,,,A,,,
Austria,11,040,2021,sheep,10810.0,28880.0,402350.0,402350.0,3.2188,0.0764,3.2952,A,A,A,E,E,,,,A,,,
Austria,11,040,2022,sheep,11690.0,28625.0,400660.0,400660.0,3.2053,0.0761,3.2813999999999997,A,A,A,E,E,,,,A,,,
Austria,11,040,2023,sheep,11540.0,27828.0,391870.0,391870.0,3.135,0.0745,3.2095,A,A,A,E,E,,,,A,,,
Azerbaijan,52,031,2020,cattle,2156882.0,1278208.0,1278208.0,2504048.0,58.7976,2.5564,61.354,A,A,E,E,E,,,,A,,,
Azerbaijan,52,031,2021,cattle,2187782.0,1280513.0,1280513.0,2519692.0,58.9036,2.561,61.4646,A,A,E,E,E,,,,A,,,
Azerbaijan,52,031,2022,cattle,2229118.0,1287996.0,1287996.0,2498179.0,59.2478,2.576,61.8238,A,A,E,E,E,,,,A,,,
Azerbaijan,52,031,2023,cattle,2249686.0,1288828.0,1288828.0,2399626.0,59.2861,2.5777,61.8638,A,A,E,E,E,,,,A,,,
Azerbaijan,52,031,2020,goats,5341.0,104678.0,605925.0,605925.0,3.0296,0.0667,3.0963,A,E,A,E,E,,,,A,,,
Azerbaijan,52,031,2021,goats,5142.0,104704.0,585520.0,585520.0,2.9276,0.0644,2.992,A,E,A,E,E,,,,A,,,
Azerbaijan,52,031,2022,goats,5065.0,104705.0,580840.0,580840.0,2.9042,0.0639,2.9680999999999997,A,E,A,E,E,,,,A,,,
Azerbaijan,52,031,2023,goats,4681.0,94233.0,419905.0,419905.0,2.0995,0.0462,2.1456999999999997,A,I,A,E,E,,,,A,,,
Azerbaijan,52,031,2020,sheep,30275.0,318622.0,7483725.0,7483725.0,37.4186,0.7484,38.166999999999994,A,E,A,E,E,,,,A,,,
Azerbaijan,52,031,2021,sheep,30502.0,316063.0,7314166.0,7314166.0,36.5708,0.7314,37.3022,A,E,A,E,E,,,,A,,,
Azerbaijan,52,031,2022,sheep,30496.0,317751.0,7170828.0,7170828.0,35.8541,0.7171,36.571200000000005,A,E,A,E,E,,,,A,,,
Azerbaijan,52,031,2023,sheep,29623.0,317479.0,6640708.0,6640708.0,33.2035,0.6641,33.867599999999996,A,E,A,E,E,,,,A,,,
Bahamas,12,044,2020,cattle,685.28,676.0,688.0,749.0,0.0495,0.0007,0.0502,I,I,E,E,E,,,,I,,,
Bahamas,12,044,2021,cattle,682.19,672.0,693.0,743.0,0.0499,0.0007,0.0506,I,I,E,E,E,,,,I,,,
Bahamas,12,044,2022,cattle,683.56,673.0,695.0,744.0,0.05,0.0007,0.0507,I,I,E,E,E,,,,I,,,
Bahamas,12,044,2023,cattle,683.83,673.0,697.0,744.0,0.0502,0.0007,0.0509,I,I,E,E,E,,,,I,,,
Bahamas,12,044,2020,goats,1370.14,7109.0,15046.0,14996.0,0.0752,0.0026,0.07780000000000001,I,I,I,E,E,,,,I,,,
Bahamas,12,044,2021,goats,1375.48,7144.0,15051.0,15076.0,0.0753,0.0026,0.07790000000000001,I,I,I,E,E,,,,I,,,
Bahamas,12,044,2022,goats,1375.92,7143.0,15084.0,15063.0,0.0754,0.0026,0.078,I,I,I,E,E,,,,I,,,
Bahamas,12,044,2023,goats,1378.66,7158.0,15122.0,15093.0,0.0756,0.0026,0.0782,I,I,I,E,E,,,,I,,,
Bahrain,13,048,2020,cattle,10000.0,4100.0,4100.0,7000.0,0.1886,0.0107,0.19929999999999998,A,A,E,E,E,,,,A,,,
Bahrain,13,048,2021,cattle,10000.0,4100.0,4100.0,7500.0,0.1886,0.0107,0.19929999999999998,A,A,E,E,E,,,,A,,,
Bahrain,13,048,2022,cattle,10765.88,4343.0,4770.0,7200.0,0.2194,0.0124,0.2318,I,E,E,E,E,,,,A,,,
Bahrain,13,048,2023,cattle,10528.33,4181.0,4638.0,7000.0,0.2133,0.0121,0.2254,I,E,E,E,E,,,,A,,,
Bahrain,13,048,2020,goats,299.74,2883.0,21000.0,21000.0,0.105,0.0046,0.1096,I,I,A,E,E,,,,A,,,
Bahrain,13,048,2021,goats,322.75,3253.0,25000.0,25000.0,0.125,0.0055,0.1305,I,I,A,E,E,,,,A,,,
Bahrain,13,048,2022,goats,319.72,3201.0,24400.0,24400.0,0.122,0.0054,0.12739999999999999,I,I,A,E,E,,,,A,,,
Bahrain,13,048,2023,goats,323.24,3257.0,23467.0,25000.0,0.1173,0.0052,0.1225,I,I,E,E,E,,,,A,,,
Bahrain,13,048,2020,sheep,156.05,1933.0,60000.0,60000.0,0.3,0.012,0.312,I,I,A,E,E,,,,A,,,
Bahrain,13,048,2021,sheep,156.16,1934.0,60000.0,60000.0,0.3,0.012,0.312,I,I,A,E,E,,,,A,,,
Bahrain,13,048,2022,sheep,158.2,1978.0,62300.0,62300.0,0.3115,0.0125,0.324,I,I,A,E,E,,,,A,,,
Bahrain,13,048,2023,sheep,158.97,1994.0,60767.0,63100.0,0.3038,0.0122,0.316,I,I,E,E,E,,,,A,,,
Bangladesh,16,050,2020,buffalo,267000.0,477800.0,1493000.0,1493000.0,82.115,7.465,89.58,E,E,A,E,E,,,,A,,,
Bangladesh,16,050,2021,buffalo,299625.0,525000.0,1500000.0,1500000.0,82.5,7.5,90.0,E,E,A,E,E,,,,A,,,
Bangladesh,16,050,2022,buffalo,326850.0,527800.0,1508000.0,1508000.0,82.94,7.54,90.48,E,E,A,E,E,,,,A,,,
Bangladesh,16,050,2023,buffalo,351700.0,530600.0,1516000.0,1516000.0,83.38,7.58,90.96,E,E,A,E,E,,,,A,,,
Bangladesh,16,050,2020,cattle,9612000.0,8536900.0,8536900.0,24391000.0,495.1402,42.6845,537.8247,E,E,E,E,E,,,,A,,,
Bangladesh,16,050,2021,cattle,10786500.0,8590800.0,8590800.0,24545000.0,498.2664,42.954,541.2203999999999,E,E,E,E,E,,,,A,,,
Bangladesh,16,050,2022,cattle,11766600.0,8645000.0,8645000.0,24700000.0,501.41,43.225,544.635,E,E,E,E,E,,,,A,,,
Bangladesh,16,050,2023,cattle,12661200.0,8700000.0,8700000.0,24856000.0,504.6,43.5,548.1,E,E,E,E,E,,,,A,,,
Bangladesh,16,050,2020,goats,747600.0,8195000.0,26435000.0,26435000.0,132.175,5.1805,137.3555,E,E,A,E,E,,,,A,,,
Bangladesh,16,050,2021,goats,838950.0,8779000.0,26604000.0,26604000.0,133.02,5.2136,138.23360000000002,E,E,A,E,E,,,,A,,,
Bangladesh,16,050,2022,goats,915180.0,9371000.0,26774000.0,26774000.0,133.87,5.2469,139.11690000000002,E,E,A,E,E,,,,A,,,
Bangladesh,16,050,2023,goats,984760.0,9431000.0,26945000.0,26945000.0,134.725,5.2804,140.0054,E,E,A,E,E,,,,A,,,
Bangladesh,16,050,2020,sheep,53400.0,1118000.0,3607000.0,3607000.0,18.035,0.6347,18.6697,E,E,A,E,E,,,,A,,,
Bangladesh,16,050,2021,sheep,59925.0,1214000.0,3679000.0,3679000.0,18.395,0.6474,19.0424,E,E,A,E,E,,,,A,,,
Bangladesh,16,050,2022,sheep,65370.0,1313000.0,3752000.0,3752000.0,18.76,0.6602,19.4202,E,E,A,E,E,,,,A,,,
Bangladesh,16,050,2023,sheep,70340.0,1339000.0,3827000.0,3827000.0,19.135,0.6734,19.808400000000002,E,E,A,E,E,,,,A,,,
Barbados,14,052,2020,cattle,3978.0,2940.0,2908.0,10966.0,0.2094,0.0056,0.215,A,I,E,E,E,,,,I,,,
Barbados,14,052,2021,cattle,4341.0,2994.0,2914.0,11229.0,0.2098,0.0056,0.21539999999999998,A,I,E,E,E,,,,I,,,
Barbados,14,052,2022,cattle,4039.0,3014.0,2910.0,11322.0,0.2095,0.0056,0.21509999999999999,A,I,E,E,E,,,,I,,,
Barbados,14,052,2023,cattle,4119.33,3027.0,2905.0,11378.0,0.2092,0.0056,0.2148,E,I,E,E,E,,,,I,,,
Belarus,57,112,2020,cattle,7751800.0,1482600.0,1482600.0,4287700.0,146.7774,16.3086,163.086,A,A,E,E,E,,,,A,,,
Belarus,57,112,2021,cattle,7811000.0,1456700.0,1456700.0,4232400.0,144.2133,16.0237,160.237,A,A,E,E,E,,,,A,,,
Belarus,57,112,2022,cattle,7869000.0,1447300.0,1447300.0,4209300.0,143.2827,15.9203,159.203,A,A,E,E,E,,,,A,,,
Belarus,57,112,2023,cattle,8331000.0,1444000.0,1443500.0,4197100.0,142.9065,15.8785,158.785,A,A,E,E,E,,,,A,,,
Belarus,57,112,2020,goats,13500.0,28187.0,56900.0,56900.0,0.2845,0.0074,0.2919,A,I,A,E,E,,,,A,,,
Belarus,57,112,2021,goats,16961.41,30474.0,53300.0,53300.0,0.2665,0.0069,0.27340000000000003,I,E,A,E,E,,,,A,,,
Belarus,57,112,2022,goats,16673.98,30368.0,52000.0,52000.0,0.26,0.0068,0.2668,I,E,A,E,E,,,,A,,,
Belarus,57,112,2023,goats,16289.69,30653.0,50300.0,50300.0,0.2515,0.0065,0.258,I,E,A,E,E,,,,A,,,
Belgium,255,056,2020,cattle,4457000.0,537940.0,537940.0,2335440.0,62.939,11.2967,74.2357,A,A,E,E,E,,,,A,,,
Belgium,255,056,2021,cattle,4438000.0,537250.0,537250.0,2310440.0,62.8582,11.2822,74.1404,A,A,E,E,E,,,,A,,,
Belgium,255,056,2022,cattle,4572000.0,543680.0,543680.0,2286110.0,63.6106,11.4173,75.0279,A,A,E,E,E,,,,A,,,
Belgium,255,056,2023,cattle,4627000.0,535550.0,535550.0,2245710.0,62.6594,11.2465,73.9059,A,A,E,E,E,,,,A,,,
Belgium,255,056,2020,goats,45000.0,,,,,,,A,,,,,,,,,,,
Belgium,255,056,2021,goats,43000.0,,,,,,,A,,,,,,,,,,,
Belgium,255,056,2022,goats,46000.0,,75360.0,75360.0,0.3768,0.0098,0.3866,A,,A,E,E,,,,A,,,
Belgium,255,056,2023,goats,57000.0,,,,,,,A,,,,,,,,,,,
Belgium,255,056,2023,sheep,370.0,,,,,,,A,,,,,,,,,,,
Belize,23,084,2020,cattle,4522.0,6122.0,6122.0,101632.0,0.4408,0.0066,0.4474,A,E,E,E,E,,,,I,,,
Belize,23,084,2021,cattle,5739.0,5996.0,5996.0,100528.0,0.4317,0.0065,0.4382,A,E,E,E,E,,,,I,,,
Belize,23,084,2022,cattle,5465.0,6028.0,6028.0,99522.0,0.434,0.0065,0.4405,A,E,E,E,E,,,,I,,,
Belize,23,084,2023,cattle,6525.0,6049.0,6049.0,99270.0,0.4355,0.0065,0.442,A,E,E,E,E,,,,I,,,
Benin,53,204,2020,cattle,95994.71,465994.0,465994.0,1937604.0,21.4357,0.466,21.9017,A,A,E,E,E,,,,A,,,
Benin,53,204,2021,cattle,104897.49,509211.0,509211.0,2117302.0,23.4237,0.5092,23.9329,A,A,E,E,E,,,,A,,,
Benin,53,204,2022,cattle,114625.95,556437.0,556437.0,2313666.0,25.5961,0.5564,26.1525,A,A,E,E,E,,,,A,,,
Benin,53,204,2023,cattle,136873.0,608042.0,571705.0,2528241.0,26.2984,0.5717,26.8701,A,A,E,E,E,,,,A,,,
Benin,53,204,2020,goats,32733.47,375709.0,2880913.0,2880913.0,14.4046,0.6338,15.038400000000001,I,I,A,E,E,,,,A,,,
Benin,53,204,2021,goats,36808.94,439750.0,3513827.0,3513827.0,17.5691,0.773,18.3421,I,I,A,E,E,,,,A,,,
Benin,53,204,2022,goats,37483.82,450379.0,3619241.0,3619241.0,18.0962,0.7962,18.8924,I,I,A,E,E,,,,A,,,
Benin,53,204,2023,goats,38171.07,461266.0,3727819.0,3727819.0,18.6391,0.8201,19.4592,I,I,A,E,E,,,,A,,,
Bhutan,18,064,2020,cattle,57912.0,76981.0,76981.0,332418.0,4.4649,0.3849,4.8498,A,A,E,E,E,,,,A,,,
Bhutan,18,064,2021,cattle,54403.0,65788.0,65788.0,345978.0,3.8157,0.3289,4.1446000000000005,A,A,E,E,E,,,,A,,,
Bhutan,18,064,2022,cattle,42255.0,62835.0,62835.0,384026.0,3.6444,0.3142,3.9586,A,A,E,E,E,,,,A,,,
Bhutan,18,064,2023,cattle,43829.0,55846.0,55846.0,260565.0,3.2391,0.2792,3.5183,A,A,E,E,E,,,,A,,,
Bolivia (Plurinational State of),19,068,2020,cattle,558780.15,221000.0,221000.0,10103767.0,15.912,0.221,16.133,A,E,E,E,E,,,,A,,,
Bolivia (Plurinational State of),19,068,2021,cattle,560096.49,218666.0,218532.0,10385482.0,15.7343,0.2185,15.9528,A,I,E,E,E,,,,A,,,
Bolivia (Plurinational State of),19,068,2022,cattle,569107.0,223929.0,223777.0,10739448.0,16.1119,0.2238,16.3357,A,I,E,E,E,,,,A,,,
Bolivia (Plurinational State of),19,068,2023,cattle,576574.0,229233.0,229064.0,11099476.0,16.4926,0.2291,16.7217,A,I,E,E,E,,,,A,,,
Bolivia (Plurinational State of),19,068,2020,goats,29673.27,470000.0,2266351.0,2266351.0,11.3318,0.3853,11.717099999999999,A,E,A,E,E,,,,A,,,
Bolivia (Plurinational State of),19,068,2021,goats,30068.79,483176.0,2281252.0,2281252.0,11.4063,0.3878,11.7941,A,I,A,E,E,,,,A,,,
Bolivia (Plurinational State of),19,068,2022,goats,29766.0,483501.0,2281625.0,2281625.0,11.4081,0.3879,11.796,A,I,A,E,E,,,,A,,,
Bolivia (Plurinational State of),19,068,2023,goats,29664.0,483512.0,2280188.0,2280188.0,11.4009,0.3876,11.7885,A,I,A,E,E,,,,A,,,
Bolivia (Plurinational State of),19,068,2020,sheep,31311.79,1212353.0,7612750.0,7612750.0,38.0637,1.1419,39.2056,I,I,A,E,E,,,,A,,,
Bolivia (Plurinational State of),19,068,2021,sheep,31383.75,1215703.0,7633504.0,7633504.0,38.1675,1.145,39.3125,I,I,A,E,E,,,,A,,,
Bolivia (Plurinational State of),19,068,2022,sheep,31315.25,1211027.0,7592484.0,7592484.0,37.9624,1.1389,39.1013,I,I,A,E,E,,,,A,,,
Bolivia (Plurinational State of),19,068,2023,sheep,31073.83,1196520.0,7476133.0,7476133.0,37.3807,1.1214,38.5021,I,I,A,E,E,,,,A,,,
Bosnia and Herzegovina,80,070,2020,cattle,629133.0,207622.0,207622.0,427461.0,24.2918,4.3601,28.651899999999998,A,A,E,E,E,,,,A,,,
Bosnia and Herzegovina,80,070,2021,cattle,539510.0,143092.0,143092.0,341898.0,16.7418,3.0049,19.7467,A,A,E,E,E,,,,A,,,
Bosnia and Herzegovina,80,070,2022,cattle,560269.0,152114.0,152114.0,339169.0,17.7973,3.1944,20.9917,A,A,E,E,E,,,,A,,,
Bosnia and Herzegovina,80,070,2023,cattle,580214.0,142618.0,142618.0,330119.0,16.6863,2.995,19.6813,A,A,E,E,E,,,,A,,,
Bosnia and Herzegovina,80,070,2020,sheep,15883.0,273101.0,1014427.0,1014427.0,8.1154,0.1927,8.3081,A,A,A,E,E,,,,A,,,
Bosnia and Herzegovina,80,070,2021,sheep,6418.0,59136.0,1029966.0,1029966.0,8.2397,0.1957,8.4354,A,A,A,E,E,,,,A,,,
Bosnia and Herzegovina,80,070,2022,sheep,13253.0,220248.0,997046.0,997046.0,7.9764,0.1894,8.1658,A,A,A,E,E,,,,A,,,
Bosnia and Herzegovina,80,070,2023,sheep,3161.0,45400.0,1003559.0,1003559.0,8.0285,0.1907,8.219199999999999,A,A,A,E,E,,,,A,,,
Botswana,20,072,2020,cattle,23363.38,3600.0,3600.0,1000000.0,0.1656,0.0036,0.1692,E,E,E,E,E,,,,E,,,
Botswana,20,072,2021,cattle,23111.54,4000.0,4000.0,990000.0,0.184,0.004,0.188,E,E,E,E,E,,,,E,,,
Botswana,20,072,2022,cattle,27000.0,4300.0,4300.0,1100000.0,0.1978,0.0043,0.2021,E,E,E,E,E,,,,E,,,
Botswana,20,072,2023,cattle,27000.0,4386.0,4386.0,1000000.0,0.2018,0.0044,0.2062,E,A,E,E,E,,,,E,,,
Botswana,20,072,2020,goats,11696.64,98588.0,1236408.0,1241957.0,6.182,0.2102,6.392200000000001,E,I,I,E,E,,,,I,,,
Botswana,20,072,2021,goats,11570.29,99165.0,1239979.0,1250865.0,6.1999,0.2108,6.4107,I,I,I,E,E,,,,I,,,
Botswana,20,072,2022,goats,11342.44,96806.0,1196002.0,1210035.0,5.98,0.2033,6.1833,I,I,I,E,E,,,,I,,,
Botswana,20,072,2023,goats,7152.0,94992.0,1162721.0,1178713.0,5.8136,0.1977,6.0113,A,I,I,E,E,,,,I,,,
Brazil,21,076,2020,cattle,36376167.01,15953935.0,15953935.0,217836282.0,1148.6833,15.9539,1164.6372,A,A,E,E,E,,,,A,,,
Brazil,21,076,2021,cattle,36238557.98,15892943.0,15892943.0,224601992.0,1144.2919,15.8929,1160.1848,A,A,E,E,E,,,,A,,,
Brazil,21,076,2022,cattle,35590786.0,15675519.0,15675519.0,234851536.0,1128.6374,15.6755,1144.3129000000001,A,A,E,E,E,,,,A,,,
Brazil,21,076,2023,cattle,36305658.36,15563445.0,15659302.0,238620910.0,1127.4697,15.6593,1143.1290000000001,A,A,E,E,E,,,,A,,,
Brazil,21,076,2020,goats,31000.0,116000.0,12101686.0,12101686.0,60.5084,2.0573,62.5657,E,E,A,E,E,,,,A,,,
Brazil,21,076,2021,goats,31000.0,114000.0,11897204.0,11897204.0,59.486,2.0225,61.5085,E,E,A,E,E,,,,A,,,
Brazil,21,076,2022,goats,31763.14,119000.0,12390490.0,12390490.0,61.9524,2.1064,64.05879999999999,A,E,A,E,E,,,,A,,,
Brazil,21,076,2023,goats,33000.0,123000.0,12891493.0,12891233.0,64.4575,2.1916,66.64909999999999,E,E,A,E,E,,,,A,,,
Brunei Darussalam,26,096,2020,buffalo,183.04,180.0,2300.0,2300.0,0.1265,0.0046,0.1311,I,I,A,E,E,,,,A,,,
Brunei Darussalam,26,096,2021,buffalo,142.74,134.0,1311.0,1311.0,0.0721,0.0026,0.0747,I,I,A,E,E,,,,A,,,
Brunei Darussalam,26,096,2022,buffalo,137.82,128.0,1209.0,1209.0,0.0665,0.0024,0.0689,I,I,A,E,E,,,,A,,,
Brunei Darussalam,26,096,2023,buffalo,127.69,117.0,1016.0,1016.0,0.0559,0.002,0.0579,I,I,A,E,E,,,,A,,,
Brunei Darussalam,26,096,2020,cattle,52.45,106.0,107.0,583.0,0.0073,0.0033,0.0106,I,I,E,E,E,,,,A,,,
Brunei Darussalam,26,096,2021,cattle,43.53,80.0,81.0,353.0,0.0055,0.0025,0.008,I,I,E,E,E,,,,A,,,
Brunei Darussalam,26,096,2022,cattle,44.21,82.0,82.0,367.0,0.0056,0.0025,0.0081,I,I,E,E,E,,,,A,,,
Brunei Darussalam,26,096,2023,cattle,41.74,75.0,76.0,314.0,0.0052,0.0023,0.0075,I,I,E,E,E,,,,A,,,
Bulgaria,27,100,2020,buffalo,15930.0,11471.0,20180.0,20180.0,1.1099,0.1009,1.2108,A,A,A,E,E,,,,A,,,
Bulgaria,27,100,2021,buffalo,16580.0,14147.0,21690.0,21690.0,1.1929,0.1085,1.3014000000000001,A,A,A,E,E,,,,A,,,
Bulgaria,27,100,2022,buffalo,15280.0,15407.0,20320.0,20320.0,1.1176,0.1016,1.2191999999999998,A,A,A,E,E,,,,A,,,
Bulgaria,27,100,2023,buffalo,16880.0,14841.0,20940.0,20940.0,1.1517,0.1047,1.2564,A,A,A,E,E,,,,A,,,
Bulgaria,27,100,2020,cattle,881760.0,241940.0,241940.0,588910.0,23.9521,2.762,26.714100000000002,A,A,E,E,E,,,,A,,,
Bulgaria,27,100,2021,cattle,835780.0,230340.0,230340.0,611200.0,22.8037,2.6296,25.4333,A,A,E,E,E,,,,A,,,
Bulgaria,27,100,2022,cattle,770730.0,212840.0,212840.0,579860.0,21.0712,2.4298,23.501,A,A,E,E,E,,,,A,,,
Bulgaria,27,100,2023,cattle,726790.0,202410.0,202410.0,574300.0,20.0386,2.3108,22.3494,A,A,E,E,E,,,,A,,,
Bulgaria,27,100,2020,goats,31280.0,216270.0,253400.0,253400.0,1.267,0.0329,1.2998999999999998,A,A,A,E,E,,,,A,,,
Bulgaria,27,100,2021,goats,30340.0,189340.0,215000.0,215000.0,1.075,0.028,1.103,A,A,A,E,E,,,,A,,,
Bulgaria,27,100,2022,goats,25930.0,164490.0,184020.0,184020.0,0.9201,0.0239,0.9440000000000001,A,A,A,E,E,,,,A,,,
Bulgaria,27,100,2023,goats,20100.0,153380.0,174950.0,174950.0,0.8748,0.0227,0.8975000000000001,A,A,A,E,E,,,,A,,,
Bulgaria,27,100,2020,sheep,76480.0,1008100.0,1307770.0,1307770.0,10.4622,0.2485,10.7107,A,A,A,E,E,,,,A,,,
Bulgaria,27,100,2021,sheep,70370.0,893300.0,1199550.0,1199550.0,9.5964,0.2279,9.8243,A,A,A,E,E,,,,A,,,
Bulgaria,27,100,2022,sheep,56660.0,789480.0,1096400.0,1096400.0,8.7712,0.2083,8.9795,A,A,A,E,E,,,,A,,,
Bulgaria,27,100,2023,sheep,52010.0,751380.0,1072770.0,1072770.0,8.5822,0.2038,8.786,A,A,A,E,E,,,,A,,,
Burkina Faso,233,854,2020,camel,260.0,2631.0,21000.0,21000.0,0.966,0.0538,1.0198,E,I,A,E,E,,,,A,,,
Burkina Faso,233,854,2021,camel,270.0,2535.0,28417.0,28417.0,1.3072,0.0727,1.3799,E,E,A,E,E,,,,A,,,
Burkina Faso,233,854,2022,camel,266.91,2533.0,28951.0,28951.0,1.3317,0.0741,1.4058000000000002,E,E,A,E,E,,,,A,,,
Burkina Faso,233,854,2023,camel,265.64,2531.0,29495.0,29495.0,1.3568,0.0755,1.4323,E,E,A,E,E,,,,A,,,
Burkina Faso,233,854,2020,cattle,216287.0,1660000.0,1660000.0,7607000.0,76.36,1.66,78.02,A,E,E,E,E,,,,A,,,
Burkina Faso,233,854,2021,cattle,220716.0,1670000.0,1670000.0,9740337.0,76.82,1.67,78.49,A,E,E,E,E,,,,A,,,
Burkina Faso,233,854,2022,cattle,225235.0,1676667.0,1676667.0,9939785.0,77.1267,1.6767,78.8034,A,E,E,E,E,,,,A,,,
Burkina Faso,233,854,2023,cattle,229847.56,1668889.0,1668889.0,10143317.0,76.7689,1.6689,78.4378,A,E,E,E,E,,,,A,,,
Burkina Faso,233,854,2020,goats,131068.0,2357407.0,12956000.0,12956000.0,64.78,2.8503,67.6303,A,E,A,E,E,,,,A,,,
Burkina Faso,233,854,2021,goats,131599.0,2343210.0,10754755.0,10754755.0,53.7738,2.366,56.1398,A,E,A,E,E,,,,A,,,
Burkina Faso,233,854,2022,goats,132132.0,2352058.0,10798342.0,10798342.0,53.9917,2.3756,56.3673,A,E,A,E,E,,,,A,,,
Burkina Faso,233,854,2023,goats,132668.33,2350892.0,10842105.0,10842105.0,54.2105,2.3853,56.595800000000004,A,E,A,E,E,,,,A,,,
Burkina Faso,233,854,2020,sheep,73500.0,1216195.0,9589000.0,9589000.0,47.945,1.9178,49.8628,E,I,A,E,E,,,,A,,,
Burkina Faso,233,854,2021,sheep,75300.0,1373019.0,11143288.0,11143288.0,55.7164,2.2287,57.9451,E,I,A,E,E,,,,A,,,
Burkina Faso,233,854,2022,sheep,77481.02,1387886.0,11286022.0,11286022.0,56.4301,2.2572,58.6873,I,I,A,E,E,,,,A,,,
Burkina Faso,233,854,2023,sheep,78130.1,1402914.0,11430584.0,11430584.0,57.1529,2.2861,59.439,I,I,A,E,E,,,,A,,,
Burundi,29,108,2020,cattle,62001.0,124000.0,124000.0,838991.0,5.704,0.124,5.827999999999999,A,E,E,E,E,,,,A,,,
Burundi,29,108,2021,cattle,53815.0,108000.0,108000.0,1117598.0,4.968,0.108,5.076,A,E,E,E,E,,,,A,,,
Burundi,29,108,2022,cattle,31376.0,63000.0,63000.0,1170181.0,2.898,0.063,2.9610000000000003,A,E,E,E,E,,,,A,,,
Burundi,29,108,2023,cattle,36494.0,80000.0,98000.0,1225237.0,4.508,0.098,4.606,A,E,E,E,E,,,,A,,,
Burundi,29,108,2020,goats,44141.52,540676.0,2788052.0,2788052.0,13.9403,0.474,14.4143,I,I,A,E,E,,,,A,,,
Burundi,29,108,2021,goats,56533.25,753225.0,4182683.0,4182683.0,20.9134,0.7111,21.624499999999998,I,I,A,E,E,,,,A,,,
Burundi,29,108,2022,goats,58183.93,782445.0,4379476.0,4379476.0,21.8974,0.7445,22.6419,I,I,A,E,E,,,,A,,,
Burundi,29,108,2023,goats,59882.79,812798.0,3783404.0,4585527.0,18.917,0.6432,19.560200000000002,I,I,E,E,E,,,,A,,,
Burundi,29,108,2020,sheep,1404.07,96105.0,759687.0,759687.0,3.7984,0.114,3.9124,I,I,A,E,E,,,,A,,,
Burundi,29,108,2021,sheep,1301.73,83824.0,635183.0,635183.0,3.1759,0.0953,3.2712,I,I,A,E,E,,,,A,,,
Burundi,29,108,2022,sheep,1328.5,86879.0,665068.0,665068.0,3.3253,0.0998,3.4251,I,I,A,E,E,,,,A,,,
Burundi,29,108,2023,sheep,1355.81,90045.0,687367.0,696359.0,3.4368,0.1031,3.5399,I,I,I,E,E,,,,A,,,
Cabo Verde,35,132,2020,cattle,4572.17,8004.0,7999.0,29519.0,0.368,0.008,0.376,A,I,E,E,E,,,,A,,,
Cabo Verde,35,132,2021,cattle,4573.2,8022.0,8016.0,29584.0,0.3687,0.008,0.37670000000000003,A,I,E,E,E,,,,A,,,
Cabo Verde,35,132,2022,cattle,4592.77,8040.0,8034.0,29649.0,0.3696,0.008,0.3776,A,I,E,E,E,,,,A,,,
Cabo Verde,35,132,2023,cattle,4602.04,8058.0,8052.0,29714.0,0.3704,0.0081,0.3785,A,I,E,E,E,,,,A,,,
Cabo Verde,35,132,2020,goats,5372.48,61147.0,131737.0,131737.0,0.6587,0.0224,0.6810999999999999,A,I,A,E,E,,,,A,,,
Cabo Verde,35,132,2021,goats,5529.04,62620.0,135426.0,135426.0,0.6771,0.023,0.7001000000000001,A,I,A,E,E,,,,A,,,
Cabo Verde,35,132,2022,goats,5678.39,64129.0,139218.0,139218.0,0.6961,0.0237,0.7198,A,I,A,E,E,,,,A,,,
Cabo Verde,35,132,2023,goats,5837.01,65673.0,143116.0,143116.0,0.7156,0.0243,0.7399,A,I,A,E,E,,,,A,,,
Cambodia,115,116,2020,cattle,24275.57,121623.0,121527.0,2829718.0,8.2638,3.7223,11.9861,I,I,E,E,E,,,,I,,,
Cambodia,115,116,2021,cattle,24390.45,122287.0,119743.0,2849203.0,8.1425,3.6677,11.8102,I,I,E,E,E,,,,I,,,
Cambodia,115,116,2022,cattle,24337.99,121888.0,117605.0,2834061.0,7.9971,3.6022,11.5993,I,I,E,E,E,,,,I,,,
Cambodia,115,116,2023,cattle,24329.01,121765.0,115107.0,2827934.0,7.8273,3.5257,11.353,I,I,E,E,E,,,,I,,,
Cameroon,32,120,2020,cattle,188000.0,320000.0,320000.0,5808691.0,14.72,0.32,15.040000000000001,A,E,E,E,E,,,,I,,,
Cameroon,32,120,2021,cattle,220666.67,370000.0,313280.0,5903786.0,14.4109,0.3133,14.7242,E,E,E,E,E,,,,I,,,
Cameroon,32,120,2022,cattle,205555.56,345000.0,314368.0,5905938.0,14.4609,0.3144,14.775300000000001,E,E,E,E,E,,,,I,,,
Cameroon,32,120,2023,cattle,204740.74,345000.0,315455.0,5923854.0,14.5109,0.3155,14.8264,E,E,E,E,E,,,,I,,,
Cameroon,32,120,2020,goats,58982.02,1176370.0,6547014.0,6551924.0,32.7351,1.113,33.8481,I,I,I,E,E,,,,I,,,
Cameroon,32,120,2021,goats,59228.96,1182479.0,6553160.0,6589056.0,32.7658,1.114,33.879799999999996,I,I,I,E,E,,,,I,,,
Cameroon,32,120,2022,goats,59188.47,1180668.0,6542883.0,6572453.0,32.7144,1.1123,33.826699999999995,I,I,I,E,E,,,,I,,,
Cameroon,32,120,2023,goats,59397.5,1185731.0,6560715.0,6602453.0,32.8036,1.1153,33.9189,I,I,I,E,E,,,,I,,,
Cameroon,32,120,2020,sheep,18327.7,880393.0,3571762.0,3394387.0,17.8588,0.5358,18.394599999999997,I,I,I,E,E,,,,I,,,
Cameroon,32,120,2021,sheep,18414.81,886219.0,3566722.0,3419013.0,17.8336,0.535,18.3686,I,I,I,E,E,,,,E,,,
Cameroon,32,120,2022,sheep,18909.63,922274.0,3569027.0,3583379.0,17.8451,0.5354,18.380499999999998,I,I,I,E,E,,,,I,,,
Cameroon,32,120,2023,sheep,18967.66,926000.0,3571331.0,3598349.0,17.8567,0.5357,18.3924,I,I,I,E,E,,,,I,,,
Canada,33,124,2020,cattle,9640572.0,979200.0,980700.0,11540000.0,125.5296,47.0736,172.60320000000002,A,A,E,E,E,,,,A,,,
Canada,33,124,2021,cattle,9807240.0,974500.0,974500.0,11515000.0,124.736,46.776,171.512,A,A,E,E,E,,,,A,,,
Canada,33,124,2022,cattle,9742541.0,969100.0,969100.0,11515000.0,124.0448,46.5168,170.5616,A,A,E,E,E,,,,A,,,
Canada,33,124,2023,cattle,9886559.0,964600.0,964600.0,11245000.0,123.4688,46.3008,169.7696,A,A,E,E,E,,,,A,,,
Central African Republic,37,140,2020,cattle,81841.98,331735.0,323072.0,4772942.0,14.8613,0.3231,15.1844,I,I,E,E,E,,,,I,,,
Central African Republic,37,140,2021,cattle,80791.17,326393.0,326472.0,4668171.0,15.0177,0.3265,15.344199999999999,I,I,E,E,E,,,,E,,,
Central African Republic,37,140,2022,cattle,81702.82,330707.0,331506.0,4746586.0,15.2493,0.3315,15.5808,I,I,E,E,E,,,,E,,,
Central African Republic,37,140,2023,cattle,82464.68,334288.0,335932.0,4811279.0,15.4529,0.3359,15.7888,I,I,E,E,E,,,,E,,,
Chad,39,148,2020,camel,31771.82,247650.0,8821223.0,8821223.0,405.7763,22.5823,428.35859999999997,I,I,A,E,E,,,,A,,,
Chad,39,148,2021,camel,32916.91,259231.0,9401892.0,9401892.0,432.487,24.0688,456.55580000000003,I,I,A,E,E,,,,A,,,
Chad,39,148,2022,camel,34103.27,271354.0,10020784.0,10020784.0,460.9561,25.6532,486.60929999999996,I,I,A,E,E,,,,A,,,
Chad,39,148,2023,camel,35332.39,284044.0,10680415.0,10680415.0,491.2991,27.3419,518.641,I,I,A,E,E,,,,A,,,
Chad,39,148,2020,cattle,238749.12,1180145.0,1178302.0,32237209.0,54.2019,1.1783,55.3802,I,I,E,E,E,,,,A,,,
Chad,39,148,2021,cattle,243710.53,1209343.0,1207387.0,33287209.0,55.5398,1.2074,56.7472,I,I,E,E,E,,,,A,,,
Chad,39,148,2022,cattle,254860.38,1276140.0,1273890.0,35749982.0,58.5989,1.2739,59.8728,I,I,E,E,E,,,,A,,,
Chad,39,148,2023,cattle,263319.24,1327028.0,1324553.0,37647402.0,60.9294,1.3246,62.254,I,I,E,E,E,,,,A,,,
Chad,39,148,2020,goats,110338.67,1720069.0,41190044.0,41190044.0,205.9502,9.0618,215.012,I,I,A,E,E,,,,A,,,
Chad,39,148,2021,goats,114247.01,1800894.0,43735657.0,43735657.0,218.6783,9.6218,228.30010000000001,I,I,A,E,E,,,,A,,,
Chad,39,148,2022,goats,118293.78,1885517.0,46438592.0,46438592.0,232.193,10.2165,242.4095,I,I,A,E,E,,,,A,,,
Chad,39,148,2023,goats,122483.9,1974116.0,49308574.0,49308574.0,246.5429,10.8479,257.3908,I,I,A,E,E,,,,A,,,
Chad,39,148,2020,sheep,42683.34,1109276.0,38705279.0,38705279.0,193.5264,7.7411,201.26749999999998,I,I,A,E,E,,,,A,,,
Chad,39,148,2021,sheep,44435.53,1173790.0,41771929.0,41771929.0,208.8596,8.3544,217.214,I,I,A,E,E,,,,A,,,
Chad,39,148,2022,sheep,46259.66,1242057.0,45081553.0,45081553.0,225.4078,9.0163,234.4241,I,I,A,E,E,,,,A,,,
Chad,39,148,2023,sheep,48158.67,1314294.0,48653400.0,48653400.0,243.267,9.7307,252.9977,I,I,A,E,E,,,,A,,,
Chile,40,152,2020,cattle,2343640.37,543584.0,543584.0,3199969.0,39.138,0.5436,39.681599999999996,A,E,E,E,E,,,,I,,,
Chile,40,152,2021,cattle,2336542.01,547232.0,547232.0,3020039.0,39.4007,0.5472,39.9479,A,E,E,E,E,,,,I,,,
Chile,40,152,2022,cattle,2284942.0,546310.0,546310.0,2999458.0,39.3343,0.5463,39.8806,A,E,E,E,E,,,,I,,,
Chile,40,152,2023,cattle,2224325.0,545709.0,545709.0,2980974.0,39.291,0.5457,39.83669999999999,A,E,E,E,E,,,,I,,,
Chile,40,152,2020,goats,8124.97,239166.0,429429.0,425299.0,2.1471,0.0472,2.1943,I,I,E,E,E,,,,I,,,
Chile,40,152,2021,goats,8099.22,237860.0,423801.0,422374.0,2.119,0.0466,2.1656000000000004,I,I,E,E,E,,,,I,,,
Chile,40,152,2022,goats,8058.15,235875.0,411888.0,418073.0,2.0594,0.0453,2.1047000000000002,I,I,E,E,E,,,,I,,,
Chile,40,152,2023,goats,8111.66,238107.0,400073.0,422354.0,2.0004,0.044,2.0444,I,I,E,E,E,,,,E,,,
"China, Hong Kong SAR",96,344,2020,cattle,60.0,20.0,20.0,1570.0,0.0014,0.0005,0.0019,E,E,E,E,E,,,,I,,,
"China, Hong Kong SAR",96,344,2021,cattle,60.0,20.0,20.0,1573.0,0.0014,0.0005,0.0019,E,E,E,E,E,,,,I,,,
"China, Hong Kong SAR",96,344,2022,cattle,60.0,20.0,20.0,1574.0,0.0014,0.0005,0.0019,E,E,E,E,E,,,,I,,,
"China, Hong Kong SAR",96,344,2023,cattle,60.0,20.0,20.0,1572.0,0.0014,0.0005,0.0019,E,E,E,E,E,,,,I,,,
"China, Taiwan Province of",214,158,2020,cattle,437154.58,62916.0,62916.0,151514.0,4.2783,1.3212,5.5995,A,A,E,E,E,,,,A,,,
"China, Taiwan Province of",214,158,2021,cattle,449214.0,64974.0,64974.0,159122.0,4.4182,1.3645,5.7827,A,A,E,E,E,,,,A,,,
"China, Taiwan Province of",214,158,2022,cattle,463095.0,64516.0,64516.0,158235.0,4.3871,1.3548,5.7419,A,A,E,E,E,,,,A,,,
"China, Taiwan Province of",214,158,2023,cattle,472449.0,66000.0,66000.0,156946.0,4.488,1.386,5.8740000000000006,A,X,E,E,E,,Unofficial figure,,I,,,
"China, Taiwan Province of",214,158,2020,goats,13198.94,38543.0,130595.0,130595.0,0.653,0.0222,0.6752,A,A,A,E,E,,,,A,,,
"China, Taiwan Province of",214,158,2021,goats,12296.0,37118.0,126067.0,126067.0,0.6303,0.0214,0.6517,A,A,A,E,E,,,,A,,,
"China, Taiwan Province of",214,158,2022,goats,11439.0,33002.0,116496.0,116496.0,0.5825,0.0198,0.6023000000000001,A,A,A,E,E,,,,A,,,
"China, Taiwan Province of",214,158,2023,goats,11198.0,36798.0,107662.0,107295.0,0.5383,0.0183,0.5566,A,I,I,E,E,,,,I,,,
"China, mainland",41,156,2020,buffalo,3039265.29,6063859.0,28686180.0,28686180.0,1577.7399,28.6862,1606.4261000000001,I,I,E,E,E,,,,E,,,
"China, mainland",41,156,2021,buffalo,3103707.73,6203844.0,29451750.0,29451750.0,1619.8463,29.4518,1649.2981,I,I,E,E,E,,,,E,,,
"China, mainland",41,156,2022,buffalo,3202196.39,6419761.0,30647550.0,30647550.0,1685.6153,30.6475,1716.2628,I,I,E,E,E,,,,E,,,
"China, mainland",41,156,2023,buffalo,3274849.21,6578568.0,31525530.0,31525530.0,1733.9042,31.5255,1765.4297,I,I,E,E,E,,,,E,,,
"China, mainland",41,156,2020,camel,17301.75,87809.0,411200.0,411200.0,18.9152,0.5263,19.441499999999998,I,I,A,E,E,,,,A,,,
"China, mainland",41,156,2021,camel,18611.08,96346.0,461700.0,461700.0,21.2382,0.591,21.8292,I,I,A,E,E,,,,A,,,
"China, mainland",41,156,2022,camel,20567.77,109430.0,541400.0,541400.0,24.9044,0.693,25.5974,I,I,A,E,E,,,,A,,,
"China, mainland",41,156,2023,camel,21479.93,115614.0,579700.0,579700.0,26.6662,0.742,27.4082,I,I,A,E,E,,,,A,,,
"China, mainland",41,156,2020,cattle,34400000.0,13231000.0,13231000.0,66934420.0,899.708,119.079,1018.7869999999999,A,E,E,E,E,,,,E,,,
"China, mainland",41,156,2021,cattle,36827000.0,14164000.0,14164000.0,68720750.0,963.152,127.476,1090.6280000000002,A,E,E,E,E,,,,E,,,
"China, mainland",41,156,2022,cattle,39316300.0,15122000.0,15122000.0,71510950.0,1028.296,136.098,1164.394,A,E,E,E,E,,,,E,,,
"China, mainland",41,156,2023,cattle,41966500.0,16141000.0,16141000.0,73559570.0,1097.588,145.269,1242.857,A,E,E,E,E,,,,E,,,
"China, mainland",41,156,2020,goats,220861.46,1221874.0,133452500.0,133452500.0,667.2625,14.6798,681.9423,I,I,A,E,E,,,,A,,,
"China, mainland",41,156,2021,goats,220925.7,1221672.0,133316400.0,133316400.0,666.582,14.6648,681.2468,I,I,A,E,E,,,,A,,,
"China, mainland",41,156,2022,goats,220110.57,1215519.0,132242500.0,132242500.0,661.2125,14.5467,675.7592,I,I,A,E,E,,,,A,,,
"China, mainland",41,156,2023,goats,217562.22,1197682.0,129342000.0,129342000.0,646.71,14.2276,660.9376000000001,I,I,A,E,E,,,,A,,,
"China, mainland",41,156,2020,sheep,1208049.61,43884652.0,173095300.0,173095300.0,865.4765,17.3095,882.786,I,I,A,E,E,,,,A,,,
"China, mainland",41,156,2021,sheep,1268569.02,46825978.0,186376800.0,186376800.0,931.884,18.6377,950.5217,I,I,A,E,E,,,,A,,,
"China, mainland",41,156,2022,sheep,1303269.85,48521057.0,194030100.0,194030100.0,970.1505,19.403,989.5535,I,I,A,E,E,,,,A,,,
"China, mainland",41,156,2023,sheep,1299773.93,48319315.0,192983700.0,192983700.0,964.9185,19.2984,984.2169,I,I,A,E,E,,,,A,,,
Colombia,44,170,2020,cattle,7071404.0,3496794.0,3496794.0,27973390.0,251.7692,3.4968,255.26600000000002,A,E,E,E,E,,,,A,,,
Colombia,44,170,2021,cattle,6992670.0,3565527.0,3565527.0,29301392.0,256.7179,3.5655,260.2834,A,E,E,E,E,,,,A,,,
Colombia,44,170,2022,cattle,7421000.0,3758000.0,3505379.0,29642539.0,252.3873,3.5054,255.89270000000002,A,E,E,E,E,,,,A,,,
Colombia,44,170,2023,cattle,7309000.0,3703000.0,3522567.0,29203256.0,253.6248,3.5226,257.1474,A,E,E,E,E,,,,A,,,
Comoros,45,174,2020,cattle,13049.92,9754.0,9752.0,51310.0,0.4486,0.0098,0.4584,I,I,E,E,E,,,,I,,,
Comoros,45,174,2021,cattle,13074.2,9769.0,9741.0,51378.0,0.4481,0.0097,0.4578,I,I,E,E,E,,,,I,,,
Comoros,45,174,2022,cattle,13064.29,9756.0,9759.0,51254.0,0.4489,0.0098,0.4587,I,I,E,E,E,,,,I,,,
Comoros,45,174,2023,cattle,13091.28,9773.0,9777.0,51337.0,0.4497,0.0098,0.45949999999999996,I,I,E,E,E,,,,I,,,
Congo,46,178,2020,cattle,4456.09,3436.0,3413.0,336147.0,0.157,0.0034,0.1604,I,I,E,E,E,,,,I,,,
Congo,46,178,2021,cattle,4470.23,3447.0,3400.0,337619.0,0.1564,0.0034,0.1598,I,I,E,E,E,,,,I,,,
Congo,46,178,2022,cattle,4463.49,3439.0,3394.0,336021.0,0.1561,0.0034,0.15949999999999998,I,I,E,E,E,,,,I,,,
Congo,46,178,2023,cattle,4464.75,3439.0,3387.0,335600.0,0.1558,0.0034,0.15919999999999998,I,I,E,E,E,,,,I,,,
Costa Rica,48,188,2020,cattle,1201444.0,182701.0,838333.0,1427793.0,60.36,0.8383,61.198299999999996,A,A,E,E,E,,,,A,,,
Costa Rica,48,188,2021,cattle,1202445.5,204863.0,791791.0,2144370.0,57.009,0.7918,57.8008,A,A,E,E,E,,,,A,,,
Costa Rica,48,188,2022,cattle,1219694.0,208961.0,690602.0,1495343.0,49.7233,0.6906,50.413900000000005,A,A,E,E,E,,,,A,,,
Costa Rica,48,188,2023,cattle,1374094.0,233185.0,809171.0,1550368.0,58.2603,0.8092,59.0695,A,A,E,E,E,,,,A,,,
Costa Rica,48,188,2020,goats,15510.0,61000.0,67000.0,67000.0,0.335,0.0114,0.34640000000000004,A,E,E,E,E,,,,E,,,
Costa Rica,48,188,2021,goats,15583.0,63264.0,69686.0,74038.0,0.3484,0.0118,0.36019999999999996,A,I,I,E,E,,,,I,,,
Costa Rica,48,188,2022,goats,17335.0,66924.0,78779.0,78826.0,0.3939,0.0134,0.4073,A,I,I,E,E,,,,I,,,
Costa Rica,48,188,2023,goats,16610.12,65974.0,77593.0,77522.0,0.388,0.0132,0.4012,I,I,I,E,E,,,,I,,,
Croatia,98,191,2020,cattle,596000.0,110000.0,110000.0,423000.0,12.87,2.4805,15.3505,A,A,E,E,E,,,,A,,,
Croatia,98,191,2021,cattle,558000.0,102000.0,102000.0,428000.0,11.934,2.3001,14.2341,A,A,E,E,E,,,,A,,,
Croatia,98,191,2022,cattle,522000.0,79000.0,79000.0,422000.0,9.243,1.7814,11.0244,A,A,E,E,E,,,,A,,,
Croatia,98,191,2023,cattle,468000.0,71000.0,71000.0,415000.0,8.307,1.601,9.908000000000001,A,A,E,E,E,,,,A,,,
Croatia,98,191,2020,goats,9000.0,66000.0,86000.0,86000.0,0.43,0.0112,0.4412,A,A,A,E,E,,,,A,,,
Croatia,98,191,2021,goats,7000.0,66000.0,86000.0,86000.0,0.43,0.0112,0.4412,A,A,A,E,E,,,,A,,,
Croatia,98,191,2022,goats,7000.0,63000.0,82000.0,82000.0,0.41,0.0107,0.42069999999999996,A,A,A,E,E,,,,A,,,
Croatia,98,191,2023,goats,6000.0,57000.0,73000.0,73000.0,0.365,0.0095,0.3745,A,A,A,E,E,,,,A,,,
Croatia,98,191,2020,sheep,7000.0,95000.0,662000.0,662000.0,5.296,0.1258,5.4218,A,A,A,E,E,,,,A,,,
Croatia,98,191,2021,sheep,5000.0,87000.0,654000.0,654000.0,5.232,0.1243,5.3563,A,A,A,E,E,,,,A,,,
Croatia,98,191,2022,sheep,6000.0,80000.0,643000.0,643000.0,5.144,0.1222,5.2662,A,A,A,E,E,,,,A,,,
Croatia,98,191,2023,sheep,5000.0,71000.0,552000.0,552000.0,4.416,0.1049,4.5209,A,A,A,E,E,,,,A,,,
Cuba,49,192,2020,cattle,455337.0,311400.0,311400.0,3752400.0,22.4208,0.3478,22.7686,A,A,E,E,E,,,,A,,,
Cuba,49,192,2021,cattle,374200.0,305700.0,305700.0,3657300.0,22.0104,0.3414,22.3518,A,A,E,E,E,,,,A,,,
Cuba,49,192,2022,cattle,369600.0,328100.0,328100.0,3516400.0,23.6232,0.3664,23.9896,A,A,E,E,E,,,,A,,,
Cuba,49,192,2023,cattle,230800.0,217000.0,315067.0,3252400.0,22.6848,0.3519,23.0367,A,A,E,E,E,,,,A,,,
Cuba,49,192,2020,goats,3714.0,20935.0,713900.0,713900.0,3.5695,0.1255,3.6950000000000003,A,A,A,E,E,,,,A,,,
Cuba,49,192,2021,goats,2821.0,14186.0,706900.0,706900.0,3.5345,0.1243,3.6588,A,A,A,E,E,,,,A,,,
Cuba,49,192,2022,goats,2706.0,13502.0,634500.0,634500.0,3.1725,0.1116,3.2841,A,A,A,E,E,,,,A,,,
Cuba,49,192,2023,goats,2750.0,14000.0,604115.0,667300.0,3.0206,0.1062,3.1268,E,E,I,E,E,,,,A,,,
Cyprus,50,196,2020,cattle,275160.0,39490.0,39490.0,83030.0,1.8165,0.079,1.8955,A,A,E,E,E,,,,A,,,
Cyprus,50,196,2021,cattle,298140.0,38920.0,38920.0,84610.0,1.7903,0.0778,1.8681,A,A,E,E,E,,,,A,,,
Cyprus,50,196,2022,cattle,286750.0,38220.0,38220.0,81440.0,1.7581,0.0764,1.8345,A,A,E,E,E,,,,A,,,
Cyprus,50,196,2023,cattle,303910.0,38660.0,38660.0,82270.0,1.7784,0.0773,1.8557,A,A,E,E,E,,,,A,,,
Cyprus,50,196,2020,goats,34340.0,177590.0,261110.0,261110.0,1.3056,0.0444,1.35,A,A,A,E,E,,,,A,,,
Cyprus,50,196,2021,goats,40110.0,187930.0,257120.0,257120.0,1.2856,0.0437,1.3293000000000001,A,A,A,E,E,,,,A,,,
Cyprus,50,196,2022,goats,35430.0,176910.0,250410.0,254180.0,1.2521,0.0426,1.2947,A,A,A,E,E,,,,A,,,
Cyprus,50,196,2023,goats,37280.0,160830.0,,233920.0,,,,A,A,,,,,,,A,,,
Cyprus,50,196,2020,sheep,37900.0,219000.0,326330.0,326330.0,1.6317,0.0489,1.6805999999999999,A,A,A,E,E,,,,A,,,
Cyprus,50,196,2021,sheep,44450.0,234110.0,350550.0,350550.0,1.7528,0.0526,1.8054,A,A,A,E,E,,,,A,,,
Cyprus,50,196,2022,sheep,44050.0,208740.0,343400.0,343630.0,1.717,0.0515,1.7685000000000002,A,A,A,E,E,,,,A,,,
Cyprus,50,196,2023,sheep,49620.0,210660.0,,353530.0,,,,A,A,,,,,,,A,,,
Czechia,167,203,2020,cattle,3267730.0,357010.0,357010.0,1340040.0,35.344,3.9271,39.271100000000004,A,A,E,E,E,,,,A,,,
Czechia,167,203,2021,cattle,3309910.0,362350.0,362350.0,1359420.0,35.8727,3.9859,39.8586,A,A,E,E,E,,,,A,,,
Czechia,167,203,2022,cattle,3339160.0,356650.0,356650.0,1390490.0,35.3083,3.9232,39.231500000000004,A,A,E,E,E,,,,A,,,
Czechia,167,203,2023,cattle,3475280.0,357660.0,357660.0,1369590.0,35.4083,3.9343,39.3426,A,A,E,E,E,,,,A,,,
Czechia,167,203,2022,goats,550.0,,24610.0,24610.0,0.1231,0.0032,0.1263,A,,A,E,E,,,,A,,,
Czechia,167,203,2022,sheep,100.0,,174200.0,174200.0,1.3936,0.0331,1.4266999999999999,A,,A,E,E,,,,A,,,
Côte d'Ivoire,107,384,2020,cattle,34668.11,318800.0,318800.0,1750915.0,14.6648,0.3188,14.9836,A,A,E,E,E,,,,A,,,
Côte d'Ivoire,107,384,2021,cattle,35759.69,327797.0,327797.0,1806045.0,15.0787,0.3278,15.4065,A,A,E,E,E,,,,A,,,
Côte d'Ivoire,107,384,2022,cattle,36768.92,333172.0,333172.0,1835661.0,15.3259,0.3332,15.6591,A,A,E,E,E,,,,A,,,
Côte d'Ivoire,107,384,2023,cattle,37805.47,338636.0,326590.0,1865763.0,15.0231,0.3266,15.349699999999999,A,A,E,E,E,,,,A,,,
Democratic People's Republic of Korea,116,408,2020,cattle,84911.33,36312.0,36330.0,581000.0,2.4704,0.327,2.7974,I,I,E,E,E,,,,A,,,
Democratic People's Republic of Korea,116,408,2021,cattle,84724.96,36216.0,36286.0,578412.0,2.4674,0.3266,2.794,I,I,E,E,E,,,,I,,,
Democratic People's Republic of Korea,116,408,2022,cattle,83833.67,35820.0,35940.0,569064.0,2.4439,0.3235,2.7674000000000003,I,I,E,E,E,,,,I,,,
Democratic People's Republic of Korea,116,408,2023,cattle,84177.87,35952.0,36054.0,571586.0,2.4517,0.3245,2.7762000000000002,I,I,E,E,E,,,,I,,,
Democratic Republic of the Congo,250,180,2020,cattle,8370.62,9386.0,9379.0,1343889.0,0.4314,0.0094,0.4408,I,I,E,E,E,,,,A,,,
Democratic Republic of the Congo,250,180,2021,cattle,8831.86,9962.0,9952.0,1490234.0,0.4578,0.01,0.4678,I,I,E,E,E,,,,A,,,
Democratic Republic of the Congo,250,180,2022,cattle,9318.52,10574.0,10560.0,1652514.0,0.4858,0.0106,0.4964,I,I,E,E,E,,,,A,,,
Democratic Republic of the Congo,250,180,2023,cattle,9831.99,11222.0,11205.0,1832468.0,0.5154,0.0112,0.5266,I,I,E,E,E,,,,A,,,
Denmark,54,208,2020,cattle,5666000.0,565000.0,565000.0,1500000.0,66.105,11.865,77.97,A,A,E,E,E,,,,A,,,
Denmark,54,208,2021,cattle,5644000.0,559000.0,559000.0,1480000.0,65.403,11.739,77.14200000000001,A,A,E,E,E,,,,A,,,
Denmark,54,208,2022,cattle,5664000.0,556000.0,556000.0,1466000.0,65.052,11.676,76.72800000000001,A,A,E,E,E,,,,A,,,
Denmark,54,208,2023,cattle,5687000.0,546830.0,546830.0,1434870.0,63.9791,11.4834,75.4625,A,A,E,E,E,,,,A,,,
Djibouti,72,262,2020,camel,6077.38,30573.0,71810.0,71165.0,3.3033,0.1838,3.4871000000000003,I,I,I,E,E,,,,I,,,
Djibouti,72,262,2021,camel,6108.71,30763.0,71858.0,71654.0,3.3055,0.184,3.4895,I,I,I,E,E,,,,I,,,
Djibouti,72,262,2022,camel,6117.98,30807.0,71994.0,71732.0,3.3117,0.1843,3.496,I,I,I,E,E,,,,I,,,
Djibouti,72,262,2023,camel,6129.53,30866.0,72130.0,71852.0,3.318,0.1847,3.5027,I,I,I,E,E,,,,I,,,
Djibouti,72,262,2020,cattle,9050.5,26032.0,25871.0,311178.0,1.1901,0.0259,1.216,I,I,E,E,E,,,,I,,,
Djibouti,72,262,2021,cattle,9100.11,26194.0,25913.0,313647.0,1.192,0.0259,1.2179,I,I,E,E,E,,,,I,,,
Djibouti,72,262,2022,cattle,9126.08,26272.0,25981.0,314719.0,1.1951,0.026,1.2211,I,I,E,E,E,,,,I,,,
Djibouti,72,262,2023,cattle,9160.76,26381.0,26049.0,316306.0,1.1983,0.026,1.2243,I,I,E,E,E,,,,I,,,
Dominica,55,212,2020,cattle,6975.9,7429.0,7462.0,13885.0,0.5373,0.0075,0.5448,I,I,E,E,E,,,,I,,,
Dominica,55,212,2021,cattle,6980.04,7431.0,7474.0,13879.0,0.5381,0.0075,0.5456,I,I,E,E,E,,,,I,,,
Dominica,55,212,2022,cattle,6985.2,7433.0,7485.0,13876.0,0.5389,0.0075,0.5464,I,I,E,E,E,,,,I,,,
Dominica,55,212,2023,cattle,6990.94,7437.0,7496.0,13874.0,0.5397,0.0075,0.5471999999999999,I,I,E,E,E,,,,I,,,
Dominican Republic,56,214,2020,cattle,891531.27,560000.0,560000.0,3009176.0,40.32,0.56,40.88,A,E,E,E,E,,,,I,,,
Dominican Republic,56,214,2021,cattle,861564.88,566667.0,566667.0,3022475.0,40.8,0.5667,41.366699999999994,A,E,E,E,E,,,,I,,,
Dominican Republic,56,214,2022,cattle,860770.65,572222.0,572222.0,3018158.0,41.2,0.5722,41.772200000000005,A,E,E,E,E,,,,I,,,
Dominican Republic,56,214,2023,cattle,862164.34,566296.0,566296.0,3024249.0,40.7733,0.5663,41.3396,A,E,E,E,E,,,,I,,,
Ecuador,58,218,2020,cattle,2315400.0,962520.0,962520.0,4335924.0,69.3014,0.9625,70.2639,E,A,E,E,E,,,,A,,,
Ecuador,58,218,2021,cattle,2145000.0,846715.0,846715.0,4066930.0,60.9635,0.8467,61.8102,E,A,E,E,E,,,,A,,,
Ecuador,58,218,2022,cattle,2071000.0,815065.0,815065.0,3860493.0,58.6847,0.8151,59.4998,E,A,E,E,E,,,,A,,,
Ecuador,58,218,2023,cattle,2100200.0,841529.0,841529.0,3723196.0,60.5901,0.8415,61.4316,E,A,E,E,E,,,,A,,,
Ecuador,58,218,2020,goats,596.96,9681.0,14092.0,14092.0,0.0705,0.0024,0.07289999999999999,I,I,A,E,E,,,,A,,,
Ecuador,58,218,2021,goats,1228.07,32019.0,57849.0,57849.0,0.2892,0.0098,0.299,I,I,A,E,E,,,,A,,,
Ecuador,58,218,2022,goats,780.98,15098.0,23789.0,23789.0,0.1189,0.004,0.12290000000000001,I,I,A,E,E,,,,A,,,
Ecuador,58,218,2023,goats,859.19,17676.0,28641.0,28641.0,0.1432,0.0049,0.14809999999999998,I,I,A,E,E,,,,A,,,
Ecuador,58,218,2020,sheep,3987.82,102415.0,496535.0,496535.0,2.4827,0.0745,2.5572,I,I,A,E,E,,,,A,,,
Ecuador,58,218,2021,sheep,4122.02,107744.0,528828.0,528828.0,2.6441,0.0793,2.7234,I,I,A,E,E,,,,A,,,
Ecuador,58,218,2022,sheep,4216.82,111542.0,551960.0,551960.0,2.7598,0.0828,2.8426,I,I,A,E,E,,,,A,,,
Ecuador,58,218,2023,sheep,4259.09,113208.0,561949.0,561949.0,2.8097,0.0843,2.8939999999999997,I,I,A,E,E,,,,A,,,
Egypt,59,818,2020,buffalo,1265000.0,700082.0,1348000.0,1348000.0,74.14,1.348,75.488,A,I,A,E,E,,,,A,,,
Egypt,59,818,2021,buffalo,1337000.0,734819.0,1428000.0,1428000.0,78.54,1.428,79.968,A,I,A,E,E,,,,A,,,
Egypt,59,818,2022,buffalo,1471000.0,798894.0,1570000.0,1570000.0,86.35,1.57,87.91999999999999,A,I,A,E,E,,,,A,,,
Egypt,59,818,2023,buffalo,1157000.0,740124.0,1445764.0,1438000.0,79.517,1.4458,80.9628,A,I,I,E,E,,,,A,,,
Egypt,59,818,2020,cattle,4281000.0,1604320.0,1604320.0,2745000.0,73.7987,1.6043,75.40299999999999,A,E,E,E,E,,,,A,,,
Egypt,59,818,2021,cattle,4794000.0,1611162.0,1611162.0,2812000.0,74.1135,1.6112,75.7247,A,E,E,E,E,,,,A,,,
Egypt,59,818,2022,cattle,5207000.0,1620940.0,1620940.0,3091000.0,74.5632,1.6209,76.1841,A,E,E,E,E,,,,A,,,
Egypt,59,818,2023,cattle,4445000.0,1612141.0,1612141.0,2830000.0,74.1585,1.6121,75.7706,A,E,E,E,E,,,,A,,,
Egypt,59,818,2020,goats,8500.0,364571.0,925000.0,925000.0,4.625,0.1573,4.7823,E,I,A,E,E,,,,A,,,
Egypt,59,818,2021,goats,9000.0,433006.0,1131000.0,1131000.0,5.655,0.1923,5.847300000000001,E,I,A,E,E,,,,A,,,
Egypt,59,818,2022,goats,7800.0,469898.0,1244000.0,1244000.0,6.22,0.2115,6.4315,E,I,A,E,E,,,,A,,,
Egypt,59,818,2023,goats,8433.33,436087.0,1050154.0,1139000.0,5.2508,0.1785,5.4293,E,I,I,E,E,,,,A,,,
Egypt,59,818,2020,sheep,23500.0,798385.0,1936000.0,1936000.0,9.68,0.2904,9.9704,E,I,A,E,E,,,,A,,,
Egypt,59,818,2021,sheep,25000.0,799528.0,1938000.0,1938000.0,9.69,0.2907,9.980699999999999,E,I,A,E,E,,,,A,,,
Egypt,59,818,2022,sheep,21200.0,868657.0,2132000.0,2132000.0,10.66,0.3198,10.979800000000001,E,I,A,E,E,,,,A,,,
Egypt,59,818,2023,sheep,23233.33,805382.0,1991545.0,1952000.0,9.9577,0.2987,10.256400000000001,E,I,I,E,E,,,,A,,,
El Salvador,60,222,2020,cattle,410391.4,357374.0,357374.0,754172.0,25.7309,0.3574,26.088299999999997,A,A,E,E,E,,,,A,,,
El Salvador,60,222,2021,cattle,419550.0,365993.0,365993.0,790983.0,26.3515,0.366,26.7175,A,A,E,E,E,,,,A,,,
El Salvador,60,222,2022,cattle,421000.0,346038.0,346038.0,757942.0,24.9147,0.346,25.2607,A,E,E,E,E,,,,A,,,
El Salvador,60,222,2023,cattle,416980.47,356468.0,356468.0,748412.0,25.6657,0.3565,26.0222,E,E,E,E,E,,,,I,,,
Eritrea,178,232,2020,camel,12316.53,77194.0,397017.0,400706.0,18.2628,1.0006,19.263399999999997,I,I,I,E,E,,,,I,,,
Eritrea,178,232,2021,camel,12345.42,77389.0,392962.0,401715.0,18.0763,0.9904,19.0667,I,I,E,E,E,,,,I,,,
Eritrea,178,232,2022,camel,12443.18,78152.0,397874.0,406471.0,18.3022,1.0028,19.305,I,I,E,E,E,,,,I,,,
Eritrea,178,232,2023,camel,12388.7,77659.0,402523.0,402942.0,18.5161,1.0145,19.5306,I,I,E,E,E,,,,E,,,
Eritrea,178,232,2020,cattle,120000.0,720000.0,720000.0,2122934.0,33.12,0.72,33.839999999999996,E,E,E,E,E,,,,I,,,
Eritrea,178,232,2021,cattle,120000.0,720000.0,720000.0,2159183.0,33.12,0.72,33.839999999999996,E,E,E,E,E,,,,I,,,
Eritrea,178,232,2022,cattle,120000.0,720000.0,720000.0,2147162.0,33.12,0.72,33.839999999999996,E,E,E,E,E,,,,I,,,
Eritrea,178,232,2023,cattle,120000.0,720000.0,720000.0,2152019.0,33.12,0.72,33.839999999999996,E,E,E,E,E,,,,I,,,
Eritrea,178,232,2020,goats,9372.62,184499.0,1895612.0,1887808.0,9.4781,0.4112,9.889299999999999,I,I,I,E,E,,,,I,,,
Eritrea,178,232,2021,goats,9427.68,185971.0,1901841.0,1906212.0,9.5092,0.4125,9.9217,I,I,I,E,E,,,,I,,,
Eritrea,178,232,2022,goats,9458.2,186737.0,1910535.0,1915139.0,9.5527,0.4144,9.9671,I,I,I,E,E,,,,I,,,
Eritrea,178,232,2023,goats,9492.06,187599.0,1919229.0,1925364.0,9.5961,0.4163,10.0124,I,I,I,E,E,,,,I,,,
Eritrea,178,232,2020,sheep,5814.21,234565.0,2474915.0,2461270.0,12.3746,0.4873,12.861899999999999,I,I,I,E,E,,,,I,,,
Eritrea,178,232,2021,sheep,5871.97,238105.0,2473086.0,2508099.0,12.3654,0.4869,12.8523,I,I,I,E,E,,,,I,,,
Eritrea,178,232,2022,sheep,5877.07,238272.0,2487484.0,2508626.0,12.4374,0.4898,12.927200000000001,I,I,I,E,E,,,,I,,,
Eritrea,178,232,2023,sheep,5900.33,239605.0,2475388.0,2525186.0,12.3769,0.4874,12.864299999999998,I,I,E,E,E,,,,I,,,
Estonia,63,233,2020,cattle,848300.0,84300.0,84300.0,253300.0,9.8631,1.7703,11.6334,A,A,E,E,E,,,,A,,,
Estonia,63,233,2021,cattle,838700.0,83700.0,83700.0,250800.0,9.7929,1.7577,11.5506,A,A,E,E,E,,,,A,,,
Estonia,63,233,2022,cattle,848100.0,83740.0,83740.0,249620.0,9.7976,1.7585,11.556099999999999,A,A,E,E,E,,,,A,,,
Estonia,63,233,2023,cattle,894200.0,83350.0,83350.0,241360.0,9.752,1.7504,11.502400000000002,A,A,E,E,E,,,,A,,,
Estonia,63,233,2020,goats,700.0,,4500.0,4500.0,0.0225,0.0006,0.0231,A,,A,E,E,,,,A,,,
Estonia,63,233,2021,goats,700.0,,4300.0,4300.0,0.0215,0.0006,0.022099999999999998,A,,A,E,E,,,,A,,,
Estonia,63,233,2022,goats,500.0,,4000.0,4000.0,0.02,0.0005,0.0205,A,,A,E,E,,,,A,,,
Estonia,63,233,2023,goats,500.0,,3700.0,3700.0,0.0185,0.0005,0.019,A,,A,E,E,,,,A,,,
Eswatini,209,748,2020,cattle,37591.02,125095.0,125169.0,548964.0,5.7578,0.1252,5.883,I,I,E,E,E,,,,A,,,
Eswatini,209,748,2021,cattle,37870.75,126160.0,126100.0,554400.0,5.8006,0.1261,5.9267,I,I,E,E,E,,,,A,,,
Eswatini,209,748,2022,cattle,38159.18,127261.0,120192.0,560036.0,5.5288,0.1202,5.649,I,I,E,E,E,,,,A,,,
Eswatini,209,748,2023,cattle,40575.2,137030.0,118765.0,613475.0,5.4632,0.1188,5.582,I,I,E,E,E,,,,A,,,
Ethiopia,238,231,2020,camel,243429.0,259796.0,1565373.0,1530939.0,72.0072,3.0055,75.0127,A,I,E,E,E,,,,I,,,
Ethiopia,238,231,2021,camel,235877.0,264742.0,1664723.0,1566449.0,76.5773,3.1963,79.77359999999999,E,I,E,E,E,,,,E,,,
Ethiopia,238,231,2022,camel,220446.0,271316.0,1736933.0,1614196.0,79.8989,3.3349,83.2338,E,I,E,E,E,,,,E,,,
Ethiopia,238,231,2023,camel,233250.67,269974.0,1755349.0,1603124.0,80.7461,3.3703,84.1164,E,I,E,E,E,,,,E,,,
Ethiopia,238,231,2020,cattle,3438252.69,12800000.0,7556402.0,70291776.0,347.5945,7.5564,355.1509,I,E,E,E,E,,,,A,,,
Ethiopia,238,231,2021,cattle,3439666.97,12800000.0,8859120.0,68079757.0,407.5195,8.8591,416.3786,I,E,E,E,E,,,,I,,,
Ethiopia,238,231,2022,cattle,3866052.0,12800866.0,9008433.0,66260987.0,414.3879,9.0084,423.3963,A,A,E,E,E,,,,A,,,
Ethiopia,238,231,2023,cattle,3442497.27,12800000.0,9379050.0,69318245.0,431.4363,9.379,440.81530000000004,I,E,E,E,E,,,,I,,,
Ethiopia,238,231,2020,goats,58155.38,1705995.0,52463535.0,52463535.0,262.3177,8.9188,271.2365,I,I,A,E,E,,,,A,,,
Ethiopia,238,231,2021,goats,56267.62,1625076.0,45716091.0,49306944.0,228.5805,7.7717,236.3522,I,I,A,E,E,,,,I,,,
Ethiopia,238,231,2022,goats,54124.41,1537157.0,49560433.0,45716091.0,247.8022,8.4253,256.2275,I,I,E,E,E,,,,A,,,
Ethiopia,238,231,2023,goats,52306.07,1463631.0,53572317.0,42765205.0,267.8616,9.1073,276.9689,I,I,I,E,E,,,,I,,,
Ethiopia,238,231,2020,sheep,60070.56,3292166.0,42914865.0,42914865.0,214.5743,6.4372,221.01149999999998,I,I,A,E,E,,,,A,,,
Ethiopia,238,231,2021,sheep,58367.54,3150544.0,38013272.0,40663456.0,190.0664,5.702,195.76839999999999,I,I,A,E,E,,,,I,,,
Ethiopia,238,231,2022,sheep,56348.99,2989081.0,34659337.0,38013272.0,173.2967,5.1989,178.4956,I,I,I,E,E,,,,A,,,
Ethiopia,238,231,2023,sheep,55772.34,2942188.0,39946177.0,37232386.0,199.7309,5.9919,205.72279999999998,I,I,I,E,E,,,,I,,,
Faroe Islands,64,234,2020,cattle,7556.0,1148.0,1148.0,1837.0,0.1343,0.0241,0.1584,A,A,E,E,E,,,,A,,,
Faroe Islands,64,234,2021,cattle,7763.0,1147.0,1147.0,1860.0,0.1342,0.0241,0.15830000000000002,A,A,E,E,E,,,,A,,,
Faroe Islands,64,234,2022,cattle,7200.0,741.0,741.0,2050.0,0.0867,0.0156,0.1023,A,A,E,E,E,,,,A,,,
Faroe Islands,64,234,2023,cattle,7030.0,773.0,1082.0,1758.0,0.1266,0.0227,0.1493,A,A,E,E,E,,,,A,,,
Fiji,66,242,2020,cattle,12393.0,32620.0,32620.0,93301.0,2.9358,0.9786,3.9144,A,A,E,E,E,,,,A,,,
Fiji,66,242,2021,cattle,11399.0,33535.0,33535.0,93440.0,3.0181,1.0061,4.0242,A,A,E,E,E,,,,A,,,
Fiji,66,242,2022,cattle,13904.0,33390.0,33390.0,71608.0,3.0051,1.0017,4.0068,A,A,E,E,E,,,,A,,,
Fiji,66,242,2023,cattle,12737.0,45874.0,45874.0,75924.0,4.1287,1.3762,5.5049,A,A,E,E,E,,,,A,,,
Finland,67,246,2020,cattle,2406520.0,255620.0,255620.0,835380.0,29.9075,5.368,35.2755,A,A,E,E,E,,,,A,,,
Finland,67,246,2021,cattle,2314850.0,248530.0,248530.0,829980.0,29.078,5.2191,34.2971,A,A,E,E,E,,,,A,,,
Finland,67,246,2022,cattle,2258630.0,243170.0,243170.0,821970.0,28.4509,5.1066,33.557500000000005,A,A,E,E,E,,,,A,,,
Finland,67,246,2023,cattle,2239000.0,236270.0,236270.0,798640.0,27.6436,4.9617,32.6053,A,A,E,E,E,,,,A,,,
France,68,250,2020,cattle,25234840.0,3405680.0,3405680.0,17815670.0,398.4646,75.2671,473.73170000000005,A,A,E,E,E,,,,A,,,
France,68,250,2021,cattle,24760620.0,3322030.0,3322030.0,17330080.0,388.6775,73.4184,462.09590000000003,A,A,E,E,E,,,,A,,,
France,68,250,2022,cattle,24606350.0,3230860.0,3230860.0,16986190.0,378.0106,71.4035,449.4141,A,A,E,E,E,,,,A,,,
France,68,250,2023,cattle,23993580.0,3164600.0,3164600.0,16806900.0,370.2582,69.9391,440.1973,A,A,E,E,E,,,,A,,,
France,68,250,2020,goats,709510.0,1178410.0,1413980.0,1413980.0,7.0699,0.1838,7.253699999999999,A,A,A,E,E,,,,A,,,
France,68,250,2021,goats,718260.0,1174940.0,1387770.0,1387770.0,6.9389,0.1804,7.1193,A,A,A,E,E,,,,A,,,
France,68,250,2022,goats,733100.0,1155000.0,1310710.0,1353000.0,6.5536,0.1704,6.724,A,A,A,E,E,,,,A,,,
France,68,250,2023,goats,718100.0,1135000.0,1275000.0,1340000.0,6.375,0.1658,6.5408,A,A,A,E,E,,,,A,,,
France,68,250,2020,sheep,344170.0,1522100.0,6998710.0,6998710.0,55.9897,1.3298,57.3195,A,A,A,E,E,,,,A,,,
France,68,250,2021,sheep,350200.0,1560360.0,6994630.0,6994630.0,55.957,1.329,57.286,A,A,A,E,E,,,,A,,,
France,68,250,2022,sheep,342090.0,1548000.0,6597520.0,6746000.0,52.7802,1.2535,54.0337,A,A,A,E,E,,,,A,,,
France,68,250,2023,sheep,338820.0,1495000.0,6576000.0,6802000.0,52.608,1.2494,53.8574,A,A,A,E,E,,,,A,,,
French Polynesia,70,258,2020,cattle,800.0,465.0,465.0,8579.0,0.0419,0.014,0.0559,A,E,E,E,E,,,,I,,,
French Polynesia,70,258,2021,cattle,784.1,464.0,464.0,8895.0,0.0418,0.0139,0.0557,A,E,E,E,E,,,,I,,,
French Polynesia,70,258,2022,cattle,632.72,466.0,466.0,10000.0,0.0419,0.014,0.0559,A,E,E,E,E,,,,E,,,
French Polynesia,70,258,2023,cattle,529.59,438.0,438.0,8500.0,0.0394,0.0131,0.0525,A,A,E,E,E,,,,E,,,
Gabon,74,266,2020,cattle,10533.63,8034.0,8109.0,38825.0,0.373,0.0081,0.3811,I,I,E,E,E,,,,I,,,
Gabon,74,266,2021,cattle,10626.07,8105.0,8145.0,39262.0,0.3747,0.0081,0.3828,I,I,E,E,E,,,,I,,,
Gabon,74,266,2022,cattle,10664.25,8133.0,8173.0,39411.0,0.376,0.0082,0.3842,I,I,E,E,E,,,,I,,,
Gabon,74,266,2023,cattle,10699.44,8158.0,8201.0,39545.0,0.3772,0.0082,0.38539999999999996,I,I,E,E,E,,,,I,,,
Gambia,75,270,2020,cattle,49686.97,37823.0,37866.0,285182.0,1.7418,0.0379,1.7797,I,I,E,E,E,,,,A,,,
Gambia,75,270,2021,cattle,49500.06,37655.0,37700.0,283300.0,1.7342,0.0377,1.7719,I,I,E,E,E,,,,A,,,
Gambia,75,270,2022,cattle,49313.8,37488.0,37534.0,281430.0,1.7266,0.0375,1.7641,I,I,E,E,E,,,,A,,,
Gambia,75,270,2023,cattle,51890.51,39548.0,37297.0,301948.0,1.7157,0.0373,1.7530000000000001,I,I,E,E,E,,,,A,,,
Georgia,73,268,2020,cattle,575461.0,441800.0,441800.0,869500.0,20.3228,0.8836,21.206400000000002,A,A,E,E,E,,,,A,,,
Georgia,73,268,2021,cattle,594619.0,450800.0,450800.0,925800.0,20.7368,0.9016,21.638399999999997,A,A,E,E,E,,,,A,,,
Georgia,73,268,2022,cattle,571032.0,451700.0,451700.0,928600.0,20.7782,0.9034,21.6816,A,A,E,E,E,,,,A,,,
Georgia,73,268,2023,cattle,591941.0,431400.0,431400.0,853700.0,19.8444,0.8628,20.7072,A,A,E,E,E,,,,A,,,
Georgia,73,268,2020,goats,3440.2,33300.0,49700.0,49700.0,0.2485,0.0055,0.254,E,A,A,E,E,,,,A,,,
Georgia,73,268,2021,goats,3400.0,33300.0,50300.0,50300.0,0.2515,0.0055,0.257,E,A,A,E,E,,,,A,,,
Georgia,73,268,2022,goats,3430.0,35100.0,52500.0,52500.0,0.2625,0.0058,0.2683,E,A,A,E,E,,,,A,,,
Georgia,73,268,2023,goats,3170.0,34600.0,50200.0,50200.0,0.251,0.0055,0.2565,E,A,A,E,E,,,,A,,,
Georgia,73,268,2020,sheep,7168.8,135676.0,841900.0,841900.0,4.2095,0.0842,4.2937,E,I,A,E,E,,,,A,,,
Georgia,73,268,2021,sheep,7300.0,142588.0,896200.0,896200.0,4.481,0.0896,4.5706,E,I,A,E,E,,,,A,,,
Georgia,73,268,2022,sheep,7300.0,143678.0,904300.0,904300.0,4.5215,0.0904,4.6118999999999994,E,I,A,E,E,,,,A,,,
Georgia,73,268,2023,sheep,6730.0,138668.0,863800.0,863800.0,4.319,0.0864,4.4054,E,I,A,E,E,,,,A,,,
Germany,79,276,2020,buffalo,1000.0,,10700.0,10700.0,0.5885,0.0428,0.6313,A,,A,E,E,,,,A,,,
Germany,79,276,2020,cattle,33164910.0,3921410.0,3921410.0,11301860.0,458.805,82.3496,541.1546,A,A,E,E,E,,,,A,,,
Germany,79,276,2021,cattle,32506910.0,3832720.0,3832720.0,11039660.0,448.4282,80.4871,528.9153,A,A,E,E,E,,,,A,,,
Germany,79,276,2022,cattle,32399050.0,3809720.0,3809720.0,10996960.0,445.7372,80.0041,525.7412999999999,A,A,E,E,E,,,,A,,,
Germany,79,276,2023,cattle,34012620.0,3712820.0,3712820.0,10836200.0,434.3999,77.9692,512.3691,A,A,E,E,E,,,,A,,,
Germany,79,276,2020,goats,16280.0,,161000.0,161000.0,0.805,0.0209,0.8259000000000001,A,,A,E,E,,,,A,,,
Germany,79,276,2020,sheep,6700.0,12800.0,1483700.0,1483700.0,11.8696,0.2819,12.1515,A,A,A,E,E,,,,A,,,
Ghana,81,288,2020,cattle,47802.95,363947.0,363667.0,2109000.0,16.7287,0.3637,17.0924,I,I,E,E,E,,,,A,,,
Ghana,81,288,2021,cattle,48756.54,373145.0,372835.0,2174000.0,17.1504,0.3728,17.523200000000003,I,I,E,E,E,,,,A,,,
Ghana,81,288,2022,cattle,49487.6,380178.0,383117.0,2223553.0,17.6234,0.3831,18.0065,I,I,E,E,E,,,,I,,,
Ghana,81,288,2023,cattle,50460.99,389649.0,389336.0,2291077.0,17.9095,0.3893,18.2988,I,I,E,E,E,,,,I,,,
Greece,84,300,2020,buffalo,90.0,,7100.0,5228.0,0.3905,0.0355,0.426,A,,A,E,E,,,,A,,,
Greece,84,300,2020,cattle,683460.0,90000.0,90000.0,631500.0,10.53,2.5819,13.111899999999999,A,A,E,E,E,,,,A,,,
Greece,84,300,2021,cattle,710930.0,91300.0,91300.0,614100.0,10.6821,2.6192,13.301300000000001,A,A,E,E,E,,,,A,,,
Greece,84,300,2022,cattle,691250.0,80500.0,80500.0,581600.0,9.4185,2.3094,11.7279,A,A,E,E,E,,,,A,,,
Greece,84,300,2023,cattle,669620.0,88200.0,89400.0,638800.0,10.4598,2.5647,13.0245,A,A,E,E,E,,,,A,,,
Greece,84,300,2020,goats,361350.0,2330100.0,3149000.0,3149000.0,15.745,0.4094,16.1544,A,A,A,E,E,,,,A,,,
Greece,84,300,2021,goats,365150.0,2270000.0,3135100.0,3135100.0,15.6755,0.4076,16.083099999999998,A,A,A,E,E,,,,A,,,
Greece,84,300,2022,goats,351720.0,2268100.0,2960900.0,2960900.0,14.8045,0.3849,15.189400000000001,A,A,A,E,E,,,,A,,,
Greece,84,300,2023,goats,348920.0,2102500.0,2747700.0,2836100.0,13.7385,0.3572,14.0957,A,A,A,E,E,,,,A,,,
Greece,84,300,2020,sheep,945430.0,5885600.0,7721800.0,7721800.0,61.7744,1.4671,63.2415,A,A,A,E,E,,,,A,,,
Greece,84,300,2021,sheep,951650.0,5684300.0,7690900.0,7690900.0,61.5272,1.4613,62.9885,A,A,A,E,E,,,,A,,,
Greece,84,300,2022,sheep,956450.0,5420700.0,7378400.0,7378400.0,59.0272,1.4019,60.4291,A,A,A,E,E,,,,A,,,
Greece,84,300,2023,sheep,943970.0,5705900.0,7892300.0,7994200.0,63.1384,1.4995,64.6379,A,A,A,E,E,,,,A,,,
Grenada,86,308,2020,cattle,610.0,756.0,780.0,6108.0,0.0562,0.0012,0.0574,I,I,E,E,E,,,,I,,,
Grenada,86,308,2021,cattle,598.8,739.0,785.0,5889.0,0.0565,0.0012,0.0577,I,I,E,E,E,,,,I,,,
Grenada,86,308,2022,cattle,590.09,726.0,792.0,5720.0,0.057,0.0012,0.0582,I,I,E,E,E,,,,I,,,
Grenada,86,308,2023,cattle,581.13,712.0,799.0,5548.0,0.0575,0.0012,0.0587,I,I,E,E,E,,,,I,,,
Guatemala,89,320,2020,cattle,558720.0,704672.0,697998.0,4055342.0,50.2559,0.698,50.9539,A,I,E,E,E,,,,I,,,
Guatemala,89,320,2021,cattle,586945.0,716963.0,706271.0,4139731.0,50.8515,0.7063,51.5578,A,I,E,E,E,,,,I,,,
Guatemala,89,320,2022,cattle,548990.0,727306.0,714399.0,4210482.0,51.4367,0.7144,52.1511,A,I,E,E,E,,,,I,,,
Guatemala,89,320,2023,cattle,559650.0,737060.0,722515.0,4277177.0,52.0211,0.7225,52.743599999999994,A,I,E,E,E,,,,I,,,
Guatemala,89,320,2020,goats,2594.02,14228.0,115017.0,114909.0,0.5751,0.0196,0.5946999999999999,I,I,I,E,E,,,,I,,,
Guatemala,89,320,2021,goats,2599.6,14261.0,115426.0,115196.0,0.5771,0.0196,0.5966999999999999,I,I,I,E,E,,,,I,,,
Guatemala,89,320,2022,goats,2605.35,14296.0,115744.0,115497.0,0.5787,0.0197,0.5984,I,I,I,E,E,,,,I,,,
Guatemala,89,320,2023,goats,2610.54,14327.0,116062.0,115751.0,0.5803,0.0197,0.6000000000000001,I,I,I,E,E,,,,I,,,
Guinea,90,324,2020,cattle,209196.0,889033.0,887436.0,8367838.0,40.8221,0.8874,41.7095,A,I,E,E,E,,,,A,,,
Guinea,90,324,2021,cattle,220670.0,926113.0,926113.0,8826796.0,42.6012,0.9261,43.5273,A,I,E,E,E,,,,A,,,
Guinea,90,324,2022,cattle,232773.14,966475.0,966475.0,9310926.0,44.4579,0.9665,45.424400000000006,A,I,E,E,E,,,,A,,,
Guinea,90,324,2023,cattle,235000.0,980000.0,927843.0,9821600.0,42.6808,0.9278,43.608599999999996,E,E,E,E,E,,,,A,,,
Guinea,90,324,2020,goats,37014.94,441850.0,3699431.0,3699431.0,18.4972,0.694,19.1912,I,I,A,E,E,,,,A,,,
Guinea,90,324,2021,goats,38481.33,465301.0,3947834.0,3947834.0,19.7392,0.7406,20.4798,I,I,A,E,E,,,,A,,,
Guinea,90,324,2022,goats,40005.81,489997.0,4212916.0,4212916.0,21.0646,0.7904,21.854999999999997,I,I,A,E,E,,,,A,,,
Guinea,90,324,2023,goats,41539.29,515146.0,4486349.0,4486307.0,22.4317,0.8417,23.2734,I,I,I,E,E,,,,I,,,
Guinea,90,324,2020,sheep,14889.42,277979.0,3082187.0,3082187.0,15.4109,0.5166,15.9275,I,I,A,E,E,,,,A,,,
Guinea,90,324,2021,sheep,15425.37,292249.0,3288023.0,3288023.0,16.4401,0.5511,16.991200000000003,I,I,A,E,E,,,,A,,,
Guinea,90,324,2022,sheep,15980.61,307253.0,3507606.0,3507606.0,17.538,0.5879,18.1259,I,I,A,E,E,,,,A,,,
Guinea,90,324,2023,sheep,16511.12,321777.0,3722622.0,3722971.0,18.6131,0.6239,19.237,I,I,I,E,E,,,,I,,,
Guinea-Bissau,175,624,2020,cattle,17852.77,110019.0,110243.0,730127.0,5.0712,0.1102,5.1814,I,I,E,E,E,,,,I,,,
Guinea-Bissau,175,624,2021,cattle,17961.58,110830.0,108966.0,736533.0,5.0124,0.109,5.1214,I,I,E,E,E,,,,I,,,
Guinea-Bissau,175,624,2022,cattle,18051.09,111487.0,110079.0,741627.0,5.0636,0.1101,5.1737,I,I,E,E,E,,,,I,,,
Guinea-Bissau,175,624,2023,cattle,17979.19,110849.0,111176.0,735671.0,5.1141,0.1112,5.2253,I,I,E,E,E,,,,E,,,
Guinea-Bissau,175,624,2020,goats,14104.77,128868.0,789554.0,808074.0,3.9478,0.1737,4.1215,I,I,E,E,E,,,,I,,,
Guinea-Bissau,175,624,2021,goats,14037.42,127962.0,815838.0,800294.0,4.0792,0.1795,4.2587,I,I,I,E,E,,,,E,,,
Guinea-Bissau,175,624,2022,goats,14157.75,129374.0,808983.0,811005.0,4.0449,0.178,4.2229,I,I,E,E,E,,,,E,,,
Guinea-Bissau,175,624,2023,goats,14271.73,130710.0,817843.0,821129.0,4.0892,0.1799,4.2691,I,I,E,E,E,,,,E,,,
Guinea-Bissau,175,624,2020,sheep,6640.84,91138.0,480997.0,474590.0,2.405,0.0962,2.5012,I,I,I,E,E,,,,I,,,
Guinea-Bissau,175,624,2021,sheep,6632.39,90915.0,480703.0,472801.0,2.4035,0.0961,2.4996,I,I,I,E,E,,,,I,,,
Guinea-Bissau,175,624,2022,sheep,6634.08,90893.0,482318.0,472332.0,2.4116,0.0965,2.5080999999999998,I,I,I,E,E,,,,I,,,
Guinea-Bissau,175,624,2023,sheep,6638.28,90920.0,483895.0,472188.0,2.4195,0.0968,2.5163,I,I,I,E,E,,,,I,,,
Guyana,91,328,2020,cattle,21000.0,19700.0,39000.0,96208.0,2.808,0.078,2.8859999999999997,E,E,E,E,E,,,,I,,,
Guyana,91,328,2021,cattle,20989.92,19938.0,39000.0,99629.0,2.808,0.078,2.8859999999999997,I,I,E,E,E,,,,I,,,
Guyana,91,328,2022,cattle,20436.0,19200.0,39000.0,100695.0,2.808,0.078,2.8859999999999997,A,E,E,E,E,,,,I,,,
Guyana,91,328,2023,cattle,28591.0,25000.0,39000.0,99772.0,2.808,0.078,2.8859999999999997,A,E,E,E,E,,,,I,,,
Haiti,93,332,2020,cattle,47142.7,191953.0,193636.0,1528747.0,13.9418,0.1936,14.1354,I,I,E,E,E,,,,I,,,
Haiti,93,332,2021,cattle,47109.36,191686.0,193512.0,1524954.0,13.9329,0.1935,14.1264,I,I,E,E,E,,,,I,,,
Haiti,93,332,2022,cattle,47027.34,191176.0,194342.0,1518685.0,13.9926,0.1943,14.1869,I,I,E,E,E,,,,I,,,
Haiti,93,332,2023,cattle,47129.62,191586.0,195173.0,1521825.0,14.0525,0.1952,14.2477,I,I,E,E,E,,,,I,,,
Haiti,93,332,2020,goats,50371.8,616045.0,1705493.0,1705493.0,8.5275,0.2899,8.8174,I,I,A,E,E,,,,A,,,
Haiti,93,332,2021,goats,51420.19,632894.0,1768240.0,1759186.0,8.8412,0.3006,9.1418,I,I,I,E,E,,,,I,,,
Haiti,93,332,2022,goats,53356.46,664594.0,1869363.0,1861731.0,9.3468,0.3178,9.6646,I,I,I,E,E,,,,I,,,
Haiti,93,332,2023,goats,53055.68,659211.0,1851086.0,1842905.0,9.2554,0.3147,9.5701,I,I,I,E,E,,,,I,,,
Honduras,95,340,2020,cattle,685749.29,501065.0,503783.0,2861440.0,36.2724,0.5038,36.776199999999996,I,I,E,E,E,,,,I,,,
Honduras,95,340,2021,cattle,688395.88,502859.0,506436.0,2872190.0,36.4634,0.5064,36.9698,I,I,E,E,E,,,,I,,,
Honduras,95,340,2022,cattle,690537.04,504267.0,509122.0,2880208.0,36.6568,0.5091,37.16589999999999,I,I,E,E,E,,,,I,,,
Honduras,95,340,2023,cattle,693072.71,505974.0,511807.0,2890333.0,36.8501,0.5118,37.3619,I,I,E,E,E,,,,I,,,
Hungary,97,348,2020,cattle,2014330.0,246600.0,246600.0,932900.0,24.4134,2.814,27.2274,A,A,E,E,E,,,,A,,,
Hungary,97,348,2021,cattle,2080230.0,280900.0,280900.0,909900.0,27.8091,3.2054,31.0145,A,A,E,E,E,,,,A,,,
Hungary,97,348,2022,cattle,2040340.0,277900.0,277900.0,894000.0,27.5121,3.1712,30.6833,A,A,E,E,E,,,,A,,,
Hungary,97,348,2023,cattle,2027570.0,265500.0,265500.0,869700.0,26.2845,3.0297,29.3142,A,A,E,E,E,,,,A,,,
Hungary,97,348,2020,goats,3060.0,29000.0,47000.0,47000.0,0.235,0.0061,0.24109999999999998,A,A,A,E,E,,,,A,,,
Hungary,97,348,2021,goats,3190.0,32600.0,45600.0,45600.0,0.228,0.0059,0.2339,A,A,A,E,E,,,,A,,,
Hungary,97,348,2022,goats,3060.0,28400.0,41000.0,41000.0,0.205,0.0053,0.2103,A,A,A,E,E,,,,A,,,
Hungary,97,348,2023,goats,2930.0,22100.0,31300.0,31300.0,0.1565,0.0041,0.1606,A,A,A,E,E,,,,A,,,
Hungary,97,348,2020,sheep,1610.0,17000.0,944000.0,944000.0,7.552,0.1794,7.7314,A,A,A,E,E,,,,A,,,
Hungary,97,348,2021,sheep,1580.0,18800.0,887000.0,887000.0,7.096,0.1685,7.2645,A,A,A,E,E,,,,A,,,
Hungary,97,348,2022,sheep,1500.0,17200.0,871700.0,871700.0,6.9736,0.1656,7.139200000000001,A,A,A,E,E,,,,A,,,
Hungary,97,348,2023,sheep,1610.0,18400.0,907100.0,907100.0,7.2568,0.1723,7.4291,A,A,A,E,E,,,,A,,,
Iceland,99,352,2020,cattle,155495.0,25763.0,25763.0,80643.0,3.0143,0.541,3.5553,A,A,E,E,E,,,,A,,,
Iceland,99,352,2021,cattle,153294.0,25772.0,25772.0,80563.0,3.0153,0.5412,3.5564999999999998,A,A,E,E,E,,,,A,,,
Iceland,99,352,2022,cattle,152405.0,25719.0,25719.0,79306.0,3.0091,0.5401,3.5492,A,A,E,E,E,,,,A,,,
Iceland,99,352,2023,cattle,155975.0,25860.0,28758.0,78732.0,3.3647,0.6039,3.9686,A,A,E,E,E,,,,A,,,
India,100,356,2020,buffalo,95391341.85,44263624.0,109665841.0,109668844.0,6031.6213,548.3292,6579.9505,A,A,I,E,E,,,,I,,,
India,100,356,2021,buffalo,99626360.0,45810140.0,111436558.0,111450919.0,6129.0107,557.1828,6686.193499999999,A,A,I,E,E,,,,I,,,
India,100,356,2022,buffalo,103299834.0,46686160.0,111737493.0,111749635.0,6145.5621,558.6875,6704.2496,A,A,I,E,E,,,,I,,,
India,100,356,2023,buffalo,104388290.0,48165960.0,112049996.0,112063575.0,6162.7498,560.25,6722.9998,A,A,I,E,E,,,,I,,,
India,100,356,2020,camel,7045.92,46989.0,223859.0,224033.0,10.2975,0.4537,10.751199999999999,I,E,I,E,E,,,,I,,,
India,100,356,2021,camel,8000.0,47488.0,219662.0,219568.0,10.1045,0.4452,10.5497,E,E,I,E,E,,,,I,,,
India,100,356,2022,camel,8000.0,47256.0,202888.0,202740.0,9.3328,0.4112,9.744,E,E,I,E,E,,,,I,,,
India,100,356,2023,camel,7929.23,47244.0,189066.0,188890.0,8.697,0.3832,9.0802,E,E,I,E,E,,,,I,,,
India,100,356,2020,cattle,108306663.52,57585529.0,57585529.0,194939240.0,3339.9607,287.9276,3627.8883,A,A,E,E,E,,,,I,,,
India,100,356,2021,cattle,115839640.0,59614630.0,59614630.0,193442970.0,3457.6485,298.0731,3755.7216,A,A,E,E,E,,,,I,,,
India,100,356,2022,cattle,119677594.0,60562270.0,60562270.0,194202718.0,3512.6117,302.8114,3815.4231,A,A,E,E,E,,,,I,,,
India,100,356,2023,cattle,127105138.0,63596100.0,63596170.0,194539444.0,3688.5779,317.9808,4006.5587,A,A,E,E,E,,,,I,,,
India,100,356,2020,goats,6261874.41,36320884.0,150429576.0,153360000.0,752.1479,26.8252,778.9731,A,A,I,E,E,,,,E,,,
India,100,356,2021,goats,6602560.0,39585710.0,151725289.0,160000000.0,758.6264,27.0562,785.6826,A,A,I,E,E,,,,E,,,
India,100,356,2022,goats,7599602.0,41928260.0,153010367.0,177300000.0,765.0518,27.2854,792.3371999999999,A,A,I,E,E,,,,E,,,
India,100,356,2023,goats,7805560.0,44011200.0,154262149.0,194250000.0,771.3107,27.5086,798.8193,A,A,I,E,E,,,,E,,,
Indonesia,101,360,2020,buffalo,91233.29,121744.0,1154226.0,1154226.0,63.4824,2.3085,65.7909,I,I,A,E,E,,,,A,,,
Indonesia,101,360,2021,buffalo,90716.53,120922.0,1143189.0,1143189.0,62.8754,2.2864,65.1618,I,I,A,E,E,,,,A,,,
Indonesia,101,360,2022,buffalo,87795.06,116557.0,1170209.0,1088483.0,64.3615,2.3404,66.70190000000001,I,I,A,E,E,,,,A,,,
Indonesia,101,360,2023,buffalo,84000.0,110950.0,1016596.0,1016596.0,55.9128,2.0332,57.946,E,I,I,E,E,,,,I,,,
Indonesia,101,360,2020,cattle,946913.0,568000.0,568000.0,17440393.0,38.624,15.4845,54.10850000000001,A,A,E,E,E,,,,A,,,
Indonesia,101,360,2021,cattle,946388.0,582169.0,582169.0,17977214.0,39.5875,15.8707,55.4582,A,A,E,E,E,,,,A,,,
Indonesia,101,360,2022,cattle,968980.0,592897.0,592897.0,17602538.0,40.317,16.1632,56.480199999999996,A,A,E,E,E,,,,A,,,
Indonesia,101,360,2023,cattle,787374.38,464021.0,557532.0,17567755.0,37.9122,15.1991,53.1113,A,A,E,E,E,,,,I,,,
Indonesia,101,360,2020,goats,359345.22,7318280.0,18689711.0,18689711.0,93.4486,3.7666,97.2152,I,I,A,E,E,,,,A,,,
Indonesia,101,360,2021,goats,362379.81,7396087.0,18904347.0,18904347.0,94.5217,3.8099,98.3316,I,I,A,E,E,,,,A,,,
Indonesia,101,360,2022,goats,358295.83,7281758.0,19397960.0,18560835.0,96.9898,3.9094,100.89920000000001,I,I,A,E,E,,,,A,,,
Indonesia,101,360,2023,goats,356691.91,7234522.0,19645537.0,18412609.0,98.2277,3.9592,102.1869,I,I,I,E,E,,,,I,,,
Indonesia,101,360,2020,sheep,161082.55,6181951.0,17523689.0,17523689.0,87.6184,3.1811,90.7995,I,I,A,E,E,,,,A,,,
Indonesia,101,360,2021,sheep,150202.49,5600044.0,15636251.0,15636251.0,78.1813,2.8385,81.01979999999999,I,I,A,E,E,,,,A,,,
Indonesia,101,360,2022,sheep,140748.64,5108130.0,15615300.0,14063214.0,78.0765,2.8347,80.9112,I,I,A,E,E,,,,A,,,
Indonesia,101,360,2023,sheep,145000.0,5376000.0,15524842.0,14800000.0,77.6242,2.8183,80.4425,E,E,I,E,E,,,,E,,,
Iran (Islamic Republic of),102,364,2020,buffalo,108003.25,68699.0,171156.0,171156.0,9.4136,0.8558,10.269400000000001,I,I,A,E,E,,,,A,,,
Iran (Islamic Republic of),102,364,2021,buffalo,122512.22,78268.0,200000.0,200000.0,11.0,1.0,12.0,I,I,E,E,E,,,,E,,,
Iran (Islamic Republic of),102,364,2022,buffalo,117678.19,75032.0,190000.0,190000.0,10.45,0.95,11.399999999999999,I,I,E,E,E,,,,E,,,
Iran (Islamic Republic of),102,364,2023,buffalo,102601.86,65050.0,160000.0,160000.0,8.8,0.8,9.600000000000001,I,I,E,E,E,,,,E,,,
Iran (Islamic Republic of),102,364,2020,cattle,7508993.0,2038571.0,2038571.0,5323974.0,118.2371,10.1929,128.43,A,A,E,E,E,,,,A,,,
Iran (Islamic Republic of),102,364,2021,cattle,7957000.0,2265000.0,2265000.0,5628000.0,131.37,11.325,142.695,A,A,E,E,E,,,,A,,,
Iran (Islamic Republic of),102,364,2022,cattle,7497000.0,2219000.0,2219000.0,5625000.0,128.702,11.095,139.797,A,A,E,E,E,,,,A,,,
Iran (Islamic Republic of),102,364,2023,cattle,7654331.0,2018440.0,2000961.0,5549436.0,116.0557,10.0048,126.0605,E,I,E,E,E,,,,I,,,
Iran (Islamic Republic of),102,364,2020,goats,350831.0,7048013.0,16663721.0,16663721.0,83.3186,2.8328,86.15140000000001,A,A,A,E,E,,,,A,,,
Iran (Islamic Republic of),102,364,2021,goats,320374.7,6593361.0,18267000.0,18267000.0,91.335,3.1054,94.4404,I,I,A,E,E,,,,A,,,
Iran (Islamic Republic of),102,364,2022,goats,321125.97,6610171.0,18309000.0,18309000.0,91.545,3.1125,94.6575,I,I,A,E,E,,,,A,,,
Iran (Islamic Republic of),102,364,2023,goats,322154.61,6634565.0,18421686.0,18374995.0,92.1084,3.1317,95.2401,I,I,I,E,E,,,,I,,,
Iran (Islamic Republic of),102,364,2020,sheep,376202.0,11371807.0,46587010.0,46587010.0,232.935,6.9881,239.9231,A,A,A,E,E,,,,A,,,
Iran (Islamic Republic of),102,364,2021,sheep,391370.89,12754882.0,53868000.0,53868000.0,269.34,8.0802,277.42019999999997,I,E,A,E,E,,,,A,,,
Iran (Islamic Republic of),102,364,2022,sheep,399506.63,12588999.0,55582000.0,55582000.0,277.91,8.3373,286.24730000000005,I,E,A,E,E,,,,A,,,
Iran (Islamic Republic of),102,364,2023,sheep,398106.25,12238563.0,52012337.0,55202107.0,260.0617,7.8019,267.86359999999996,I,E,E,E,E,,,,I,,,
Iraq,103,368,2020,buffalo,37737.0,63580.0,233453.0,233453.0,12.8399,1.1673,14.007200000000001,A,I,A,E,E,,,,A,,,
Iraq,103,368,2021,buffalo,39393.09,65521.0,242161.0,242161.0,13.3189,1.2108,14.5297,A,I,A,E,E,,,,A,,,
Iraq,103,368,2022,buffalo,40369.0,60641.0,251194.0,251194.0,13.8157,1.256,15.0717,A,E,A,E,E,,,,A,,,
Iraq,103,368,2023,buffalo,43002.0,60307.0,260564.0,260564.0,14.331,1.3028,15.633799999999999,A,E,A,E,E,,,,A,,,
Iraq,103,368,2020,camel,353.0,5817.0,98488.0,98488.0,4.5304,0.1891,4.7195,A,E,A,E,E,,,,A,,,
Iraq,103,368,2021,camel,372.1,6056.0,106361.0,106361.0,4.8926,0.2042,5.0968,A,E,A,E,E,,,,A,,,
Iraq,103,368,2022,camel,411.0,5808.0,114863.0,114863.0,5.2837,0.2205,5.5042,A,E,A,E,E,,,,A,,,
Iraq,103,368,2023,camel,431.0,5894.0,124045.0,124045.0,5.7061,0.2382,5.9443,A,E,A,E,E,,,,A,,,
Iraq,103,368,2020,cattle,223097.0,414280.0,414181.0,2019660.0,19.0523,0.8284,19.880699999999997,A,I,E,E,E,,,,A,,,
Iraq,103,368,2021,cattle,228107.0,421484.0,421368.0,2061427.0,19.3829,0.8427,20.2256,A,I,E,E,E,,,,A,,,
Iraq,103,368,2022,cattle,232493.0,428813.0,428679.0,2104057.0,19.7192,0.8574,20.5766,A,I,E,E,E,,,,A,,,
Iraq,103,368,2023,cattle,237507.0,436269.0,436118.0,2147569.0,20.0614,0.8722,20.9336,A,I,E,E,E,,,,A,,,
Iraq,103,368,2020,goats,21994.0,712606.0,1352388.0,1352388.0,6.7619,0.2299,6.9918,A,I,A,E,E,,,,A,,,
Iraq,103,368,2021,goats,22378.79,724083.0,1376393.0,1376393.0,6.882,0.234,7.116,A,I,A,E,E,,,,A,,,
Iraq,103,368,2022,goats,22764.0,735745.0,1400824.0,1400824.0,7.0041,0.2381,7.2422,A,I,A,E,E,,,,A,,,
Iraq,103,368,2023,goats,23149.0,747595.0,1425689.0,1425689.0,7.1284,0.2424,7.3708,A,I,A,E,E,,,,A,,,
Iraq,103,368,2020,sheep,58069.0,3247450.0,6723866.0,6723866.0,33.6193,1.0086,34.627900000000004,A,I,A,E,E,,,,A,,,
Iraq,103,368,2021,sheep,58344.44,3262130.0,6754123.0,6754123.0,33.7706,1.0131,34.7837,A,I,A,E,E,,,,A,,,
Iraq,103,368,2022,sheep,58592.0,3276876.0,6784517.0,6784517.0,33.9226,1.0177,34.9403,A,I,A,E,E,,,,A,,,
Iraq,103,368,2023,sheep,58868.0,3291689.0,6815047.0,6815047.0,34.0752,1.0223,35.097500000000004,A,I,A,E,E,,,,A,,,
Ireland,104,372,2020,cattle,8561470.0,1456050.0,1456050.0,6529440.0,170.3579,30.577,200.9349,A,A,E,E,E,,,,A,,,
Ireland,104,372,2021,cattle,9039990.0,1505270.0,1505270.0,6649310.0,176.1166,31.6107,207.7273,A,A,E,E,E,,,,A,,,
Ireland,104,372,2022,cattle,9108280.0,1510310.0,1510310.0,6551830.0,176.7063,31.7165,208.4228,A,A,E,E,E,,,,A,,,
Ireland,104,372,2023,cattle,8730710.0,1510860.0,1510860.0,6525960.0,176.7706,31.7281,208.4987,A,A,E,E,E,,,,A,,,
Israel,105,376,2020,cattle,1610003.0,123079.0,123079.0,525900.0,5.6616,0.2462,5.9078,A,A,E,E,E,,,,A,,,
Israel,105,376,2021,cattle,1630222.0,120000.0,120000.0,555196.0,5.52,0.24,5.76,A,A,E,E,E,,,,A,,,
Israel,105,376,2022,cattle,1647175.0,120382.0,120382.0,581535.0,5.5376,0.2408,5.7784,A,A,E,E,E,,,,A,,,
Israel,105,376,2023,cattle,1646401.0,115882.0,115882.0,580059.0,5.3306,0.2318,5.562399999999999,A,A,E,E,E,,,,A,,,
Israel,105,376,2020,goats,25234.0,90838.0,116293.0,116293.0,0.5815,0.0198,0.6013000000000001,A,I,A,E,E,,,,A,,,
Israel,105,376,2021,goats,25802.0,90684.0,116000.0,116000.0,0.58,0.0197,0.5997,A,I,A,E,E,,,,A,,,
Israel,105,376,2022,goats,27951.0,110216.0,144500.0,144500.0,0.7225,0.0246,0.7471,A,I,A,E,E,,,,A,,,
Israel,105,376,2023,goats,19916.0,89483.0,114127.0,114127.0,0.5706,0.0194,0.59,A,I,A,E,E,,,,A,,,
Israel,105,376,2020,sheep,18565.0,227362.0,500000.0,500000.0,2.5,0.075,2.575,A,I,A,E,E,,,,A,,,
Israel,105,376,2021,sheep,19565.0,235260.0,520000.0,520000.0,2.6,0.078,2.678,A,I,A,E,E,,,,A,,,
Israel,105,376,2022,sheep,19738.0,246977.0,550000.0,550000.0,2.75,0.0825,2.8325,A,I,A,E,E,,,,A,,,
Israel,105,376,2023,sheep,20982.0,227730.0,500000.0,500000.0,2.5,0.075,2.575,A,I,A,E,E,,,,A,,,
Italy,106,380,2020,buffalo,253830.0,,407030.0,407030.0,22.3866,2.0351,24.4217,A,,A,E,E,,,,A,,,
Italy,106,380,2021,buffalo,257460.0,,409410.0,409410.0,22.5176,2.0471,24.564700000000002,A,,A,E,E,,,,A,,,
Italy,106,380,2022,buffalo,254450.0,,416000.0,416000.0,22.88,2.08,24.96,A,,A,E,E,,,,A,,,
Italy,106,380,2023,buffalo,254280.0,,416000.0,416000.0,22.88,2.08,24.96,A,,A,E,E,,,,A,,,
Italy,106,380,2020,cattle,12712480.0,1871270.0,1871270.0,6400040.0,218.9386,47.7493,266.6879,A,A,E,E,E,,,,A,,,
Italy,106,380,2021,cattle,13202450.0,1844370.0,1844370.0,6280280.0,215.7913,47.0629,262.8542,A,A,E,E,E,,,,A,,,
Italy,106,380,2022,cattle,13181870.0,1865000.0,1865000.0,6049000.0,218.205,47.5893,265.7943,A,A,E,E,E,,,,A,,,
Italy,106,380,2023,cattle,13058970.0,1808000.0,1808000.0,5999000.0,211.536,46.1348,257.6708,A,A,E,E,E,,,,A,,,
Italy,106,380,2020,goats,61240.0,826390.0,1065710.0,1065710.0,5.3285,0.1385,5.467,A,A,A,E,E,,,,A,,,
Italy,106,380,2021,goats,60960.0,824250.0,1060750.0,1060750.0,5.3037,0.1379,5.4416,A,A,A,E,E,,,,A,,,
Italy,106,380,2022,goats,59970.0,887000.0,1010000.0,1010000.0,5.05,0.1313,5.1813,A,A,A,E,E,,,,A,,,
Italy,106,380,2023,goats,57660.0,866000.0,980000.0,980000.0,4.9,0.1274,5.0274,A,A,A,E,E,,,,A,,,
Italy,106,380,2020,sheep,481970.0,4851240.0,7034160.0,7034160.0,56.2733,1.3365,57.6098,A,A,A,E,E,,,,A,,,
Italy,106,380,2021,sheep,477100.0,4593320.0,6728350.0,6728350.0,53.8268,1.2784,55.105199999999996,A,A,A,E,E,,,,A,,,
Italy,106,380,2022,sheep,475400.0,4659000.0,6568000.0,6568000.0,52.544,1.2479,53.7919,A,A,A,E,E,,,,A,,,
Italy,106,380,2023,sheep,471290.0,4466000.0,6497000.0,6497000.0,51.976,1.2344,53.2104,A,A,A,E,E,,,,A,,,
Jamaica,109,388,2020,cattle,12205.0,5523.0,5523.0,160000.0,0.3977,0.0073,0.40499999999999997,A,A,E,E,E,,,,E,,,
Jamaica,109,388,2021,cattle,11800.0,6400.0,6400.0,158671.0,0.4608,0.0085,0.4693,A,A,E,E,E,,,,I,,,
Jamaica,109,388,2022,cattle,12399.0,4923.0,4923.0,153880.0,0.3545,0.0065,0.361,A,A,E,E,E,,,,I,,,
Jamaica,109,388,2023,cattle,10394.0,3837.0,3837.0,154090.0,0.2763,0.0051,0.2814,A,A,E,E,E,,,,I,,,
Jamaica,109,388,2020,goats,190120.89,531752.0,571057.0,565749.0,2.8553,0.1062,2.9615,I,I,I,E,E,,,,I,,,
Jamaica,109,388,2021,goats,193759.65,543380.0,579020.0,578970.0,2.8951,0.1077,3.0027999999999997,I,I,I,E,E,,,,I,,,
Jamaica,109,388,2022,goats,196094.36,550757.0,586568.0,587237.0,2.9328,0.1091,3.0419,I,I,I,E,E,,,,I,,,
Jamaica,109,388,2023,goats,198298.23,557711.0,594116.0,595011.0,2.9706,0.1105,3.0811,I,I,I,E,E,,,,I,,,
Japan,110,392,2020,cattle,7438218.0,838900.0,838900.0,3907000.0,57.0452,8.34,65.3852,A,A,E,E,E,,,,A,,,
Japan,110,392,2021,cattle,7592061.0,849300.0,849300.0,3961000.0,57.7524,8.4434,66.1958,A,A,E,E,E,,,,A,,,
Japan,110,392,2022,cattle,7617473.0,861700.0,861700.0,3985000.0,58.5956,8.5667,67.1623,A,A,E,E,E,,,,A,,,
Japan,110,392,2023,cattle,7298933.0,836600.0,836600.0,4043000.0,56.8888,8.3171,65.2059,A,A,E,E,E,,,,A,,,
Jordan,112,400,2020,cattle,299819.0,43304.0,43304.0,77888.0,1.992,0.0866,2.0786,A,A,E,E,E,,,,A,,,
Jordan,112,400,2021,cattle,309072.0,44531.0,44531.0,78477.0,2.0484,0.0891,2.1375,A,A,E,E,E,,,,A,,,
Jordan,112,400,2022,cattle,408059.0,47678.0,47678.0,81466.0,2.1932,0.0954,2.2886,A,A,E,E,E,,,,A,,,
Jordan,112,400,2023,cattle,485599.96,48067.0,45799.0,90296.0,2.1068,0.0916,2.1984,A,A,E,E,E,,,,A,,,
Jordan,112,400,2020,goats,9264.0,527109.0,762752.0,762752.0,3.8138,0.1297,3.9435000000000002,A,A,A,E,E,,,,A,,,
Jordan,112,400,2021,goats,11910.0,561035.0,803940.0,803940.0,4.0197,0.1367,4.1564000000000005,A,A,A,E,E,,,,A,,,
Jordan,112,400,2022,goats,13744.0,518526.0,733210.0,733210.0,3.666,0.1246,3.7906,A,A,A,E,E,,,,A,,,
Jordan,112,400,2023,goats,33530.0,678473.0,766634.0,908328.0,3.8332,0.1303,3.9635000000000002,A,A,E,E,E,,,,A,,,
Jordan,112,400,2020,sheep,101092.0,2232857.0,3002286.0,3002286.0,15.0114,0.4503,15.4617,A,A,A,E,E,,,,A,,,
Jordan,112,400,2021,sheep,104676.0,2289723.0,3085261.0,3085261.0,15.4263,0.4628,15.8891,A,A,A,E,E,,,,A,,,
Jordan,112,400,2022,sheep,97079.7,2209501.0,2961717.0,2961717.0,14.8086,0.4443,15.2529,A,A,A,E,E,,,,A,,,
Jordan,112,400,2023,sheep,123571.0,2602868.0,2934462.0,3471584.0,14.6723,0.4402,15.1125,A,A,I,E,E,,,,A,,,
Kazakhstan,108,398,2020,camel,16952.21,92600.0,227703.0,227703.0,10.4743,0.2915,10.765799999999999,A,E,A,E,E,,,,A,,,
Kazakhstan,108,398,2021,camel,17727.22,96900.0,243365.0,243365.0,11.1948,0.3115,11.506300000000001,A,E,A,E,E,,,,A,,,
Kazakhstan,108,398,2022,camel,17169.2,93800.0,253742.0,253742.0,11.6721,0.3248,11.9969,A,E,A,E,E,,,,A,,,
Kazakhstan,108,398,2023,camel,18168.2,99300.0,264936.0,264936.0,12.1871,0.3391,12.5262,A,E,A,E,E,,,,A,,,
Kazakhstan,108,398,2020,cattle,3143228.71,1237000.0,1237000.0,6486000.0,84.116,11.133,95.249,A,E,E,E,E,,,,E,,,
Kazakhstan,108,398,2021,cattle,3245035.92,1277000.0,1277000.0,6704000.0,86.836,11.493,98.329,A,E,E,E,E,,,,E,,,
Kazakhstan,108,398,2022,cattle,3308439.8,1302000.0,1302000.0,6536282.0,88.536,11.718,100.254,A,E,E,E,E,,,,A,,,
Kazakhstan,108,398,2023,cattle,3420415.6,1345352.0,1345352.0,6616836.0,91.4839,12.1082,103.5921,A,A,E,E,E,,,,A,,,
Kazakhstan,108,398,2020,goats,1157.38,24200.0,1814000.0,1814000.0,9.07,0.1995,9.2695,A,E,E,E,E,,,,E,,,
Kazakhstan,108,398,2021,goats,1114.99,23300.0,1893000.0,1893000.0,9.465,0.2082,9.6732,A,E,E,E,E,,,,E,,,
Kazakhstan,108,398,2022,goats,1206.3,25200.0,1883956.0,1883956.0,9.4198,0.2072,9.627,A,E,A,E,E,,,,A,,,
Kazakhstan,108,398,2023,goats,1294.6,27100.0,1705701.0,1705701.0,8.5285,0.1876,8.716099999999999,A,E,A,E,E,,,,A,,,
Kenya,114,404,2020,camel,1074325.28,1642815.0,4669739.0,4669739.0,214.808,8.9659,223.7739,I,I,A,E,E,,,,A,,,
Kenya,114,404,2021,camel,1031414.43,1570132.0,4427881.0,4427881.0,203.6825,8.5015,212.184,I,I,A,E,E,,,,A,,,
Kenya,114,404,2022,camel,850228.57,1269279.0,3456483.0,3456483.0,158.9982,6.6364,165.6346,I,I,A,E,E,,,,A,,,
Kenya,114,404,2023,camel,1006991.58,1527901.0,4284497.0,4284497.0,197.0869,8.2262,205.31310000000002,I,I,A,E,E,,,,A,,,
Kenya,114,404,2020,cattle,4169560.0,5112340.0,5112340.0,26765935.0,235.1676,5.1123,240.2799,A,A,E,E,E,,,,A,,,
Kenya,114,404,2021,cattle,4780090.0,5017991.0,5017991.0,22853225.0,230.8276,5.018,235.8456,A,A,E,E,E,,,,A,,,
Kenya,114,404,2022,cattle,4742430.0,4915833.0,4915833.0,20830134.0,226.1283,4.9158,231.0441,A,E,E,E,E,,,,A,,,
Kenya,114,404,2023,cattle,4705660.0,5015388.0,5015388.0,21882008.0,230.7078,5.0154,235.7232,A,E,E,E,E,,,,A,,,
Kenya,114,404,2020,goats,267312.97,5131898.0,36021177.0,36021177.0,180.1059,6.1236,186.2295,I,I,A,E,E,,,,A,,,
Kenya,114,404,2021,goats,251302.29,4725120.0,32570314.0,32570314.0,162.8516,5.537,168.3886,I,I,A,E,E,,,,A,,,
Kenya,114,404,2022,goats,241739.53,4485320.0,30558620.0,30558620.0,152.7931,5.195,157.9881,I,I,A,E,E,,,,A,,,
Kenya,114,404,2023,goats,263183.58,5018368.0,34989347.0,34989347.0,174.9467,5.9482,180.8949,I,I,A,E,E,,,,A,,,
Kenya,114,404,2020,sheep,96851.3,3169216.0,25345927.0,25345927.0,126.7296,3.8019,130.5315,I,I,A,E,E,,,,A,,,
Kenya,114,404,2021,sheep,95721.75,3115373.0,24801605.0,24801605.0,124.008,3.7202,127.7282,I,I,A,E,E,,,,A,,,
Kenya,114,404,2022,sheep,87815.84,2757285.0,21333288.0,21333288.0,106.6664,3.2,109.8664,I,I,A,E,E,,,,A,,,
Kenya,114,404,2023,sheep,92269.72,2954645.0,23208541.0,23208541.0,116.0427,3.4813,119.524,I,I,A,E,E,,,,A,,,
Kuwait,118,414,2020,cattle,51555.63,9593.0,9585.0,31480.0,0.4409,0.0192,0.4601,I,I,E,E,E,,,,A,,,
Kuwait,118,414,2021,cattle,52011.71,9668.0,9659.0,31770.0,0.4443,0.0193,0.46359999999999996,I,I,E,E,E,,,,A,,,
Kuwait,118,414,2022,cattle,53672.45,9947.0,9842.0,32928.0,0.4527,0.0197,0.4724,I,I,E,E,E,,,,I,,,
Kuwait,118,414,2023,cattle,52398.46,9726.0,10078.0,31972.0,0.4636,0.0202,0.4838,I,I,E,E,E,,,,E,,,
Kuwait,118,414,2020,goats,6031.33,34853.0,214260.0,214260.0,1.0713,0.0395,1.1108,E,E,A,E,E,,,,A,,,
Kuwait,118,414,2021,goats,6085.44,38478.0,219760.0,219760.0,1.0988,0.0405,1.1393,E,E,A,E,E,,,,A,,,
Kuwait,118,414,2022,goats,6169.93,40159.0,223115.0,223115.0,1.1156,0.0412,1.1567999999999998,E,E,E,E,E,,,,E,,,
Kuwait,118,414,2023,goats,6095.57,37830.0,219045.0,219045.0,1.0952,0.0404,1.1356,E,E,E,E,E,,,,E,,,
Kuwait,118,414,2020,sheep,294.49,1411.0,725700.0,725700.0,3.6285,0.1194,3.7479,I,I,A,E,E,,,,A,,,
Kuwait,118,414,2021,sheep,297.51,1432.0,748530.0,748530.0,3.7426,0.1231,3.8657,I,I,A,E,E,,,,A,,,
Kuwait,118,414,2022,sheep,299.65,1447.0,765149.0,764424.0,3.8257,0.1259,3.9516,I,I,I,E,E,,,,I,,,
Kuwait,118,414,2023,sheep,296.28,1422.0,734585.0,734585.0,3.6729,0.1208,3.7937,I,I,E,E,E,,,,E,,,
Kyrgyzstan,113,417,2020,cattle,1667973.0,855050.0,855050.0,1715776.0,58.1434,7.6955,65.8389,A,A,E,E,E,,,,A,,,
Kyrgyzstan,113,417,2021,cattle,1698962.0,868820.0,868820.0,1750467.0,59.0798,7.8194,66.8992,A,A,E,E,E,,,,A,,,
Kyrgyzstan,113,417,2022,cattle,1734143.0,885673.0,885673.0,1783469.0,60.2258,7.9711,68.1969,A,A,E,E,E,,,,A,,,
Kyrgyzstan,113,417,2023,cattle,1777613.0,902244.0,902244.0,1802299.0,61.3526,8.1202,69.4728,A,A,E,E,E,,,,A,,,
Kyrgyzstan,113,417,2020,goats,628.0,302892.0,770704.0,770704.0,3.8535,0.0848,3.9383,A,E,A,E,E,,,,A,,,
Kyrgyzstan,113,417,2021,goats,586.0,301727.0,742507.0,742507.0,3.7125,0.0817,3.7942,A,E,A,E,E,,,,A,,,
Kyrgyzstan,113,417,2022,goats,548.0,302157.0,685368.0,685368.0,3.4268,0.0754,3.5022,A,E,A,E,E,,,,A,,,
Kyrgyzstan,113,417,2023,goats,648.0,302259.0,662917.0,662917.0,3.3146,0.0729,3.3875,A,E,A,E,E,,,,A,,,
Lao People's Democratic Republic,120,418,2020,cattle,8359.06,45841.0,45791.0,2188000.0,3.1138,1.0823,4.1960999999999995,I,I,E,E,E,,,,A,,,
Lao People's Democratic Republic,120,418,2021,cattle,8576.85,47390.0,47333.0,2299000.0,3.2186,1.1187,4.3373,I,I,E,E,E,,,,A,,,
Lao People's Democratic Republic,120,418,2022,cattle,8822.96,49157.0,49091.0,2428000.0,3.3382,1.1603,4.4985,I,I,E,E,E,,,,A,,,
Lao People's Democratic Republic,120,418,2023,cattle,9070.36,50947.0,50633.0,2561000.0,3.443,1.1967,4.6397,I,I,E,E,E,,,,A,,,
Latvia,119,428,2020,cattle,988200.0,136040.0,136040.0,398990.0,15.9167,2.8568,18.7735,A,A,E,E,E,,,,A,,,
Latvia,119,428,2021,cattle,990310.0,131200.0,131200.0,393470.0,15.3504,2.7552,18.1056,A,A,E,E,E,,,,A,,,
Latvia,119,428,2022,cattle,973810.0,127760.0,127760.0,391350.0,14.9479,2.683,17.6309,A,A,E,E,E,,,,A,,,
Latvia,119,428,2023,cattle,962180.0,119040.0,119040.0,368060.0,13.9277,2.4998,16.4275,A,A,E,E,E,,,,A,,,
Latvia,119,428,2020,goats,1900.0,7920.0,11480.0,11480.0,0.0574,0.0015,0.0589,A,A,A,E,E,,,,A,,,
Latvia,119,428,2021,goats,1910.0,7930.0,11400.0,11400.0,0.057,0.0015,0.0585,A,A,A,E,E,,,,A,,,
Latvia,119,428,2022,goats,1480.0,7940.0,11680.0,11680.0,0.0584,0.0015,0.0599,A,A,A,E,E,,,,A,,,
Latvia,119,428,2023,goats,1500.0,6940.0,10340.0,10340.0,0.0517,0.0013,0.053000000000000005,A,A,A,E,E,,,,A,,,
Lebanon,121,422,2020,cattle,245959.0,60000.0,60000.0,88128.0,2.76,0.12,2.88,X,E,E,E,E,Unofficial figure,,,X,Unofficial figure,,
Lebanon,121,422,2021,cattle,245457.0,62000.0,62000.0,88663.0,2.852,0.124,2.976,X,E,E,E,E,Unofficial figure,,,X,Unofficial figure,,
Lebanon,121,422,2022,cattle,201820.0,62000.0,62000.0,80198.0,2.852,0.124,2.976,X,E,E,E,E,Unofficial figure,,,X,Unofficial figure,,
Lebanon,121,422,2023,cattle,188761.0,61000.0,61000.0,74602.0,2.806,0.122,2.928,X,E,E,E,E,Unofficial figure,,,X,Unofficial figure,,
Lebanon,121,422,2020,goats,33589.0,221060.0,534500.0,386292.0,2.6725,0.0683,2.7407999999999997,X,I,A,E,E,Unofficial figure,,,X,Unofficial figure,,
Lebanon,121,422,2021,goats,21453.0,273542.0,531290.0,347113.0,2.6565,0.0679,2.7243999999999997,X,E,A,E,E,Unofficial figure,,,X,Unofficial figure,,
Lebanon,121,422,2022,goats,19951.0,266583.0,525797.0,337626.0,2.629,0.0672,2.6962,X,E,I,E,E,Unofficial figure,,,X,Unofficial figure,,
Lebanon,121,422,2023,goats,21478.0,260447.0,523669.0,363433.0,2.6183,0.0669,2.6852,X,E,I,E,E,Unofficial figure,,,X,Unofficial figure,,
Lebanon,121,422,2020,sheep,21993.0,240401.0,431720.0,428235.0,2.1586,0.0496,2.2081999999999997,X,I,A,E,E,Unofficial figure,,,X,Unofficial figure,,
Lebanon,121,422,2021,sheep,12680.0,245101.0,431290.0,437585.0,2.1564,0.0495,2.2059,X,I,A,E,E,Unofficial figure,,,X,Unofficial figure,,
Lebanon,121,422,2022,sheep,12069.0,239005.0,439617.0,424856.0,2.1981,0.0505,2.2486,X,I,E,E,E,Unofficial figure,,,X,Unofficial figure,,
Lebanon,121,422,2023,sheep,12337.0,241713.0,434209.0,430119.0,2.171,0.0498,2.2207999999999997,X,I,E,E,E,Unofficial figure,,,X,Unofficial figure,,
Lesotho,122,426,2020,cattle,133000.0,95000.0,123333.0,330726.0,5.6733,0.1233,5.796600000000001,E,E,E,E,E,,,,A,,,
Lesotho,122,426,2021,cattle,120000.0,85000.0,124444.0,288664.0,5.7244,0.1244,5.8488,E,E,E,E,E,,,,A,,,
Lesotho,122,426,2022,cattle,205000.0,150000.0,113022.0,593664.0,5.199,0.113,5.312,E,E,E,E,E,,,,A,,,
Lesotho,122,426,2023,cattle,225000.0,165000.0,124568.0,670022.0,5.7301,0.1246,5.8547,E,E,E,E,E,,,,A,,,
Liberia,123,430,2020,cattle,8207.31,6461.0,6715.0,42269.0,0.3089,0.0067,0.3156,I,I,E,E,E,,,,I,,,
Liberia,123,430,2021,cattle,8299.25,6535.0,6595.0,42917.0,0.3034,0.0066,0.31,I,I,E,E,E,,,,I,,,
Liberia,123,430,2022,cattle,8321.27,6551.0,6668.0,43028.0,0.3067,0.0067,0.31339999999999996,I,I,E,E,E,,,,I,,,
Liberia,123,430,2023,cattle,8344.4,6568.0,6754.0,43147.0,0.3107,0.0068,0.31749999999999995,I,I,E,E,E,,,,I,,,
Libya,124,434,2020,camel,2010.93,9476.0,52570.0,52570.0,2.4182,0.1009,2.5191000000000003,I,I,A,E,E,,,,A,,,
Libya,124,434,2021,camel,2213.23,10786.0,62550.0,62550.0,2.8773,0.1201,2.9974,I,I,A,E,E,,,,A,,,
Libya,124,434,2022,camel,2347.32,11676.0,68431.0,69550.0,3.1478,0.1314,3.2792000000000003,I,I,I,E,E,,,,I,,,
Libya,124,434,2023,camel,2227.01,10865.0,62852.0,63073.0,2.8912,0.1207,3.0119,I,I,I,E,E,,,,I,,,
Libya,124,434,2020,cattle,145647.06,128208.0,128162.0,218260.0,5.8955,0.1282,6.0237,I,I,E,E,E,,,,A,,,
Libya,124,434,2021,cattle,135559.57,118707.0,118700.0,199610.0,5.4602,0.1187,5.5789,I,I,E,E,E,,,,A,,,
Libya,124,434,2022,cattle,144644.04,127151.0,127114.0,215920.0,5.8472,0.1271,5.9742999999999995,I,I,E,E,E,,,,E,,,
Libya,124,434,2023,cattle,142232.14,124835.0,124809.0,211263.0,5.7412,0.1248,5.866,I,I,E,E,E,,,,E,,,
Libya,124,434,2020,goats,20209.88,633426.0,2569370.0,2569370.0,12.8468,0.4368,13.2836,I,I,A,E,E,,,,A,,,
Libya,124,434,2021,goats,20523.23,647564.0,2636800.0,2636800.0,13.184,0.4483,13.632299999999999,I,I,A,E,E,,,,A,,,
Libya,124,434,2022,goats,20696.61,655241.0,2675082.0,2672710.0,13.3754,0.4548,13.830200000000001,I,I,I,E,E,,,,I,,,
Libya,124,434,2023,goats,20945.72,666492.0,2719322.0,2726245.0,13.5966,0.4623,14.058900000000001,I,I,I,E,E,,,,I,,,
Libya,124,434,2020,sheep,60904.2,1965222.0,7453510.0,7453510.0,37.2675,1.118,38.3855,I,I,A,E,E,,,,A,,,
Libya,124,434,2021,sheep,60588.77,1949531.0,7378590.0,7378590.0,36.8929,1.1068,37.9997,I,I,A,E,E,,,,A,,,
Libya,124,434,2022,sheep,60616.09,1949600.0,7344519.0,7374199.0,36.7226,1.1017,37.8243,I,I,I,E,E,,,,I,,,
Libya,124,434,2023,sheep,61289.71,1979382.0,7528420.0,7502613.0,37.6421,1.1293,38.7714,I,I,I,E,E,,,,I,,,
Lithuania,126,440,2020,cattle,1488000.0,232900.0,232900.0,629500.0,27.2493,4.8909,32.1402,A,A,E,E,E,,,,A,,,
Lithuania,126,440,2021,cattle,1473280.0,225200.0,225200.0,628700.0,26.3484,4.7292,31.0776,A,A,E,E,E,,,,A,,,
Lithuania,126,440,2022,cattle,1517610.0,224180.0,224180.0,641920.0,26.2291,4.7078,30.936899999999998,A,A,E,E,E,,,,A,,,
Lithuania,126,440,2023,cattle,1470320.0,211980.0,211980.0,623520.0,24.8017,4.4516,29.2533,A,A,E,E,E,,,,A,,,
Lithuania,126,440,2020,goats,3670.0,8900.0,14700.0,14700.0,0.0735,0.0019,0.0754,A,A,A,E,E,,,,A,,,
Lithuania,126,440,2021,goats,3610.0,8700.0,14700.0,14700.0,0.0735,0.0019,0.0754,A,A,A,E,E,,,,A,,,
Lithuania,126,440,2022,goats,4330.0,8830.0,14990.0,14990.0,0.075,0.0019,0.0769,A,A,A,E,E,,,,A,,,
Lithuania,126,440,2023,goats,2650.0,9640.0,13980.0,13980.0,0.0699,0.0018,0.0717,A,A,A,E,E,,,,A,,,
Luxembourg,256,442,2020,cattle,447340.0,54230.0,54230.0,190690.0,6.3449,1.1388,7.4837,A,A,E,E,E,,,,A,,,
Luxembourg,256,442,2021,cattle,443280.0,54570.0,54570.0,187200.0,6.3847,1.146,7.5306999999999995,A,A,E,E,E,,,,A,,,
Luxembourg,256,442,2022,cattle,449090.0,55330.0,55330.0,186130.0,6.4736,1.1619,7.6355,A,A,E,E,E,,,,A,,,
Luxembourg,256,442,2023,cattle,469290.0,55210.0,55210.0,183560.0,6.4596,1.1594,7.619,A,A,E,E,E,,,,A,,,
Luxembourg,256,442,2020,goats,3080.0,,,,,,,A,,,,,,,,,,,
Luxembourg,256,442,2021,goats,3280.0,,,,,,,A,,,,,,,,,,,
Luxembourg,256,442,2022,goats,3250.0,,5090.0,5090.0,0.0255,0.0007,0.026199999999999998,A,,A,E,E,,,,A,,,
Luxembourg,256,442,2023,goats,2200.0,,,4253.0,,,,A,,,,,,,,A,,,
Luxembourg,256,442,2020,sheep,120.0,,9518.0,9518.0,0.0761,0.0018,0.0779,A,,A,E,E,,,,A,,,
Luxembourg,256,442,2021,sheep,110.0,,9956.0,9956.0,0.0796,0.0019,0.0815,A,,A,E,E,,,,A,,,
Luxembourg,256,442,2022,sheep,90.0,,9000.0,9000.0,0.072,0.0017,0.07369999999999999,A,,A,E,E,,,,A,,,
Luxembourg,256,442,2023,sheep,70.0,,,9014.0,,,,A,,,,,,,,A,,,
Madagascar,129,450,2020,cattle,456008.55,1514853.0,1514808.0,7963494.0,69.6812,1.5148,71.196,I,I,E,E,E,,,,I,,,
Madagascar,129,450,2021,cattle,417927.03,1367310.0,1368831.0,7030843.0,62.9662,1.3688,64.335,I,I,E,E,E,,,,A,,,
Madagascar,129,450,2022,cattle,387947.31,1252701.0,1254437.0,6320500.0,57.7041,1.2544,58.958499999999994,I,I,E,E,E,,,,A,,,
Madagascar,129,450,2023,cattle,439077.45,1447127.0,1448559.0,7520290.0,66.6337,1.4486,68.0823,I,I,E,E,E,,,,E,,,
Malawi,130,454,2020,cattle,63716.73,145423.0,145170.0,1946033.0,6.6778,0.1452,6.823,I,I,E,E,E,,,,A,,,
Malawi,130,454,2021,cattle,64047.11,146229.0,150041.0,1959101.0,6.9019,0.15,7.051900000000001,I,I,E,E,E,,,,A,,,
Malawi,130,454,2022,cattle,66078.41,151572.0,152300.0,2054208.0,7.0058,0.1523,7.1581,I,I,E,E,E,,,,A,,,
Malawi,130,454,2023,cattle,68853.78,158937.0,157701.0,2187583.0,7.2542,0.1577,7.4119,I,I,E,E,E,,,,A,,,
Malawi,130,454,2020,goats,131097.91,2114450.0,10727448.0,10727448.0,53.6372,1.8237,55.4609,I,I,A,E,E,,,,A,,,
Malawi,130,454,2021,goats,134066.22,2177287.0,11519835.0,11104382.0,57.5992,1.9584,59.5576,I,I,I,E,E,,,,A,,,
Malawi,130,454,2022,goats,142574.87,2362115.0,11767110.0,12238382.0,58.8355,2.0004,60.8359,I,I,I,E,E,,,,A,,,
Malawi,130,454,2023,goats,148135.6,2484334.0,12550986.0,12994613.0,62.7549,2.1337,64.8886,I,I,I,E,E,,,,A,,,
Malawi,130,454,2020,sheep,6843.38,91791.0,366184.0,366184.0,1.8309,0.0549,1.8858,I,I,A,E,E,,,,A,,,
Malawi,130,454,2021,sheep,6927.8,93362.0,364779.0,373715.0,1.8239,0.0547,1.8786,I,I,I,E,E,,,,A,,,
Malawi,130,454,2022,sheep,7253.85,99664.0,370017.0,404956.0,1.8501,0.0555,1.9056000000000002,I,I,I,E,E,,,,A,,,
Malawi,130,454,2023,sheep,7486.95,104224.0,366313.0,427754.0,1.8316,0.0549,1.8864999999999998,I,I,I,E,E,,,,A,,,
Malaysia,131,458,2020,buffalo,5728.8,4016.0,64250.0,64250.0,3.5337,0.1285,3.6622,I,I,A,E,E,,,,A,,,
Malaysia,131,458,2021,buffalo,5859.93,4112.0,66571.0,66571.0,3.6614,0.1331,3.7945,I,I,A,E,E,,,,A,,,
Malaysia,131,458,2022,buffalo,6068.08,4266.0,70374.0,70374.0,3.8706,0.1407,4.0113,I,I,A,E,E,,,,A,,,
Malaysia,131,458,2023,buffalo,6188.68,4354.0,72565.0,72565.0,3.9911,0.1451,4.1362,I,I,A,E,E,,,,A,,,
Malaysia,131,458,2020,cattle,41777.7,39071.0,39071.0,699424.0,2.6568,1.0866,3.7434000000000003,A,A,E,E,E,,,,A,,,
Malaysia,131,458,2021,cattle,38728.9,47187.0,47187.0,717431.0,3.2087,1.3123,4.521,A,A,E,E,E,,,,A,,,
Malaysia,131,458,2022,cattle,38951.25,42670.0,42670.0,728107.0,2.9016,1.1867,4.0883,A,A,E,E,E,,,,A,,,
Malaysia,131,458,2023,cattle,40111.88,41782.0,41782.0,726206.0,2.8412,1.162,4.0032,A,A,E,E,E,,,,A,,,
Mali,133,466,2020,camel,270995.0,417752.0,1265915.0,1265915.0,58.2321,3.2407,61.4728,A,A,A,E,E,,,,A,,,
Mali,133,466,2021,camel,281943.0,426107.0,1291233.0,1291233.0,59.3967,3.3056,62.7023,A,A,A,E,E,,,,A,,,
Mali,133,466,2022,camel,287580.0,434630.0,1317057.0,1317057.0,60.5846,3.3717,63.9563,A,A,A,E,E,,,,A,,,
Mali,133,466,2023,camel,293333.0,443322.0,1343399.0,1343399.0,61.7964,3.4391,65.2355,A,A,A,E,E,,,,A,,,
Mali,133,466,2020,cattle,284933.0,1995914.0,1995914.0,12474462.0,91.812,1.9959,93.8079,A,A,E,E,E,,,,A,,,
Mali,133,466,2021,cattle,293481.0,2055791.0,2055791.0,12848696.0,94.5664,2.0558,96.6222,A,A,E,E,E,,,,A,,,
Mali,133,466,2022,cattle,302283.0,2117466.0,2117466.0,13234157.0,97.4034,2.1175,99.52090000000001,A,A,E,E,E,,,,A,,,
Mali,133,466,2023,cattle,311353.0,2180989.0,2180989.0,13631182.0,100.3255,2.181,102.5065,A,A,E,E,E,,,,A,,,
Mali,133,466,2020,goats,255226.0,20857914.0,27810553.0,27810553.0,139.0528,6.1183,145.1711,A,A,A,E,E,,,,A,,,
Mali,133,466,2021,goats,267987.0,21900809.0,29201079.0,29201079.0,146.0054,6.4242,152.42960000000002,A,A,A,E,E,,,,A,,,
Mali,133,466,2022,goats,281386.0,22995850.0,30661134.0,30661134.0,153.3057,6.7454,160.0511,A,A,A,E,E,,,,A,,,
Mali,133,466,2023,goats,295457.0,24145646.0,32194191.0,32194191.0,160.971,7.0827,168.0537,A,A,A,E,E,,,,A,,,
Mali,133,466,2020,sheep,184855.0,15107006.0,20142677.0,20142677.0,100.7134,4.0285,104.74189999999999,A,A,A,E,E,,,,A,,,
Mali,133,466,2021,sheep,194098.0,15862357.0,21149809.0,21149809.0,105.749,4.23,109.979,A,A,A,E,E,,,,A,,,
Mali,133,466,2022,sheep,203803.0,16655477.0,22207300.0,22207300.0,111.0365,4.4415,115.47800000000001,A,A,A,E,E,,,,A,,,
Mali,133,466,2023,sheep,213995.0,17488251.0,23317665.0,23317665.0,116.5883,4.6635,121.2518,A,A,A,E,E,,,,A,,,
Malta,134,470,2020,cattle,42110.0,6060.0,6060.0,14290.0,0.709,0.2719,0.9808999999999999,A,A,E,E,E,,,,A,,,
Malta,134,470,2021,cattle,39540.0,5870.0,5870.0,14020.0,0.6868,0.2634,0.9501999999999999,A,A,E,E,E,,,,A,,,
Malta,134,470,2022,cattle,38970.0,6120.0,6120.0,14200.0,0.716,0.2746,0.9905999999999999,A,A,E,E,E,,,,A,,,
Malta,134,470,2023,cattle,37300.0,5930.0,5930.0,14230.0,0.6938,0.2661,0.9599,A,A,E,E,E,,,,A,,,
Malta,134,470,2020,goats,920.0,4610.0,5530.0,5530.0,0.0277,0.0011,0.0288,A,A,A,E,E,,,,A,,,
Malta,134,470,2021,goats,920.0,4600.0,5640.0,5640.0,0.0282,0.0011,0.0293,A,A,A,E,E,,,,A,,,
Malta,134,470,2022,goats,1030.0,5130.0,6520.0,6520.0,0.0326,0.0013,0.0339,A,A,A,E,E,,,,A,,,
Malta,134,470,2023,goats,1070.0,5340.0,6560.0,6560.0,0.0328,0.0013,0.034100000000000005,A,A,A,E,E,,,,A,,,
Malta,134,470,2020,sheep,1910.0,11700.0,13150.0,13150.0,0.1052,0.0037,0.1089,A,A,A,E,E,,,,A,,,
Malta,134,470,2021,sheep,1860.0,11470.0,12730.0,12730.0,0.1018,0.0036,0.10540000000000001,A,A,A,E,E,,,,A,,,
Malta,134,470,2022,sheep,2070.0,12630.0,14470.0,14470.0,0.1158,0.0041,0.1199,A,A,A,E,E,,,,A,,,
Malta,134,470,2023,sheep,2020.0,12370.0,13990.0,13990.0,0.1119,0.0039,0.1158,A,A,A,E,E,,,,A,,,
Mauritania,136,478,2020,camel,26366.15,107709.0,1532551.0,1517299.0,70.4973,3.9233,74.4206,I,I,I,E,E,,,,I,,,
Mauritania,136,478,2021,camel,26528.53,108476.0,1541115.0,1530864.0,70.8913,3.9453,74.8366,I,I,I,E,E,,,,I,,,
Mauritania,136,478,2022,camel,26628.74,108928.0,1552944.0,1538393.0,71.4354,3.9755,75.4109,I,I,I,E,E,,,,I,,,
Mauritania,136,478,2023,camel,26751.86,109497.0,1539202.0,1548157.0,70.8033,3.9404,74.74369999999999,I,I,E,E,E,,,,I,,,
Mauritania,136,478,2020,cattle,148225.61,422344.0,422465.0,1952155.0,19.4334,0.4225,19.8559,I,I,E,E,E,,,,I,,,
Mauritania,136,478,2021,cattle,149695.52,427046.0,425217.0,1977421.0,19.56,0.4252,19.9852,I,I,E,E,E,,,,I,,,
Mauritania,136,478,2022,cattle,148007.89,421195.0,429433.0,1943115.0,19.7539,0.4294,20.183300000000003,I,I,E,E,E,,,,E,,,
Mauritania,136,478,2023,cattle,149523.8,426046.0,425773.0,1969172.0,19.5856,0.4258,20.0114,I,I,E,E,E,,,,E,,,
Mauritania,136,478,2020,goats,102994.73,1515579.0,7301113.0,6830805.0,36.5056,1.6062,38.1118,I,I,I,E,E,,,,I,,,
Mauritania,136,478,2021,goats,106522.97,1584241.0,7308278.0,7198365.0,36.5414,1.6078,38.1492,I,I,I,E,E,,,,I,,,
Mauritania,136,478,2022,goats,106516.7,1583218.0,7149826.0,7188153.0,35.7491,1.573,37.3221,I,I,E,E,E,,,,I,,,
Mauritania,136,478,2023,goats,107086.38,1593604.0,7258755.0,7239981.0,36.2938,1.5969,37.890699999999995,I,I,E,E,E,,,,I,,,
Mauritania,136,478,2020,sheep,78478.2,2292206.0,10692281.0,10988830.0,53.4614,2.1385,55.5999,I,I,E,E,E,,,,I,,,
Mauritania,136,478,2021,sheep,79171.45,2319353.0,10928822.0,11137471.0,54.6441,2.1858,56.8299,I,I,E,E,E,,,,I,,,
Mauritania,136,478,2022,sheep,79421.48,2328268.0,11140836.0,11181479.0,55.7042,2.2282,57.9324,I,I,E,E,E,,,,I,,,
Mauritania,136,478,2023,sheep,79098.9,2313588.0,11382264.0,11090055.0,56.9113,2.2765,59.187799999999996,I,I,E,E,E,,,,E,,,
Mauritius,137,480,2020,cattle,2500.0,3067.0,3067.0,4754.0,0.1411,0.0031,0.1442,A,E,E,E,E,,,,A,,,
Mauritius,137,480,2021,cattle,2602.0,3022.0,3022.0,3734.0,0.139,0.003,0.14200000000000002,A,E,E,E,E,,,,A,,,
Mauritius,137,480,2022,cattle,2231.0,2700.0,3030.0,3512.0,0.1394,0.003,0.1424,A,E,E,E,E,,,,A,,,
Mauritius,137,480,2023,cattle,2788.0,3000.0,3040.0,3410.0,0.1398,0.003,0.1428,A,E,E,E,E,,,,A,,,
Mexico,138,484,2020,cattle,12940611.0,2606311.0,2606311.0,35653619.0,187.6544,2.6063,190.2607,A,A,E,E,E,,,,A,,,
Mexico,138,484,2021,cattle,13239778.09,2642516.0,2642516.0,35998885.0,190.2612,2.6425,192.90370000000001,A,A,E,E,E,,,,A,,,
Mexico,138,484,2022,cattle,13500619.64,2678557.0,2678557.0,36339884.0,192.8561,2.6786,195.5347,A,A,E,E,E,,,,A,,,
Mexico,138,484,2023,cattle,13735386.75,2713534.0,2713534.0,36619592.0,195.3744,2.7135,198.08790000000002,A,A,E,E,E,,,,A,,,
Mexico,138,484,2020,goats,168497.7,766293.0,8830720.0,8830720.0,44.1536,1.5012,45.654799999999994,A,I,A,E,E,,,,A,,,
Mexico,138,484,2021,goats,171545.04,763682.0,8786027.0,8786027.0,43.9301,1.4936,45.423700000000004,A,I,A,E,E,,,,A,,,
Mexico,138,484,2022,goats,173707.04,766710.0,8824664.0,8824664.0,44.1233,1.5002,45.6235,A,I,A,E,E,,,,A,,,
Mexico,138,484,2023,goats,174314.18,768194.0,8840467.0,8840467.0,44.2023,1.5029,45.7052,A,I,A,E,E,,,,A,,,
Mongolia,141,496,2020,buffalo,11687.79,571276.0,,,,,,A,A,,,,,,,,,,
Mongolia,141,496,2021,buffalo,11332.16,554647.0,,,,,,A,A,,,,,,,,,,
Mongolia,141,496,2022,buffalo,14673.63,727027.0,,,,,,A,A,,,,,,,,,,
Mongolia,141,496,2023,buffalo,14073.89,584247.0,,,,,,A,A,,,,,,,,,,
Mongolia,141,496,2020,camel,1452.66,89343.0,472934.0,472934.0,21.755,0.6054,22.3604,A,A,A,E,E,,,,A,,,
Mongolia,141,496,2021,camel,1032.95,68497.0,454038.0,454038.0,20.8857,0.5812,21.4669,A,A,A,E,E,,,,A,,,
Mongolia,141,496,2022,camel,1426.96,90461.0,470469.0,470469.0,21.6416,0.6022,22.2438,A,A,A,E,E,,,,A,,,
Mongolia,141,496,2023,camel,945.55,79456.0,473853.0,473853.0,21.7972,0.6065,22.4037,A,A,A,E,E,,,,A,,,
Mongolia,141,496,2020,cattle,125878.23,1519036.0,1240103.0,4732010.0,84.327,11.1609,95.4879,A,A,E,E,E,,,,A,,,
Mongolia,141,496,2021,cattle,122053.93,1444270.0,1184586.0,5022225.0,80.5518,10.6613,91.2131,A,A,E,E,E,,,,A,,,
Mongolia,141,496,2022,cattle,139309.15,1704953.0,1419128.0,5512839.0,96.5007,12.7722,109.27289999999999,A,A,E,E,E,,,,A,,,
Mongolia,141,496,2023,cattle,235526.53,1653410.0,1267075.0,5350755.0,86.1611,11.4037,97.5648,A,A,E,E,E,,,,A,,,
Mongolia,141,496,2020,goats,40811.31,9836634.0,27720253.0,27720253.0,138.6013,3.0492,141.65050000000002,A,A,A,E,E,,,,A,,,
Mongolia,141,496,2021,goats,34494.26,8294807.0,26456089.0,26456089.0,132.2804,2.9102,135.1906,A,A,A,E,E,,,,A,,,
Mongolia,141,496,2022,goats,43712.49,10490257.0,27569395.0,27569395.0,137.847,3.0326,140.8796,A,A,A,E,E,,,,A,,,
Mongolia,141,496,2023,goats,13491.03,8240140.0,24618228.0,24618228.0,123.0911,2.708,125.7991,A,A,A,E,E,,,,A,,,
Mongolia,141,496,2020,sheep,20335.48,12259085.0,30049428.0,30049428.0,150.2471,3.0049,153.25199999999998,A,A,A,E,E,,,,A,,,
Mongolia,141,496,2021,sheep,17662.83,11190749.0,31086963.0,31086963.0,155.4348,3.1087,158.5435,A,A,A,E,E,,,,A,,,
Mongolia,141,496,2022,sheep,21616.91,12972770.0,32747682.0,32747682.0,163.7384,3.2748,167.0132,A,A,A,E,E,,,,A,,,
Mongolia,141,496,2023,sheep,572.46,11613080.0,29409352.0,29409352.0,147.0468,2.9409,149.9877,A,A,A,E,E,,,,A,,,
Montenegro,273,499,2020,cattle,170543.0,45015.0,54173.0,71134.0,6.3382,1.1376,7.4758,A,A,E,E,E,,,,A,,,
Montenegro,273,499,2021,cattle,159500.0,44402.0,49168.0,70227.0,5.7527,1.0325,6.7852,A,A,E,E,E,,,,A,,,
Montenegro,273,499,2022,cattle,143742.68,43789.0,48124.0,69320.0,5.6305,1.0106,6.6411,A,A,E,E,E,,,,A,,,
Montenegro,273,499,2023,cattle,148889.59,43176.0,49288.0,68410.0,5.7667,1.035,6.8017,A,A,E,E,E,,,,A,,,
Montenegro,273,499,2020,goats,4831.0,19336.0,27823.0,27823.0,0.1391,0.0036,0.1427,A,A,A,E,E,,,,A,,,
Montenegro,273,499,2021,goats,6200.0,20263.0,29032.0,29032.0,0.1452,0.0038,0.149,E,A,A,E,E,,,,A,,,
Montenegro,273,499,2022,goats,5905.0,20047.0,29136.0,29136.0,0.1457,0.0038,0.1495,A,A,A,E,E,,,,A,,,
Montenegro,273,499,2023,goats,5576.0,20057.0,29217.0,28950.0,0.1461,0.0038,0.1499,A,A,I,E,E,,,,A,,,
Montenegro,273,499,2020,sheep,10352.0,72798.0,176580.0,176580.0,1.4126,0.0336,1.4462000000000002,A,A,A,E,E,,,,A,,,
Montenegro,273,499,2021,sheep,12746.0,64623.0,165918.0,165918.0,1.3273,0.0315,1.3588,A,A,A,E,E,,,,A,,,
Montenegro,273,499,2022,sheep,7022.54,61984.0,161376.0,161376.0,1.291,0.0307,1.3216999999999999,A,A,A,E,E,,,,A,,,
Montenegro,273,499,2023,sheep,6928.81,57990.0,167958.0,155096.0,1.3437,0.0319,1.3756,A,A,E,E,E,,,,A,,,
Morocco,143,504,2020,camel,8605.56,32498.0,62468.0,60833.0,2.8735,0.1199,2.9934,I,I,I,E,E,,,,I,,,
Morocco,143,504,2021,camel,8687.49,32873.0,63510.0,61625.0,2.9215,0.1219,3.0434,I,I,I,E,E,,,,I,,,
Morocco,143,504,2022,camel,8708.65,32957.0,64508.0,61772.0,2.9674,0.1239,3.0913,I,I,I,E,E,,,,I,,,
Morocco,143,504,2023,camel,8770.46,33235.0,65505.0,62351.0,3.0132,0.1258,3.139,I,I,I,E,E,,,,I,,,
Morocco,143,504,2020,cattle,2626500.0,1779230.0,1779230.0,3166900.0,81.8446,1.7792,83.6238,A,A,E,E,E,,,,A,,,
Morocco,143,504,2021,cattle,2575000.0,1776120.0,1776120.0,3178876.0,81.7015,1.7761,83.4776,A,A,E,E,E,,,,A,,,
Morocco,143,504,2022,cattle,2060000.0,1696204.0,1696204.0,3100909.0,78.0254,1.6962,79.72160000000001,A,A,E,E,E,,,,A,,,
Morocco,143,504,2023,cattle,1957000.0,1580186.0,1580186.0,2883867.0,72.6886,1.5802,74.2688,A,A,E,E,E,,,,A,,,
Morocco,143,504,2020,goats,45740.42,1600701.0,5960600.0,5960600.0,29.803,1.0133,30.816300000000002,I,I,A,E,E,,,,A,,,
Morocco,143,504,2021,goats,46875.29,1657480.0,6207391.0,6207391.0,31.037,1.0553,32.0923,I,I,A,E,E,,,,A,,,
Morocco,143,504,2022,goats,46194.63,1621757.0,6045200.0,6045690.0,30.226,1.0277,31.2537,I,I,A,E,E,,,,A,,,
Morocco,143,504,2023,goats,45320.56,1576558.0,5635894.0,5843280.0,28.1795,0.9581,29.1376,I,I,A,E,E,,,,A,,,
Morocco,143,504,2020,sheep,36709.32,1061707.0,22088800.0,22088800.0,110.444,3.3133,113.7573,I,I,A,E,E,,,,A,,,
Morocco,143,504,2021,sheep,37292.7,1085386.0,22726481.0,22726481.0,113.6324,3.409,117.04140000000001,I,I,A,E,E,,,,A,,,
Morocco,143,504,2022,sheep,36363.08,1046055.0,21800556.0,21628277.0,109.0028,3.2701,112.27289999999999,I,I,A,E,E,,,,A,,,
Morocco,143,504,2023,sheep,35526.71,1011017.0,20660585.0,20660585.0,103.3029,3.0991,106.40199999999999,I,I,A,E,E,,,,A,,,
Mozambique,144,508,2020,cattle,2850.0,2867.0,2867.0,2183857.0,0.1319,0.0029,0.13479999999999998,A,A,E,E,E,,,,A,,,
Mozambique,144,508,2021,cattle,3300.0,2892.0,2892.0,2219635.0,0.133,0.0029,0.13590000000000002,A,A,E,E,E,,,,A,,,
Mozambique,144,508,2022,cattle,2510.11,2933.0,2933.0,2320248.0,0.1349,0.0029,0.13779999999999998,A,A,E,E,E,,,,A,,,
Mozambique,144,508,2023,cattle,2560.0,3822.0,3822.0,2406285.0,0.1758,0.0038,0.1796,A,A,E,E,E,,,,A,,,
Mozambique,144,508,2020,goats,18063.4,167563.0,3265537.0,3265537.0,16.3277,0.5551,16.8828,I,I,A,E,E,,,,A,,,
Mozambique,144,508,2021,goats,18683.93,175253.0,3470167.0,3470167.0,17.3508,0.5899,17.9407,I,I,A,E,E,,,,A,,,
Mozambique,144,508,2022,goats,21283.33,208702.0,4405952.0,4405952.0,22.0298,0.749,22.7788,I,I,A,E,E,,,,A,,,
Mozambique,144,508,2023,goats,20488.65,198173.0,4101030.0,4101030.0,20.5052,0.6972,21.202399999999997,I,I,A,E,E,,,,A,,,
Myanmar,28,104,2020,buffalo,313000.0,200000.0,1983014.0,1983014.0,109.0658,3.966,113.03179999999999,E,E,A,E,E,,,,A,,,
Myanmar,28,104,2021,buffalo,316000.0,200000.0,2047000.0,2047000.0,112.585,4.094,116.67899999999999,E,E,A,E,E,,,,A,,,
Myanmar,28,104,2022,buffalo,328000.0,200000.0,2073000.0,2073000.0,114.015,4.146,118.161,E,E,A,E,E,,,,A,,,
Myanmar,28,104,2023,buffalo,330000.0,200000.0,2075000.0,2075000.0,114.125,4.15,118.275,E,E,E,E,E,,,,E,,,
Myanmar,28,104,2020,cattle,1772000.0,1300000.0,1300000.0,10305196.0,88.4,30.5018,118.90180000000001,E,E,E,E,E,,,,A,,,
Myanmar,28,104,2021,cattle,1790000.0,1300000.0,1300000.0,10663000.0,88.4,30.5018,118.90180000000001,E,E,E,E,E,,,,A,,,
Myanmar,28,104,2022,cattle,1858000.0,1300000.0,1300000.0,10810000.0,88.4,30.5018,118.90180000000001,E,E,E,E,E,,,,A,,,
Myanmar,28,104,2023,cattle,1900000.0,1300000.0,1300000.0,10800000.0,88.4,30.5018,118.90180000000001,E,E,E,E,E,,,,E,,,
Myanmar,28,104,2020,goats,9426.9,494156.0,2145200.0,2145200.0,10.726,0.3647,11.090700000000002,I,I,E,E,E,,,,E,,,
Myanmar,28,104,2021,goats,9613.27,509351.0,2224000.0,2224000.0,11.12,0.3781,11.498099999999999,I,I,E,E,E,,,,E,,,
Myanmar,28,104,2022,goats,9790.7,523943.0,2300000.0,2300000.0,11.5,0.391,11.891,I,I,E,E,E,,,,E,,,
Myanmar,28,104,2023,goats,9798.21,524226.0,2300000.0,2300000.0,11.5,0.391,11.891,I,I,E,E,E,,,,E,,,
Myanmar,28,104,2020,sheep,2341.98,98502.0,439400.0,439400.0,2.197,0.0659,2.2629,I,I,E,E,E,,,,E,,,
Myanmar,28,104,2021,sheep,2384.37,101420.0,455400.0,455400.0,2.277,0.0683,2.3453,I,I,E,E,E,,,,E,,,
Myanmar,28,104,2022,sheep,2594.39,116660.0,542000.0,542000.0,2.71,0.0813,2.7913,I,I,E,E,E,,,,E,,,
Myanmar,28,104,2023,sheep,2591.73,116378.0,540000.0,540000.0,2.7,0.081,2.781,I,I,E,E,E,,,,E,,,
Namibia,147,516,2020,cattle,100553.31,221229.0,221274.0,2516554.0,10.1786,0.2213,10.399899999999999,I,I,E,E,E,,,,A,,,
Namibia,147,516,2021,cattle,102578.74,226271.0,226305.0,2590348.0,10.41,0.2263,10.6363,I,I,E,E,E,,,,A,,,
Namibia,147,516,2022,cattle,115965.81,260574.0,260492.0,3115974.0,11.9826,0.2605,12.2431,I,I,E,E,E,,,,A,,,
Namibia,147,516,2023,cattle,113641.86,254428.0,290805.0,3017636.0,13.377,0.2908,13.667800000000002,I,I,E,E,E,,,,A,,,
Nepal,149,524,2020,buffalo,1380600.0,1635492.0,5257591.0,5257591.0,289.1675,21.0304,310.1979,A,A,A,E,E,,,,A,,,
Nepal,149,524,2021,buffalo,1419412.0,1630642.0,5159931.0,5159931.0,283.7962,20.6397,304.4359,A,A,A,E,E,,,,A,,,
Nepal,149,524,2022,buffalo,1464802.0,1666827.0,5132931.0,5132931.0,282.3112,20.5317,302.8429,A,A,A,E,E,,,,A,,,
Nepal,149,524,2023,buffalo,1399797.09,851272.0,3081062.0,3081062.0,169.4584,12.3242,181.7826,A,A,A,E,E,,,,A,,,
Nepal,149,524,2020,cattle,920400.0,1166156.0,1166156.0,7458885.0,67.637,5.8308,73.4678,A,A,E,E,E,,,,A,,,
Nepal,149,524,2021,cattle,1060487.0,1209041.0,1209041.0,7466841.0,70.1244,6.0452,76.16959999999999,A,A,E,E,E,,,,A,,,
Nepal,149,524,2022,cattle,1101812.0,1223061.0,1223061.0,7413197.0,70.9375,6.1153,77.0528,A,A,E,E,E,,,,A,,,
Nepal,149,524,2023,cattle,1214046.0,916579.0,916579.0,4750329.0,53.1616,4.5829,57.7445,A,A,E,E,E,,,,A,,,
Nepal,149,524,2020,goats,132182.48,2097173.0,12811953.0,12811953.0,64.0598,1.4093,65.4691,I,I,A,E,E,,,,A,,,
Nepal,149,524,2021,goats,136279.41,2182931.0,13442614.0,13442614.0,67.2131,1.4787,68.6918,I,I,A,E,E,,,,A,,,
Nepal,149,524,2022,goats,139802.86,2257124.0,13990703.0,13990703.0,69.9535,1.539,71.4925,I,I,A,E,E,,,,A,,,
Nepal,149,524,2023,goats,143296.28,2331215.0,14541244.0,14541244.0,72.7062,1.5995,74.3057,I,I,A,E,E,,,,A,,,
Nepal,149,524,2020,sheep,17952.15,323517.0,806079.0,806079.0,4.0304,0.0806,4.111000000000001,I,I,A,E,E,,,,A,,,
Nepal,149,524,2021,sheep,17800.74,319457.0,793725.0,793725.0,3.9686,0.0794,4.048,I,I,A,E,E,,,,A,,,
Nepal,149,524,2022,sheep,17509.79,311879.0,771205.0,771205.0,3.856,0.0771,3.9331,I,I,A,E,E,,,,A,,,
Nepal,149,524,2023,sheep,13538.43,216320.0,501849.0,501849.0,2.5092,0.0502,2.5593999999999997,I,I,A,E,E,,,,A,,,
Netherlands (Kingdom of the),150,528,2020,buffalo,3000.0,,,,,,,A,,,,,,,,,,,
Netherlands (Kingdom of the),150,528,2021,buffalo,2790.0,,,,,,,A,,,,,,,,,,,
Netherlands (Kingdom of the),150,528,2022,buffalo,4950.0,,0.0,0.0,0.0,0.0,0.0,A,,A,E,E,,,,A,,,
Netherlands (Kingdom of the),150,528,2023,buffalo,4490.0,,0.0,0.0,0.0,0.0,0.0,A,,A,E,E,,,,A,,,
Netherlands (Kingdom of the),150,528,2020,cattle,14522000.0,1569000.0,1569000.0,3691000.0,183.573,32.949,216.522,A,A,E,E,E,,,,A,,,
Netherlands (Kingdom of the),150,528,2021,cattle,14217250.0,1554000.0,1554000.0,3705000.0,181.818,32.634,214.452,A,A,E,E,E,,,,A,,,
Netherlands (Kingdom of the),150,528,2022,cattle,14533740.0,1570000.0,1570000.0,3751000.0,183.69,32.97,216.66,A,A,E,E,E,,,,A,,,
Netherlands (Kingdom of the),150,528,2023,cattle,14685300.0,1552000.0,1552000.0,3739000.0,181.584,32.592,214.176,A,A,E,E,E,,,,A,,,
Netherlands (Kingdom of the),150,528,2020,goats,407000.0,513000.0,557000.0,557000.0,2.785,0.0724,2.8574,A,A,A,E,E,,,,A,,,
Netherlands (Kingdom of the),150,528,2021,goats,387840.0,532000.0,575000.0,575000.0,2.875,0.0748,2.9498,A,A,A,E,E,,,,A,,,
Netherlands (Kingdom of the),150,528,2022,goats,445220.0,527000.0,570000.0,570000.0,2.85,0.0741,2.9241,A,A,A,E,E,,,,A,,,
Netherlands (Kingdom of the),150,528,2023,goats,427260.0,525000.0,566000.0,566000.0,2.83,0.0736,2.9036,A,A,A,E,E,,,,A,,,
New Caledonia,153,540,2020,cattle,501.0,319.0,322.0,79863.0,0.029,0.0093,0.0383,A,I,E,E,E,,,,I,,,
New Caledonia,153,540,2021,cattle,486.0,318.0,321.0,79595.0,0.0289,0.0093,0.0382,A,I,E,E,E,,,,I,,,
New Caledonia,153,540,2022,cattle,446.0,317.0,320.0,78923.0,0.0288,0.0093,0.038099999999999995,A,I,E,E,E,,,,I,,,
New Caledonia,153,540,2023,cattle,100.0,316.0,319.0,78102.0,0.0287,0.0093,0.038,A,I,E,E,E,,,,I,,,
New Zealand,156,554,2020,cattle,21871305.0,4836726.0,4836726.0,10082788.0,435.3053,112.9506,548.2559,A,A,E,E,E,,,,A,,,
New Zealand,156,554,2021,cattle,21886376.0,4804582.0,4804582.0,10150246.0,432.4124,112.2,544.6124,A,A,E,E,E,,,,A,,,
New Zealand,156,554,2022,cattle,21051000.0,4622551.0,4622551.0,9751189.0,416.0296,107.9491,523.9787,A,A,E,E,E,,,,A,,,
New Zealand,156,554,2023,cattle,21245000.0,4625229.0,4625229.0,9538661.0,416.2706,108.0116,524.2822,A,A,E,E,E,,,,A,,,
Nicaragua,157,558,2020,cattle,1399699.26,1037000.0,1037000.0,5330233.0,74.664,1.447,76.111,A,E,E,E,E,,,,I,,,
Nicaragua,157,558,2021,cattle,1430039.22,1033000.0,997333.0,5403602.0,71.808,1.3916,73.1996,A,E,E,E,E,,,,I,,,
Nicaragua,157,558,2022,cattle,1436683.9,1056600.0,1004778.0,5524787.0,72.344,1.402,73.746,A,E,E,E,E,,,,I,,,
Nicaragua,157,558,2023,cattle,1372910.59,1074700.0,1013037.0,5619536.0,72.9387,1.4135,74.3522,A,E,E,E,E,,,,I,,,
Niger,158,562,2020,camel,112001.81,241644.0,1858797.0,1858797.0,85.5047,4.7585,90.2632,A,A,A,E,E,,,,A,,,
Niger,158,562,2021,camel,105495.16,240510.0,1882961.0,1882961.0,86.6162,4.8204,91.43660000000001,I,I,A,E,E,,,,A,,,
Niger,158,562,2022,camel,108334.95,243083.0,1907440.0,1907439.0,87.7422,4.883,92.62519999999999,A,I,A,E,E,,,,A,,,
Niger,158,562,2023,camel,109743.55,245683.0,1930482.0,1932237.0,88.8022,4.942,93.7442,A,I,I,E,E,,,,A,,,
Niger,158,562,2020,cattle,822843.6,2420840.0,2420840.0,16138935.0,111.3586,2.4208,113.7794,A,A,E,E,E,,,,A,,,
Niger,158,562,2021,cattle,840000.0,2588607.0,2584021.0,17107271.0,118.865,2.584,121.449,E,I,E,E,E,,,,A,,,
Niger,158,562,2022,cattle,871473.79,2716944.0,2330349.0,18133707.0,107.1961,2.3303,109.5264,A,I,E,E,E,,,,A,,,
Niger,158,562,2023,cattle,923762.6,2851645.0,2589306.0,19221727.0,119.1081,2.5893,121.69739999999999,A,I,E,E,E,,,,A,,,
Niger,158,562,2020,goats,407345.91,6591358.0,18832451.0,18832451.0,94.1623,4.1431,98.3054,A,A,A,E,E,,,,A,,,
Niger,158,562,2021,goats,391879.6,6610013.0,19585749.0,19585749.0,97.9287,4.3089,102.2376,E,I,A,E,E,,,,A,,,
Niger,158,562,2022,goats,415294.17,6843247.0,20369179.0,20369178.0,101.8459,4.4812,106.3271,A,I,A,E,E,,,,A,,,
Niger,158,562,2023,goats,431905.65,7084709.0,19595793.0,21183944.0,97.979,4.3111,102.2901,A,I,E,E,E,,,,A,,,
Niger,158,562,2020,sheep,168771.82,4096403.0,13654678.0,13654678.0,68.2734,2.7309,71.0043,A,A,A,E,E,,,,A,,,
Niger,158,562,2021,sheep,146091.34,4097231.0,14132592.0,14132592.0,70.663,2.8265,73.48949999999999,I,I,A,E,E,,,,A,,,
Niger,158,562,2022,sheep,170414.56,4222331.0,14627232.0,14627232.0,73.1362,2.9254,76.0616,A,I,A,E,E,,,,A,,,
Niger,158,562,2023,sheep,176378.85,4351251.0,14138167.0,15139185.0,70.6908,2.8276,73.5184,A,I,E,E,E,,,,A,,,
Nigeria,159,566,2020,cattle,519811.34,2198659.0,2198206.0,20585153.0,101.1175,2.1982,103.3157,I,I,E,E,E,,,,A,,,
Nigeria,159,566,2021,cattle,523324.41,2215191.0,2214732.0,20764244.0,101.8777,2.2147,104.0924,I,I,E,E,E,,,,A,,,
Nigeria,159,566,2022,cattle,525458.0,2224791.0,2227649.0,20862418.0,102.4719,2.2276,104.6995,I,I,E,E,E,,,,I,,,
Nigeria,159,566,2023,cattle,526502.2,2228913.0,2229362.0,20896548.0,102.5507,2.2294,104.7801,I,I,E,E,E,,,,I,,,
Niue,160,570,2020,cattle,58.72,75.0,75.0,113.0,0.0068,0.0023,0.0091,I,I,E,E,E,,,,I,,,
Niue,160,570,2021,cattle,58.77,75.0,75.0,113.0,0.0068,0.0023,0.0091,I,I,E,E,E,,,,I,,,
Niue,160,570,2022,cattle,58.83,75.0,75.0,113.0,0.0068,0.0023,0.0091,I,I,E,E,E,,,,I,,,
Niue,160,570,2023,cattle,58.88,75.0,75.0,113.0,0.0068,0.0023,0.0091,I,I,E,E,E,,,,I,,,
North Macedonia,154,807,2020,cattle,417374.0,111083.0,111083.0,222202.0,12.9967,2.3417,15.3384,A,A,E,E,E,,,,A,,,
North Macedonia,154,807,2021,cattle,336319.0,106632.0,106632.0,177622.0,12.4759,2.2479,14.723799999999999,A,A,E,E,E,,,,A,,,
North Macedonia,154,807,2022,cattle,334018.7,97451.0,97451.0,164751.0,11.4018,2.0543,13.4561,A,A,E,E,E,,,,A,,,
North Macedonia,154,807,2023,cattle,245478.0,79021.0,79021.0,148693.0,9.2455,1.6658,10.9113,A,A,E,E,E,,,,A,,,
North Macedonia,154,807,2020,goats,16034.0,70132.0,95008.0,95008.0,0.475,0.0124,0.4874,A,A,A,E,E,,,,A,,,
North Macedonia,154,807,2021,goats,17034.0,60552.0,75753.0,75753.0,0.3788,0.0098,0.3886,A,A,A,E,E,,,,A,,,
North Macedonia,154,807,2022,goats,14113.06,54216.0,80186.0,80186.0,0.4009,0.0104,0.4113,A,A,A,E,E,,,,A,,,
North Macedonia,154,807,2023,goats,14583.0,68485.0,85528.0,85528.0,0.4276,0.0111,0.4387,A,A,A,E,E,,,,A,,,
North Macedonia,154,807,2020,sheep,27733.0,451111.0,630634.0,630634.0,5.0451,0.1198,5.164899999999999,A,A,A,E,E,,,,A,,,
North Macedonia,154,807,2021,sheep,35855.0,487254.0,633281.0,633281.0,5.0662,0.1203,5.1865000000000006,A,A,A,E,E,,,,A,,,
North Macedonia,154,807,2022,sheep,39835.25,464922.0,646488.0,646488.0,5.1719,0.1228,5.2947,A,A,A,E,E,,,,A,,,
North Macedonia,154,807,2023,sheep,31670.0,388271.0,587073.0,587073.0,4.6966,0.1115,4.8081000000000005,A,A,A,E,E,,,,A,,,
Norway,162,578,2020,cattle,1547025.0,213511.0,213511.0,882961.0,24.9808,4.4837,29.464499999999997,A,A,E,E,E,,,,A,,,
Norway,162,578,2021,cattle,1572450.0,215349.0,215349.0,901026.0,25.1958,4.5223,29.7181,A,A,E,E,E,,,,A,,,
Norway,162,578,2022,cattle,1453400.0,208400.0,208400.0,898800.0,24.3828,4.3764,28.7592,A,A,E,E,E,,,,A,,,
Norway,162,578,2023,cattle,1390600.0,204300.0,204300.0,874200.0,23.9031,4.2903,28.193399999999997,A,A,E,E,E,,,,A,,,
Norway,162,578,2020,goats,21445.0,33695.0,67007.0,67007.0,0.335,0.0087,0.3437,A,A,A,E,E,,,,A,,,
Norway,162,578,2021,goats,19638.0,33861.0,69320.0,69320.0,0.3466,0.009,0.3556,A,A,A,E,E,,,,A,,,
Norway,162,578,2022,goats,19364.0,33500.0,70400.0,70400.0,0.352,0.0092,0.36119999999999997,A,A,A,E,E,,,,A,,,
Norway,162,578,2023,goats,18753.0,32600.0,71800.0,71500.0,0.359,0.0093,0.36829999999999996,A,A,A,E,E,,,,A,,,
Oman,221,512,2020,cattle,215270.0,127884.0,127884.0,412948.0,5.8827,0.3837,6.2664,A,A,E,E,E,,,,A,,,
Oman,221,512,2021,cattle,219580.0,130442.0,130442.0,421950.0,6.0003,0.3913,6.3916,A,A,E,E,E,,,,A,,,
Oman,221,512,2022,cattle,223971.6,133051.0,133051.0,429632.0,6.1203,0.3992,6.519500000000001,A,A,E,E,E,,,,A,,,
Oman,221,512,2023,cattle,236480.0,135712.0,135712.0,438225.0,6.2428,0.4071,6.6499,A,A,E,E,E,,,,A,,,
Oman,221,512,2020,goats,111735.54,1468529.0,2395243.0,2395243.0,11.9762,0.527,12.5032,I,I,A,E,E,,,,A,,,
Oman,221,512,2021,goats,113337.19,1495523.0,2443150.0,2443150.0,12.2157,0.5375,12.7532,I,I,A,E,E,,,,A,,,
Oman,221,512,2022,goats,114961.72,1523011.0,2492013.0,2492013.0,12.4601,0.5482,13.0083,I,I,A,E,E,,,,A,,,
Oman,221,512,2023,goats,116609.59,1551006.0,2541853.0,2541855.0,12.7093,0.5592,13.268500000000001,I,I,A,E,E,,,,A,,,
Oman,221,512,2020,sheep,22152.46,470250.0,629742.0,629742.0,3.1487,0.1259,3.2746,I,I,A,E,E,,,,A,,,
Oman,221,512,2021,sheep,22447.44,478927.0,642330.0,642330.0,3.2117,0.1285,3.3402,I,I,A,E,E,,,,A,,,
Oman,221,512,2022,sheep,22746.57,487771.0,655177.0,655180.0,3.2759,0.131,3.4069000000000003,I,I,A,E,E,,,,A,,,
Oman,221,512,2023,sheep,23049.65,496777.0,668280.0,668285.0,3.3414,0.1337,3.4751000000000003,I,I,A,E,E,,,,A,,,
Pakistan,165,586,2020,buffalo,35393200.0,15404000.0,41191000.0,41191000.0,2265.505,205.955,2471.46,A,A,A,E,E,,,,A,,,
Pakistan,165,586,2021,buffalo,36444850.0,15861000.0,42416000.0,42416000.0,2332.88,212.08,2544.96,A,A,A,E,E,,,,A,,,
Pakistan,165,586,2022,buffalo,37527850.0,16333000.0,43676000.0,43676000.0,2402.18,218.38,2620.56,A,A,A,E,E,,,,A,,,
Pakistan,165,586,2023,buffalo,38644100.0,16818000.0,44974000.0,44974000.0,2473.57,224.87,2698.44,A,A,A,E,E,,,,A,,,
Pakistan,165,586,2020,camel,920000.0,410000.0,1104000.0,1104000.0,50.784,2.1197,52.9037,A,A,A,E,E,,,,A,,,
Pakistan,165,586,2021,camel,932000.0,415000.0,1118000.0,1118000.0,51.428,2.1466,53.5746,A,A,A,E,E,,,,A,,,
Pakistan,165,586,2022,camel,944000.0,421000.0,1133000.0,1133000.0,52.118,2.1754,54.293400000000005,A,A,A,E,E,,,,A,,,
Pakistan,165,586,2023,camel,956000.0,426000.0,1148000.0,1148000.0,52.808,2.2042,55.0122,A,A,A,E,E,,,,A,,,
Pakistan,165,586,2020,cattle,21382600.0,14640000.0,14640000.0,49624000.0,849.12,73.2,922.32,A,A,E,E,E,,,,A,,,
Pakistan,165,586,2021,cattle,22189150.0,15192000.0,15192000.0,51495000.0,881.136,75.96,957.096,A,A,E,E,E,,,,A,,,
Pakistan,165,586,2022,cattle,23026100.0,15764000.0,15764000.0,53436000.0,914.312,78.82,993.1320000000001,A,A,E,E,E,,,,A,,,
Pakistan,165,586,2023,cattle,23893450.0,16359000.0,16359000.0,55450000.0,948.822,81.795,1030.617,A,A,E,E,E,,,,A,,,
Pakistan,165,586,2020,goats,965000.0,6798000.0,78207000.0,78207000.0,391.035,13.2952,404.33020000000005,A,A,A,E,E,,,,A,,,
Pakistan,165,586,2021,goats,991000.0,6982000.0,80326000.0,80326000.0,401.63,13.6554,415.2854,A,A,A,E,E,,,,A,,,
Pakistan,165,586,2022,goats,1018000.0,7172000.0,82503000.0,82503000.0,412.515,14.0255,426.5405,A,A,A,E,E,,,,A,,,
Pakistan,165,586,2023,goats,1046000.0,7366000.0,84738000.0,84738000.0,423.69,14.4055,438.0955,A,A,A,E,E,,,,A,,,
Pakistan,165,586,2020,sheep,41000.0,811000.0,31225000.0,31225000.0,156.125,4.6837,160.8087,A,A,A,E,E,,,,A,,,
Pakistan,165,586,2021,sheep,41000.0,820000.0,31595000.0,31595000.0,157.975,4.7393,162.71429999999998,A,A,A,E,E,,,,A,,,
Pakistan,165,586,2022,sheep,42000.0,830000.0,31969000.0,31969000.0,159.845,4.7954,164.6404,A,A,A,E,E,,,,A,,,
Pakistan,165,586,2023,sheep,42000.0,840000.0,32347000.0,32347000.0,161.735,4.8521,166.58710000000002,A,A,A,E,E,,,,A,,,
Palestine,299,275,2020,cattle,71206.25,14949.0,14964.0,25790.0,0.6883,0.0299,0.7182000000000001,I,I,E,E,E,,,,A,,,
Palestine,299,275,2021,cattle,171913.0,31431.0,31431.0,67760.0,1.4458,0.0629,1.5087,A,A,E,E,E,,,,A,,,
Palestine,299,275,2022,cattle,172000.0,22348.0,25079.0,41590.0,1.1536,0.0502,1.2038,E,I,E,E,E,,,,E,,,
Palestine,299,275,2020,goats,20724.44,163547.0,213830.0,213830.0,1.0692,0.0364,1.1056,E,E,A,E,E,,,,A,,,
Palestine,299,275,2021,goats,41034.0,239966.0,239966.0,239966.0,1.1998,0.0408,1.2406,A,A,A,E,E,,,,A,,,
Palestine,299,275,2022,goats,41000.0,240000.0,255529.0,249197.0,1.2776,0.0434,1.3210000000000002,E,E,I,E,E,,,,I,,,
Palestine,299,275,2020,sheep,53202.64,543386.0,766550.0,766550.0,3.8327,0.115,3.9477,E,I,A,E,E,,,,A,,,
Palestine,299,275,2021,sheep,90660.0,771168.0,771168.0,771168.0,3.8558,0.1157,3.9715,A,A,A,E,E,,,,A,,,
Palestine,299,275,2022,sheep,91000.0,553804.0,785079.0,782060.0,3.9254,0.1178,4.0432,E,I,I,E,E,,,,I,,,
Panama,166,591,2020,cattle,213773.0,144442.0,144486.0,1505500.0,10.403,0.1691,10.5721,A,I,E,E,E,,,,A,,,
Panama,166,591,2021,cattle,192137.0,144841.0,144886.0,1509900.0,10.4318,0.1695,10.6013,A,I,E,E,E,,,,A,,,
Panama,166,591,2022,cattle,188490.0,145419.0,145465.0,1516774.0,10.4735,0.1702,10.643699999999999,A,I,E,E,E,,,,A,,,
Panama,166,591,2023,cattle,184344.0,145634.0,145683.0,1518656.0,10.4892,0.1705,10.6597,A,I,E,E,E,,,,A,,,
Papua New Guinea,168,598,2020,cattle,164.27,1622.0,1626.0,91903.0,0.1463,0.0488,0.19510000000000002,I,I,E,E,E,,,,I,,,
Papua New Guinea,168,598,2021,cattle,164.21,1620.0,1625.0,91591.0,0.1463,0.0488,0.19510000000000002,I,I,E,E,E,,,,I,,,
Papua New Guinea,168,598,2022,cattle,164.2,1619.0,1625.0,91355.0,0.1463,0.0488,0.19510000000000002,I,I,E,E,E,,,,I,,,
Papua New Guinea,168,598,2023,cattle,164.18,1617.0,1625.0,91119.0,0.1463,0.0488,0.19510000000000002,I,I,E,E,E,,,,I,,,
Papua New Guinea,168,598,2020,goats,39.7,1350.0,3132.0,3091.0,0.0157,0.0005,0.0162,I,I,I,E,E,,,,I,,,
Papua New Guinea,168,598,2021,goats,39.89,1366.0,3128.0,3136.0,0.0156,0.0005,0.0161,I,I,I,E,E,,,,I,,,
Papua New Guinea,168,598,2022,goats,39.9,1365.0,3139.0,3130.0,0.0157,0.0005,0.0162,I,I,I,E,E,,,,I,,,
Papua New Guinea,168,598,2023,goats,39.96,1369.0,3149.0,3140.0,0.0157,0.0005,0.0162,I,I,I,E,E,,,,I,,,
Paraguay,169,600,2020,cattle,541033.43,214949.0,214864.0,14026143.0,15.4702,0.2149,15.6851,A,I,E,E,E,,,,A,,,
Paraguay,169,600,2021,cattle,536808.0,213952.0,213876.0,13919507.0,15.3991,0.2139,15.613000000000001,A,I,E,E,E,,,,A,,,
Paraguay,169,600,2022,cattle,558738.0,206926.0,209745.0,13241944.0,15.1016,0.2097,15.3113,A,I,E,E,E,,,,A,,,
Paraguay,169,600,2023,cattle,559000.0,205668.0,209997.0,13113252.0,15.1198,0.21,15.3298,E,I,E,E,E,,,,I,,,
Peru,170,604,2020,cattle,2138028.44,906689.0,906689.0,5636388.0,65.2816,0.9067,66.1883,A,A,E,E,E,,,,A,,,
Peru,170,604,2021,cattle,2184934.54,932745.0,932745.0,5853660.0,67.1576,0.9327,68.0903,A,A,E,E,E,,,,A,,,
Peru,170,604,2022,cattle,2246935.86,945549.0,945549.0,5862305.0,68.0795,0.9455,69.02499999999999,A,A,E,E,E,,,,A,,,
Peru,170,604,2023,cattle,2201096.29,933433.0,933433.0,5876213.0,67.2072,0.9334,68.1406,A,A,E,E,E,,,,A,,,
Peru,170,604,2020,goats,20580.56,254524.0,1801257.0,1801257.0,9.0063,0.3062,9.3125,I,I,A,E,E,,,,A,,,
Peru,170,604,2021,goats,20291.57,249487.0,1754968.0,1754968.0,8.7748,0.2983,9.0731,I,I,A,E,E,,,,A,,,
Peru,170,604,2022,goats,20392.15,251038.0,1767612.0,1767612.0,8.8381,0.3005,9.1386,I,I,A,E,E,,,,A,,,
Peru,170,604,2023,goats,20389.3,250843.0,1764665.0,1764665.0,8.8233,0.3,9.1233,I,I,A,E,E,,,,A,,,
Philippines,171,608,2020,cattle,27511.0,12000.0,12000.0,2541959.0,0.816,0.3308,1.1467999999999998,A,E,E,E,E,,,,A,,,
Philippines,171,608,2021,cattle,27089.0,12000.0,12000.0,2605262.0,0.816,0.3308,1.1467999999999998,A,E,E,E,E,,,,A,,,
Philippines,171,608,2022,cattle,31188.0,14000.0,14000.0,2577506.0,0.952,0.3859,1.3378999999999999,A,E,E,E,E,,,,A,,,
Philippines,171,608,2023,cattle,29980.0,13000.0,13000.0,2581371.0,0.884,0.3584,1.2424,A,E,E,E,E,,,,A,,,
Poland,173,616,2020,cattle,14821820.0,2125700.0,2125700.0,6278900.0,210.4443,23.3827,233.827,A,A,E,E,E,,,,A,,,
Poland,173,616,2021,cattle,14881110.0,2035200.0,2035200.0,6378700.0,201.4848,22.3872,223.872,A,A,E,E,E,,,,A,,,
Poland,173,616,2022,cattle,15208490.0,2037280.0,2037280.0,6448290.0,201.6907,22.4101,224.1008,A,A,E,E,E,,,,A,,,
Poland,173,616,2023,cattle,15482240.0,2243330.0,2243330.0,6267460.0,222.0897,24.6766,246.7663,A,A,E,E,E,,,,A,,,
Poland,173,616,2020,goats,8510.0,,44204.0,44204.0,0.221,0.0057,0.2267,A,,A,E,E,,,,A,,,
Poland,173,616,2021,goats,8650.0,,54091.0,54091.0,0.2705,0.007,0.2775,A,,A,E,E,,,,A,,,
Poland,173,616,2022,goats,9150.0,,62580.0,62580.0,0.3129,0.0081,0.321,A,,A,E,E,,,,A,,,
Poland,173,616,2023,goats,9200.0,,60897.0,60897.0,0.3045,0.0079,0.3124,A,,A,E,E,,,,A,,,
Poland,173,616,2020,sheep,540.0,,277850.0,277850.0,2.2228,0.0528,2.2756,A,,A,E,E,,,,A,,,
Poland,173,616,2021,sheep,510.0,,265277.0,265277.0,2.1222,0.0504,2.1726,A,,A,E,E,,,,A,,,
Poland,173,616,2022,sheep,440.0,,266370.0,266370.0,2.131,0.0506,2.1816,A,,A,E,E,,,,A,,,
Poland,173,616,2023,sheep,440.0,,270492.0,270492.0,2.1639,0.0514,2.2153,A,,A,E,E,,,,A,,,
Portugal,174,620,2020,cattle,1993610.0,232750.0,232750.0,1691320.0,27.2318,7.979,35.2108,A,A,E,E,E,,,,A,,,
Portugal,174,620,2021,cattle,1995550.0,230020.0,230020.0,1640650.0,26.9123,7.8854,34.7977,A,A,E,E,E,,,,A,,,
Portugal,174,620,2022,cattle,1928870.0,221540.0,221540.0,1579140.0,25.9202,7.5947,33.5149,A,A,E,E,E,,,,A,,,
Portugal,174,620,2023,cattle,1959930.0,218840.0,218840.0,1527720.0,25.6043,7.5021,33.1064,A,A,E,E,E,,,,A,,,
Portugal,174,620,2020,goats,31200.0,312710.0,368420.0,368420.0,1.8421,0.0737,1.9158000000000002,A,A,A,E,E,,,,A,,,
Portugal,174,620,2021,goats,30710.0,307970.0,364500.0,364500.0,1.8225,0.0729,1.8954,A,A,A,E,E,,,,A,,,
Portugal,174,620,2022,goats,29880.0,299000.0,352050.0,352050.0,1.7603,0.0704,1.8307,A,A,A,E,E,,,,A,,,
Portugal,174,620,2023,goats,28430.0,283240.0,335620.0,335620.0,1.6781,0.0671,1.7451999999999999,A,A,A,E,E,,,,A,,,
Portugal,174,620,2020,sheep,74310.0,272840.0,2303720.0,2303720.0,18.4298,0.645,19.0748,A,A,A,E,E,,,,A,,,
Portugal,174,620,2021,sheep,73930.0,263150.0,2293410.0,2293410.0,18.3473,0.6422,18.9895,A,A,A,E,E,,,,A,,,
Portugal,174,620,2022,sheep,72180.0,250690.0,2269280.0,2269280.0,18.1542,0.6354,18.7896,A,A,A,E,E,,,,A,,,
Portugal,174,620,2023,sheep,70320.0,238420.0,2216700.0,2216700.0,17.7336,0.6207,18.3543,A,A,A,E,E,,,,A,,,
Puerto Rico,177,630,2020,cattle,242000.0,65000.0,65000.0,217925.0,4.68,0.0791,4.7591,E,E,E,E,E,,,,I,,,
Puerto Rico,177,630,2021,cattle,213296.9,56340.0,61977.0,210266.0,4.4623,0.0754,4.5377,I,I,E,E,E,,,,I,,,
Puerto Rico,177,630,2022,cattle,234700.0,60895.0,60895.0,202621.0,4.3844,0.0741,4.4585,A,A,E,E,E,,,,A,,,
Puerto Rico,177,630,2023,cattle,223838.06,58959.0,59674.0,222198.0,4.2965,0.0726,4.3690999999999995,I,I,E,E,E,,,,E,,,
Puerto Rico,177,630,2020,goats,59.56,2090.0,3502.0,3612.0,0.0175,0.0006,0.0181,I,I,I,E,E,,,,E,,,
Puerto Rico,177,630,2021,goats,59.57,2089.0,3453.0,3607.0,0.0173,0.0006,0.0179,I,I,I,E,E,,,,E,,,
Puerto Rico,177,630,2022,goats,58.7,2015.0,3446.0,3446.0,0.0172,0.0006,0.0178,I,I,A,E,E,,,,A,,,
Puerto Rico,177,630,2023,goats,59.36,2067.0,3335.0,3555.0,0.0167,0.0006,0.0173,I,I,I,E,E,,,,E,,,
Qatar,179,634,2020,camel,18892.04,32827.0,125860.0,125860.0,5.7896,0.3222,6.1118,I,I,A,E,E,,,,A,,,
Qatar,179,634,2021,camel,18255.28,31534.0,119560.0,119560.0,5.4998,0.3061,5.805899999999999,I,I,A,E,E,,,,A,,,
Qatar,179,634,2022,camel,16930.79,28888.0,106972.0,106972.0,4.9207,0.2738,5.1945,I,I,A,E,E,,,,A,,,
Qatar,179,634,2023,camel,16261.68,27557.0,100726.0,100726.0,4.6334,0.2579,4.8913,I,I,A,E,E,,,,A,,,
Qatar,179,634,2020,cattle,7500.0,5300.0,5300.0,44718.0,0.2438,0.0158,0.2596,E,E,E,E,E,,,,A,,,
Qatar,179,634,2021,cattle,7500.0,5300.0,5300.0,50721.0,0.2438,0.0158,0.2596,E,E,E,E,E,,,,A,,,
Qatar,179,634,2022,cattle,7500.0,5300.0,5300.0,41575.0,0.2438,0.0158,0.2596,E,E,E,E,E,,,,A,,,
Qatar,179,634,2023,cattle,7500.0,5300.0,5300.0,43977.0,0.2438,0.0158,0.2596,E,E,E,E,E,,,,A,,,
Qatar,179,634,2020,goats,10431.97,142782.0,458835.0,458835.0,2.2942,0.1009,2.3951000000000002,I,I,A,E,E,,,,A,,,
Qatar,179,634,2021,goats,9418.32,123488.0,384703.0,384703.0,1.9235,0.0846,2.0080999999999998,I,I,A,E,E,,,,A,,,
Qatar,179,634,2022,goats,9039.73,116456.0,358137.0,358137.0,1.7907,0.0788,1.8695,I,I,A,E,E,,,,A,,,
Qatar,179,634,2023,goats,9253.97,120306.0,372262.0,372262.0,1.8613,0.0819,1.9432,I,I,A,E,E,,,,A,,,
Qatar,179,634,2020,sheep,12530.1,275758.0,1021718.0,1021718.0,5.1086,0.2043,5.3129,I,I,A,E,E,,,,A,,,
Qatar,179,634,2021,sheep,11827.63,253310.0,921379.0,921379.0,4.6069,0.1843,4.791200000000001,I,I,A,E,E,,,,A,,,
Qatar,179,634,2022,sheep,11035.08,228759.0,813941.0,813941.0,4.0697,0.1628,4.2325,I,I,A,E,E,,,,A,,,
Qatar,179,634,2023,sheep,11018.2,228106.0,810601.0,810601.0,4.053,0.1621,4.2151,I,I,A,E,E,,,,A,,,
Republic of Korea,117,410,2020,cattle,2088786.0,202349.0,202349.0,3804976.0,13.7597,2.0235,15.7832,A,A,E,E,E,,,,A,,,
Republic of Korea,117,410,2021,cattle,2034384.0,196098.0,196098.0,3990257.0,13.3347,1.961,15.2957,A,A,E,E,E,,,,A,,,
Republic of Korea,117,410,2022,cattle,1975414.0,190803.0,190803.0,4116407.0,12.9746,1.908,14.8826,A,A,E,E,E,,,,A,,,
Republic of Korea,117,410,2023,cattle,1929913.0,193076.0,193076.0,4035076.0,13.1292,1.9308,15.06,A,A,E,E,E,,,,A,,,
Republic of Korea,117,410,2020,goats,9036.31,69522.0,331575.0,314087.0,1.6579,0.0365,1.6944,I,I,I,E,E,,,,I,,,
Republic of Korea,117,410,2021,goats,8957.21,68661.0,309413.0,308992.0,1.5471,0.034,1.5811,I,I,E,E,E,,,,I,,,
Republic of Korea,117,410,2022,goats,8926.76,68307.0,314524.0,306776.0,1.5726,0.0346,1.6072,I,I,E,E,E,,,,E,,,
Republic of Korea,117,410,2023,goats,9034.1,69379.0,322919.0,312638.0,1.6146,0.0355,1.6501000000000001,I,I,E,E,E,,,,E,,,
Republic of Moldova,146,498,2020,cattle,290529.0,71256.0,71256.0,108900.0,7.0543,0.7838,7.8381,A,A,E,E,E,,,,A,,,
Republic of Moldova,146,498,2021,cattle,264948.0,68459.0,68459.0,104074.0,6.7774,0.753,7.5304,A,A,E,E,E,,,,A,,,
Republic of Moldova,146,498,2022,cattle,240931.0,67066.0,67066.0,102368.0,6.6395,0.7377,7.3772,A,A,E,E,E,,,,A,,,
Republic of Moldova,146,498,2023,cattle,231905.0,63072.0,63072.0,101030.0,6.2441,0.6938,6.937900000000001,A,A,E,E,E,,,,A,,,
Republic of Moldova,146,498,2020,goats,7056.0,109439.0,142000.0,142000.0,0.71,0.0185,0.7284999999999999,A,A,A,E,E,,,,A,,,
Republic of Moldova,146,498,2021,goats,7186.0,105094.0,139926.0,139926.0,0.6996,0.0182,0.7178,A,A,A,E,E,,,,A,,,
Republic of Moldova,146,498,2022,goats,7133.0,102037.0,137021.0,137021.0,0.6851,0.0178,0.7029000000000001,A,A,A,E,E,,,,A,,,
Republic of Moldova,146,498,2023,goats,7377.0,100290.0,133034.0,133034.0,0.6652,0.0173,0.6825,A,A,A,E,E,,,,A,,,
Republic of Moldova,146,498,2020,sheep,24164.0,374043.0,474400.0,474400.0,3.7952,0.0901,3.8853,A,A,A,E,E,,,,A,,,
Republic of Moldova,146,498,2021,sheep,23134.0,339139.0,433849.0,433849.0,3.4708,0.0824,3.5532,A,A,A,E,E,,,,A,,,
Republic of Moldova,146,498,2022,sheep,22962.0,327826.0,419290.0,419290.0,3.3543,0.0797,3.4339999999999997,A,A,A,E,E,,,,A,,,
Republic of Moldova,146,498,2023,sheep,22001.0,315307.0,416895.0,416895.0,3.3352,0.0792,3.4144,A,A,A,E,E,,,,A,,,
Romania,183,642,2020,buffalo,16100.0,,19600.0,19600.0,1.078,0.098,1.1760000000000002,A,,A,E,E,,,,A,,,
Romania,183,642,2021,buffalo,15200.0,,18500.0,18500.0,1.0175,0.0925,1.11,A,,A,E,E,,,,A,,,
Romania,183,642,2022,buffalo,14100.0,,17900.0,17900.0,0.9845,0.0895,1.074,A,,A,E,E,,,,A,,,
Romania,183,642,2023,buffalo,19300.0,,16900.0,16900.0,0.9295,0.0845,1.014,A,,A,E,E,,,,A,,,
Romania,183,642,2020,cattle,3679600.0,1121900.0,1121900.0,1875200.0,111.0681,12.3409,123.409,A,A,E,E,E,,,,A,,,
Romania,183,642,2021,cattle,3637000.0,1081900.0,1081900.0,1826800.0,107.1081,11.9009,119.00899999999999,A,A,E,E,E,,,,A,,,
Romania,183,642,2022,cattle,3621800.0,1075600.0,1075600.0,1833700.0,106.4844,11.8316,118.31599999999999,A,A,E,E,E,,,,A,,,
Romania,183,642,2023,cattle,3618800.0,1056700.0,1056700.0,1814700.0,104.6133,11.6237,116.237,A,A,E,E,E,,,,A,,,
Romania,183,642,2020,goats,240800.0,1290800.0,1611800.0,1611800.0,8.059,0.2095,8.2685,A,A,A,E,E,,,,A,,,
Romania,183,642,2021,goats,227800.0,1218100.0,1492500.0,1492500.0,7.4625,0.194,7.6565,A,A,A,E,E,,,,A,,,
Romania,183,642,2022,goats,221600.0,1215000.0,1483200.0,1483200.0,7.416,0.1928,7.6088000000000005,A,A,A,E,E,,,,A,,,
Romania,183,642,2023,goats,231900.0,1161600.0,1421700.0,1421700.0,7.1085,0.1848,7.2933,A,A,A,E,E,,,,A,,,
Romania,183,642,2020,sheep,426000.0,7761400.0,10281500.0,10281500.0,82.252,1.9535,84.2055,A,A,A,E,E,,,,A,,,
Romania,183,642,2021,sheep,419700.0,7723100.0,10087400.0,10087400.0,80.6992,1.9166,82.61580000000001,A,A,A,E,E,,,,A,,,
Romania,183,642,2022,sheep,404400.0,7854900.0,10247400.0,10247400.0,81.9792,1.947,83.92620000000001,A,A,A,E,E,,,,A,,,
Romania,183,642,2023,sheep,448400.0,7827400.0,10299500.0,10299500.0,82.396,1.9569,84.3529,A,A,A,E,E,,,,A,,,
Russian Federation,185,643,2020,camel,28.79,189.0,5676.0,5676.0,0.2611,0.009,0.2701,I,I,A,E,E,,,,A,,,
Russian Federation,185,643,2021,camel,28.83,189.0,5687.0,5687.0,0.2616,0.009,0.2706,I,I,A,E,E,,,,A,,,
Russian Federation,185,643,2022,camel,28.67,187.0,5538.0,5538.0,0.2547,0.0088,0.26349999999999996,I,I,A,E,E,,,,A,,,
Russian Federation,185,643,2023,camel,28.45,183.0,5374.0,5339.0,0.2472,0.0085,0.2557,I,I,I,E,E,,,,I,,,
Russian Federation,185,643,2020,cattle,31959801.0,6571603.0,6571603.0,18126003.0,650.5887,72.2876,722.8763,A,A,E,E,E,,,,A,,,
Russian Federation,185,643,2021,cattle,32078587.0,6394372.0,6394372.0,18027172.0,633.0428,70.3381,703.3809000000001,A,A,E,E,E,,,,A,,,
Russian Federation,185,643,2022,cattle,32738522.0,6268581.0,6268581.0,17649619.0,620.5895,68.9544,689.5439,A,A,E,E,E,,,,A,,,
Russian Federation,185,643,2023,cattle,33559230.0,6411519.0,6411519.0,17489037.0,634.7404,70.5267,705.2671,E,E,E,E,E,,,,A,,,
Russian Federation,185,643,2020,goats,254357.0,765330.0,1962609.0,1962609.0,9.813,0.2551,10.068100000000001,A,A,A,E,E,,,,A,,,
Russian Federation,185,643,2021,goats,249284.0,735030.0,1874524.0,1874524.0,9.3726,0.2437,9.6163,A,A,A,E,E,,,,A,,,
Russian Federation,185,643,2022,goats,233757.0,704200.0,1811125.0,1811125.0,9.0556,0.2354,9.291,A,A,A,E,E,,,,A,,,
Russian Federation,185,643,2023,goats,239620.0,716706.0,1748200.0,1748200.0,8.741,0.2273,8.9683,E,I,A,E,E,,,,A,,,
Russian Federation,185,643,2020,sheep,4979.0,3705813.0,20654963.0,20654963.0,165.2397,3.9244,169.1641,A,A,A,E,E,,,,A,,,
Russian Federation,185,643,2021,sheep,5379.0,3090003.0,19785390.0,19785390.0,158.2831,3.7592,162.04229999999998,A,A,A,E,E,,,,A,,,
Russian Federation,185,643,2022,sheep,5649.0,3728644.0,19148212.0,19148212.0,153.1857,3.6382,156.8239,A,A,A,E,E,,,,A,,,
Russian Federation,185,643,2023,sheep,5790.0,3508153.0,19083000.0,19083000.0,152.664,3.6258,156.28979999999999,E,E,A,E,E,,,,A,,,
Rwanda,184,646,2020,cattle,195682.98,390318.0,389795.0,1608499.0,17.9306,0.3898,18.3204,I,I,E,E,E,,,,A,,,
Rwanda,184,646,2021,cattle,186047.18,368361.0,368102.0,1498466.0,16.9327,0.3681,17.3008,I,I,E,E,E,,,,I,,,
Rwanda,184,646,2022,cattle,179472.42,353425.0,353085.0,1424180.0,16.2419,0.3531,16.595000000000002,I,I,E,E,E,,,,A,,,
Rwanda,184,646,2023,cattle,182287.47,359561.0,356853.0,1453264.0,16.4152,0.3569,16.7721,I,I,E,E,E,,,,I,,,
Rwanda,184,646,2020,goats,51600.89,640849.0,1745806.0,1745806.0,8.729,0.2968,9.025799999999998,I,I,A,E,E,,,,A,,,
Rwanda,184,646,2021,goats,50515.86,622524.0,1699322.0,1686462.0,8.4966,0.2889,8.7855,I,I,I,E,E,,,,I,,,
Rwanda,184,646,2022,goats,47175.6,567737.0,1513140.0,1513140.0,7.5657,0.2572,7.8229,I,I,A,E,E,,,,A,,,
Rwanda,184,646,2023,goats,47849.45,578286.0,1503941.0,1545121.0,7.5197,0.2557,7.7754,I,I,I,E,E,,,,I,,,
Rwanda,184,646,2020,sheep,6390.93,85035.0,420365.0,420365.0,2.1018,0.0631,2.1649,I,I,A,E,E,,,,A,,,
Rwanda,184,646,2021,sheep,6143.54,80297.0,393612.0,390767.0,1.9681,0.059,2.0271,I,I,I,E,E,,,,I,,,
Rwanda,184,646,2022,sheep,5617.43,70564.0,331748.0,331748.0,1.6587,0.0498,1.7085000000000001,I,I,A,E,E,,,,A,,,
Rwanda,184,646,2023,sheep,5331.57,65424.0,307998.0,301343.0,1.54,0.0462,1.5862,I,I,I,E,E,,,,I,,,
Saint Lucia,189,662,2020,cattle,1027.12,732.0,737.0,10476.0,0.0531,0.0015,0.0546,I,I,E,E,E,,,,I,,,
Saint Lucia,189,662,2021,cattle,1030.11,734.0,738.0,10514.0,0.0531,0.0015,0.0546,I,I,E,E,E,,,,I,,,
Saint Lucia,189,662,2022,cattle,1031.6,735.0,737.0,10524.0,0.0531,0.0015,0.0546,I,I,E,E,E,,,,I,,,
Saint Lucia,189,662,2023,cattle,1031.51,735.0,737.0,10505.0,0.0531,0.0015,0.0546,I,I,E,E,E,,,,I,,,
Saint Vincent and the Grenadines,191,670,2020,cattle,967.37,690.0,584.0,3390.0,0.042,0.0007,0.0427,I,I,E,E,E,,,,E,,,
Saint Vincent and the Grenadines,191,670,2021,cattle,897.99,636.0,563.0,3000.0,0.0405,0.0006,0.041100000000000005,I,I,E,E,E,,,,E,,,
Saint Vincent and the Grenadines,191,670,2022,cattle,920.82,653.0,544.0,3120.0,0.0392,0.0006,0.0398,I,I,E,E,E,,,,E,,,
Saint Vincent and the Grenadines,191,670,2023,cattle,862.18,608.0,525.0,2800.0,0.0378,0.0006,0.038400000000000004,I,I,E,E,E,,,,E,,,
Samoa,244,882,2020,cattle,1648.79,1665.0,1479.0,41928.0,0.1331,0.0458,0.1789,I,I,E,E,E,,,,E,,,
Samoa,244,882,2021,cattle,1617.28,1628.0,1651.0,40345.0,0.1486,0.0512,0.1998,I,I,E,E,E,,,,I,,,
Samoa,244,882,2022,cattle,1585.98,1592.0,1624.0,38804.0,0.1462,0.0503,0.1965,I,I,E,E,E,,,,E,,,
Samoa,244,882,2023,cattle,1570.99,1574.0,1623.0,38042.0,0.1461,0.0503,0.19640000000000002,I,I,E,E,E,,,,E,,,
Sao Tome and Principe,193,678,2020,cattle,551.48,415.0,420.0,1415.0,0.0193,0.0004,0.019700000000000002,I,I,E,E,E,,,,E,,,
Sao Tome and Principe,193,678,2021,cattle,560.89,422.0,418.0,1452.0,0.0192,0.0004,0.0196,I,I,E,E,E,,,,E,,,
Sao Tome and Principe,193,678,2022,cattle,571.78,431.0,423.0,1496.0,0.0195,0.0004,0.0199,I,I,E,E,E,,,,E,,,
Sao Tome and Principe,193,678,2023,cattle,583.07,440.0,427.0,1542.0,0.0196,0.0004,0.02,I,I,E,E,E,,,,E,,,
Saudi Arabia,194,682,2020,camel,135400.0,277860.0,1400000.0,1400000.0,64.4,2.7832,67.1832,A,E,A,E,E,,,,A,,,
Saudi Arabia,194,682,2021,camel,137070.0,278448.0,1390091.0,1390091.0,63.9442,2.7635,66.7077,E,E,A,E,E,,,,A,,,
Saudi Arabia,194,682,2022,camel,135540.0,278775.0,2000242.0,2000242.0,92.0111,3.9765,95.9876,E,E,A,E,E,,,,A,,,
Saudi Arabia,194,682,2023,camel,136003.33,278361.0,1981605.0,2210197.0,91.1538,3.9395,95.0933,E,E,I,E,E,,,,A,,,
Saudi Arabia,194,682,2020,cattle,2593771.0,224541.0,224541.0,700000.0,10.3289,0.4491,10.778,A,A,E,E,E,,,,A,,,
Saudi Arabia,194,682,2021,cattle,3195444.01,231732.0,205932.0,453603.0,9.4729,0.4119,9.884799999999998,A,A,E,E,E,,,,A,,,
Saudi Arabia,194,682,2022,cattle,2200000.0,170000.0,204906.0,312060.0,9.4257,0.4098,9.835500000000001,E,E,E,E,E,,,,A,,,
Saudi Arabia,194,682,2023,cattle,2953421.61,234436.0,192436.0,501975.0,8.8521,0.3849,9.237,A,A,E,E,E,,,,A,,,
Saudi Arabia,194,682,2020,goats,95196.7,2090541.0,6100000.0,6100000.0,30.5,1.0694,31.5694,I,I,A,E,E,,,,A,,,
Saudi Arabia,194,682,2021,goats,95233.4,2090425.0,6095789.0,6095789.0,30.4789,1.0687,31.5476,I,I,A,E,E,,,,A,,,
Saudi Arabia,194,682,2022,goats,101886.62,2292101.0,6779154.0,6779154.0,33.8958,1.1885,35.0843,I,I,A,E,E,,,,A,,,
Saudi Arabia,194,682,2023,goats,107898.9,2478309.0,6324981.0,7417684.0,31.6249,1.1089,32.7338,I,I,E,E,E,,,,A,,,
Saudi Arabia,194,682,2020,sheep,81240.0,2879684.0,17500000.0,17500000.0,87.5,2.718,90.218,A,E,A,E,E,,,,A,,,
Saudi Arabia,194,682,2021,sheep,85390.0,2884892.0,17535421.0,17535421.0,87.6771,2.7235,90.4006,E,E,A,E,E,,,,A,,,
Saudi Arabia,194,682,2022,sheep,82373.33,2885280.0,21804724.0,21804724.0,109.0236,3.3866,112.4102,E,E,A,E,E,,,,A,,,
Saudi Arabia,194,682,2023,sheep,83001.11,2883285.0,18946715.0,21999998.0,94.7336,2.9427,97.6763,E,E,E,E,E,,,,A,,,
Senegal,195,686,2020,camel,540.08,1596.0,5079.0,5079.0,0.2336,0.013,0.2466,I,I,A,E,E,,,,A,,,
Senegal,195,686,2021,camel,540.83,1598.0,5084.0,5084.0,0.2339,0.013,0.2469,I,I,A,E,E,,,,A,,,
Senegal,195,686,2022,camel,546.31,1619.0,5192.0,5172.0,0.2388,0.0133,0.2521,I,I,A,E,E,,,,A,,,
Senegal,195,686,2023,camel,245.5,546.0,5254.0,1182.0,0.2417,0.0135,0.2552,I,I,I,E,E,,,,A,,,
Senegal,195,686,2020,cattle,220666.67,813333.0,813333.0,3658199.0,37.4133,0.8133,38.2266,E,E,E,E,E,,,,A,,,
Senegal,195,686,2021,cattle,222222.22,821111.0,821111.0,3678029.0,37.7711,0.8211,38.5922,E,E,E,E,E,,,,A,,,
Senegal,195,686,2022,cattle,222629.63,828148.0,701658.0,3765797.0,32.2763,0.7017,32.978,E,E,E,E,E,,,,A,,,
Senegal,195,686,2023,cattle,230000.0,835000.0,708246.0,3831583.0,32.5793,0.7082,33.2875,E,E,E,E,E,,,,I,,,
Senegal,195,686,2020,goats,13970.56,769725.0,6489523.0,6489523.0,32.4476,1.4277,33.8753,I,I,A,E,E,,,,A,,,
Senegal,195,686,2021,goats,13866.98,760331.0,6385674.0,6385674.0,31.9284,1.4048,33.3332,I,I,A,E,E,,,,A,,,
Senegal,195,686,2022,goats,15121.34,869784.0,6590015.0,7558169.0,32.9501,1.4498,34.3999,I,I,A,E,E,,,,A,,,
Senegal,195,686,2023,goats,14352.05,801180.0,6488404.0,6811122.0,32.442,1.4274,33.8694,I,I,E,E,E,,,,E,,,
Senegal,195,686,2020,sheep,11975.84,881661.0,7699966.0,7699966.0,38.4998,1.54,40.0398,I,I,A,E,E,,,,A,,,
Senegal,195,686,2021,sheep,12004.74,884474.0,7725647.0,7725647.0,38.6282,1.5451,40.1733,I,I,A,E,E,,,,A,,,
Senegal,195,686,2022,sheep,12687.55,965928.0,7972868.0,8625583.0,39.8643,1.5946,41.4589,I,I,A,E,E,,,,A,,,
Senegal,195,686,2023,sheep,12839.25,983858.0,8196297.0,8821565.0,40.9815,1.6393,42.620799999999996,I,I,I,E,E,,,,I,,,
Serbia,272,688,2020,cattle,1539445.0,421748.0,421748.0,886127.0,49.3445,9.0299,58.374399999999994,A,A,E,E,E,,,,A,,,
Serbia,272,688,2021,cattle,1517686.0,406390.0,406390.0,859514.0,47.5476,8.7011,56.2487,A,A,E,E,E,,,,A,,,
Serbia,272,688,2022,cattle,1468036.0,388851.0,388851.0,799844.0,45.4956,8.3255,53.8211,A,A,E,E,E,,,,A,,,
Serbia,272,688,2023,cattle,1383806.0,354698.0,354698.0,725408.0,41.4997,7.5943,49.093999999999994,A,A,E,E,E,,,,A,,,
Serbia,272,688,2020,goats,34712.0,119145.0,202325.0,202325.0,1.0116,0.0263,1.0379,A,A,A,E,E,,,,A,,,
Serbia,272,688,2021,goats,35399.0,115575.0,195037.0,195037.0,0.9752,0.0254,1.0006,A,A,A,E,E,,,,A,,,
Serbia,272,688,2022,goats,34771.0,111403.0,191703.0,191703.0,0.9585,0.0249,0.9834,A,A,A,E,E,,,,A,,,
Serbia,272,688,2023,goats,21382.0,87418.0,147077.0,147077.0,0.7354,0.0191,0.7545000000000001,A,A,A,E,E,,,,A,,,
Serbia,272,688,2020,sheep,9584.0,67242.0,1684613.0,1684613.0,13.4769,0.3201,13.797,A,A,A,E,E,,,,A,,,
Serbia,272,688,2021,sheep,10390.0,67130.0,1695408.0,1695408.0,13.5633,0.3221,13.8854,A,A,A,E,E,,,,A,,,
Serbia,272,688,2022,sheep,9300.0,55947.0,1720826.0,1720826.0,13.7666,0.327,14.0936,A,A,A,E,E,,,,A,,,
Serbia,272,688,2023,sheep,11603.0,70523.0,1716809.0,1716809.0,13.7345,0.3262,14.0607,A,A,A,E,E,,,,A,,,
Seychelles,196,690,2020,cattle,152.18,242.0,243.0,500.0,0.0112,0.0002,0.0114,I,I,E,E,E,,,,E,,,
Seychelles,196,690,2021,cattle,167.97,275.0,276.0,600.0,0.0127,0.0003,0.013,I,I,E,E,E,,,,E,,,
Seychelles,196,690,2022,cattle,172.72,285.0,290.0,631.0,0.0133,0.0003,0.0136,I,I,E,E,E,,,,I,,,
Seychelles,196,690,2023,cattle,155.39,248.0,243.0,517.0,0.0112,0.0002,0.0114,I,I,E,E,E,,,,I,,,
Sierra Leone,197,694,2020,cattle,142546.12,111312.0,111165.0,622091.0,5.1136,0.1112,5.2248,I,I,E,E,E,,,,A,,,
Sierra Leone,197,694,2021,cattle,161305.12,126774.0,126547.0,733029.0,5.8212,0.1265,5.9477,I,I,E,E,E,,,,A,,,
Sierra Leone,197,694,2022,cattle,146936.97,114832.0,114671.0,646230.0,5.2749,0.1147,5.3896,I,I,E,E,E,,,,E,,,
Sierra Leone,197,694,2023,cattle,150614.57,117815.0,117641.0,667117.0,5.4115,0.1176,5.529100000000001,I,I,E,E,E,,,,E,,,
Slovakia,199,703,2020,cattle,917690.0,122050.0,122050.0,442290.0,12.083,1.3425,13.4255,A,A,E,E,E,,,,A,,,
Slovakia,199,703,2021,cattle,902640.0,120070.0,120070.0,434090.0,11.8869,1.3208,13.2077,A,A,E,E,E,,,,A,,,
Slovakia,199,703,2022,cattle,915120.0,116910.0,116910.0,433180.0,11.5741,1.286,12.8601,A,A,E,E,E,,,,A,,,
Slovakia,199,703,2023,cattle,913600.0,114900.0,114900.0,429720.0,11.3751,1.2639,12.639,A,A,E,E,E,,,,A,,,
Slovakia,199,703,2020,goats,460.0,,,,,,,A,,,,,,,,,,,
Slovakia,199,703,2021,goats,330.0,,,,,,,A,,,,,,,,,,,
Slovakia,199,703,2022,goats,190.0,,20500.0,20500.0,0.1025,0.0027,0.10519999999999999,A,,A,E,E,,,,A,,,
Slovakia,199,703,2023,goats,250.0,,,,,,,A,,,,,,,,,,,
Slovakia,199,703,2020,sheep,11390.0,,294252.0,294252.0,2.354,0.0559,2.4099,A,,A,E,E,,,,A,,,
Slovakia,199,703,2021,sheep,11440.0,,290918.0,290918.0,2.3273,0.0553,2.3826,A,,A,E,E,,,,A,,,
Slovakia,199,703,2022,sheep,11670.0,,301130.0,301130.0,2.409,0.0572,2.4661999999999997,A,,A,E,E,,,,A,,,
Slovakia,199,703,2023,sheep,12210.0,,289849.0,289849.0,2.3188,0.0551,2.3739,A,,A,E,E,,,,A,,,
Slovenia,198,705,2020,cattle,630650.0,99210.0,99210.0,485610.0,11.6076,2.0834,13.690999999999999,A,A,E,E,E,,,,A,,,
Slovenia,198,705,2021,cattle,639930.0,100920.0,100920.0,482620.0,11.8076,2.1193,13.9269,A,A,E,E,E,,,,A,,,
Slovenia,198,705,2022,cattle,625350.0,93250.0,93250.0,464910.0,10.9102,1.9583,12.8685,A,A,E,E,E,,,,A,,,
Slovenia,198,705,2023,cattle,605290.0,94690.0,94690.0,456050.0,11.0787,1.9885,13.0672,A,A,E,E,E,,,,A,,,
Slovenia,198,705,2020,goats,2060.0,5417.0,25680.0,25680.0,0.1284,0.0033,0.13169999999999998,A,A,A,E,E,,,,A,,,
Slovenia,198,705,2021,goats,2360.0,5549.0,25684.0,25684.0,0.1284,0.0033,0.13169999999999998,A,A,A,E,E,,,,A,,,
Slovenia,198,705,2022,goats,2170.0,5154.0,25960.0,25960.0,0.1298,0.0034,0.13319999999999999,A,A,A,E,E,,,,A,,,
Slovenia,198,705,2023,goats,1710.0,4236.0,26824.0,26824.0,0.1341,0.0035,0.1376,A,A,A,E,E,,,,A,,,
Slovenia,198,705,2020,sheep,490.0,3655.0,113734.0,113734.0,0.9099,0.0216,0.9315,A,A,A,E,E,,,,A,,,
Slovenia,198,705,2021,sheep,650.0,4000.0,119267.0,119267.0,0.9541,0.0227,0.9768,A,A,A,E,E,,,,A,,,
Slovenia,198,705,2022,sheep,590.0,3740.0,117200.0,117200.0,0.9376,0.0223,0.9599,A,A,A,E,E,,,,A,,,
Slovenia,198,705,2023,sheep,760.0,4838.0,116323.0,116323.0,0.9306,0.0221,0.9527,A,A,A,E,E,,,,A,,,
Solomon Islands,25,090,2020,cattle,3026.25,2252.0,2269.0,15114.0,0.2042,0.0701,0.2743,I,I,E,E,E,,,,I,,,
Solomon Islands,25,090,2021,cattle,3047.68,2268.0,2275.0,15260.0,0.2047,0.0703,0.275,I,I,E,E,E,,,,I,,,
Solomon Islands,25,090,2022,cattle,3055.01,2273.0,2282.0,15296.0,0.2054,0.0705,0.2759,I,I,E,E,E,,,,I,,,
Solomon Islands,25,090,2023,cattle,3063.26,2279.0,2289.0,15338.0,0.206,0.0707,0.2767,I,I,E,E,E,,,,I,,,
Somalia,201,706,2020,camel,986195.2,2474671.0,7465453.0,7490891.0,343.4108,19.1116,362.5224,I,I,I,E,E,,,,I,,,
Somalia,201,706,2021,camel,989565.3,2483090.0,7484594.0,7515781.0,344.2913,19.1606,363.45189999999997,I,I,I,E,E,,,,I,,,
Somalia,201,706,2022,camel,992637.39,2490654.0,7514639.0,7537650.0,345.6734,19.2375,364.9109,I,I,I,E,E,,,,I,,,
Somalia,201,706,2023,camel,996469.74,2500383.0,7541593.0,7567111.0,346.9133,19.3065,366.21979999999996,I,I,I,E,E,,,,I,,,
Somalia,201,706,2020,cattle,455265.98,1177955.0,1185277.0,4778805.0,54.5227,1.1853,55.708,I,I,E,E,E,,,,I,,,
Somalia,201,706,2021,cattle,456409.3,1180777.0,1156769.0,4789380.0,53.2114,1.1568,54.368199999999995,I,I,E,E,E,,,,E,,,
Somalia,201,706,2022,cattle,456819.22,1181417.0,1135623.0,4789395.0,52.2387,1.1356,53.3743,I,I,E,E,E,,,,E,,,
Somalia,201,706,2023,cattle,456982.28,1181323.0,1131624.0,4785860.0,52.0547,1.1316,53.186299999999996,I,I,E,E,E,,,,E,,,
Somalia,201,706,2020,goats,382279.23,6378416.0,11546512.0,11670251.0,57.7326,2.5402,60.2728,I,I,I,E,E,,,,I,,,
Somalia,201,706,2021,goats,377339.73,6267468.0,11537677.0,11437018.0,57.6884,2.5383,60.2267,I,I,I,E,E,,,,I,,,
Somalia,201,706,2022,goats,376233.68,6240004.0,11500025.0,11374244.0,57.5001,2.53,60.030100000000004,I,I,I,E,E,,,,I,,,
Somalia,201,706,2023,goats,375718.76,6225382.0,11462373.0,11337673.0,57.3119,2.5217,59.833600000000004,I,I,I,E,E,,,,I,,,
Somalia,201,706,2020,sheep,386934.28,5818207.0,11131299.0,11124391.0,55.6565,2.2263,57.8828,I,I,I,E,E,,,,I,,,
Somalia,201,706,2021,sheep,373768.06,5559577.0,10945874.0,10565692.0,54.7294,2.1892,56.9186,I,I,I,E,E,,,,E,,,
Somalia,201,706,2022,sheep,355926.57,5214843.0,10543434.0,9828805.0,52.7172,2.1087,54.8259,I,I,I,E,E,,,,E,,,
Somalia,201,706,2023,sheep,334304.36,4804923.0,10333790.0,8962290.0,51.669,2.0668,53.7358,I,I,I,E,E,,,,E,,,
South Africa,202,710,2020,cattle,3853000.0,1001111.0,1001111.0,12297621.0,46.0511,1.0011,47.0522,A,E,E,E,E,,,,A,,,
South Africa,202,710,2021,cattle,3825000.0,1001481.0,1001481.0,12232115.0,46.0681,1.0015,47.0696,A,E,E,E,E,,,,A,,,
South Africa,202,710,2022,cattle,3764000.0,1001975.0,1001975.0,12196802.0,46.0909,1.002,47.0929,A,E,E,E,E,,,,A,,,
South Africa,202,710,2023,cattle,3810000.0,1001523.0,1001523.0,12198082.0,46.0701,1.0015,47.0716,A,E,E,E,E,,,,A,,,
South Sudan,277,728,2020,cattle,2452701.0,8429253.0,8429399.0,13784065.0,387.7524,8.4294,396.1818,A,I,E,E,E,,,,A,,,
South Sudan,277,728,2021,cattle,3057310.0,8339026.0,8339575.0,13612784.0,383.6205,8.3396,391.9601,A,I,E,E,E,,,,A,,,
South Sudan,277,728,2022,cattle,2791258.59,8361863.0,8362454.0,13645892.0,384.6729,8.3625,393.03540000000004,I,I,E,E,E,,,,I,,,
South Sudan,277,728,2023,cattle,2872794.77,8636714.0,8636823.0,14134585.0,397.2939,8.6368,405.9307,I,I,E,E,E,,,,I,,,
South Sudan,277,728,2020,goats,540067.47,8493014.0,17590326.0,17590326.0,87.9516,3.8699,91.8215,I,I,A,E,E,,,,A,,,
South Sudan,277,728,2021,goats,471180.5,7115332.0,14412722.0,14412722.0,72.0636,3.1708,75.2344,I,I,A,E,E,,,,A,,,
South Sudan,277,728,2022,goats,516441.93,8006888.0,16444483.0,16444483.0,82.2224,3.6178,85.8402,I,I,E,E,E,,,,E,,,
South Sudan,277,728,2023,goats,510463.31,7882892.0,16149177.0,16149177.0,80.7459,3.5528,84.29870000000001,I,I,E,E,E,,,,E,,,
South Sudan,277,728,2020,sheep,137922.35,6438585.0,14959238.0,14959238.0,74.7962,2.9918,77.788,I,I,A,E,E,,,,A,,,
South Sudan,277,728,2021,sheep,132452.16,6073185.0,13992944.0,13992944.0,69.9647,2.7986,72.76329999999999,I,I,A,E,E,,,,A,,,
South Sudan,277,728,2022,sheep,135873.61,6294715.0,14563459.0,14563459.0,72.8173,2.9127,75.73,I,I,E,E,E,,,,E,,,
South Sudan,277,728,2023,sheep,135646.43,6275863.0,14505214.0,14505214.0,72.5261,2.901,75.4271,I,I,E,E,E,,,,E,,,
Spain,203,724,2020,cattle,7606070.0,810740.0,810740.0,6636430.0,94.8566,22.1705,117.0271,A,A,E,E,E,,,,A,,,
Spain,203,724,2021,cattle,7623090.0,808860.0,808860.0,6576300.0,94.6366,22.1191,116.7557,A,A,E,E,E,,,,A,,,
Spain,203,724,2022,cattle,7454970.0,809990.0,809990.0,6455130.0,94.7688,22.15,116.9188,A,A,E,E,E,,,,A,,,
Spain,203,724,2023,cattle,7564500.0,785590.0,785590.0,6294640.0,91.914,21.4828,113.3968,A,A,E,E,E,,,,A,,,
Spain,203,724,2020,goats,523900.0,1890490.0,2651040.0,2651040.0,13.2552,0.3446,13.5998,A,A,A,E,E,,,,A,,,
Spain,203,724,2021,goats,519200.0,1859220.0,2589760.0,2589760.0,12.9488,0.3367,13.2855,A,A,A,E,E,,,,A,,,
Spain,203,724,2022,goats,482080.0,1795320.0,2463450.0,2463450.0,12.3172,0.3202,12.6374,A,A,A,E,E,,,,A,,,
Spain,203,724,2023,goats,470230.0,1670940.0,2293470.0,2293470.0,11.4673,0.2982,11.7655,A,A,A,E,E,,,,A,,,
Spain,203,724,2020,sheep,556250.0,2354800.0,15439220.0,15439220.0,123.5138,2.9335,126.4473,A,A,A,E,E,,,,A,,,
Spain,203,724,2021,sheep,560300.0,2269080.0,15081350.0,15081350.0,120.6508,2.8655,123.5163,A,A,A,E,E,,,,A,,,
Spain,203,724,2022,sheep,545950.0,2168020.0,14452590.0,14452590.0,115.6207,2.746,118.3667,A,A,A,E,E,,,,A,,,
Spain,203,724,2023,sheep,529900.0,2021580.0,13596560.0,13596560.0,108.7725,2.5833,111.35579999999999,A,A,A,E,E,,,,A,,,
Sri Lanka,38,144,2020,buffalo,80240.0,102050.0,323000.0,323000.0,17.765,1.615,19.38,A,A,A,E,E,,,,A,,,
Sri Lanka,38,144,2021,buffalo,90570.0,105600.0,333210.0,333210.0,18.3266,1.6661,19.9927,A,A,A,E,E,,,,A,,,
Sri Lanka,38,144,2022,buffalo,89870.0,101930.0,324870.0,324870.0,17.8679,1.6244,19.4923,A,A,A,E,E,,,,A,,,
Sri Lanka,38,144,2023,buffalo,95850.0,109050.0,327010.0,327010.0,17.9856,1.635,19.620600000000003,A,A,A,E,E,,,,A,,,
Sri Lanka,38,144,2020,cattle,426040.0,338350.0,338350.0,1103570.0,19.6243,1.961,21.5853,A,A,E,E,E,,,,A,,,
Sri Lanka,38,144,2021,cattle,438130.0,351410.0,351410.0,1131080.0,20.3818,2.0367,22.418499999999998,A,A,E,E,E,,,,A,,,
Sri Lanka,38,144,2022,cattle,431770.0,348380.0,348380.0,1127630.0,20.206,2.0192,22.2252,A,A,E,E,E,,,,A,,,
Sri Lanka,38,144,2023,cattle,423430.0,343350.0,343350.0,1122370.0,19.9143,1.99,21.9043,A,A,E,E,E,,,,A,,,
Sri Lanka,38,144,2020,goats,15540.09,140696.0,334430.0,334430.0,1.6722,0.0736,1.7458,I,I,A,E,E,,,,A,,,
Sri Lanka,38,144,2021,goats,16338.29,150441.0,361740.0,361740.0,1.8087,0.0796,1.8883,I,I,A,E,E,,,,A,,,
Sri Lanka,38,144,2022,goats,16466.44,151947.0,365790.0,365790.0,1.829,0.0805,1.9095,I,I,A,E,E,,,,A,,,
Sri Lanka,38,144,2023,goats,16045.75,146651.0,350550.0,350550.0,1.7528,0.0771,1.8298999999999999,I,I,A,E,E,,,,A,,,
Sudan,276,729,2020,camel,63016.39,1726047.0,4918109.0,4918109.0,226.233,12.5904,238.8234,A,A,A,E,E,,,,A,,,
Sudan,276,729,2021,camel,61241.72,1685381.0,4826209.0,4826472.0,222.0056,12.3551,234.36069999999998,I,I,I,E,E,,,,I,,,
Sudan,276,729,2022,camel,60306.34,1648184.0,4700000.0,4700000.0,216.2,12.032,228.232,I,I,X,E,E,,,,X,Unofficial figure,,
Sudan,276,729,2023,camel,60907.57,1670411.0,4770095.0,4770724.0,219.4244,12.2114,231.6358,I,I,I,E,E,,,,I,,,
Sudan,276,729,2020,cattle,3011178.41,8226490.0,8226490.0,31757266.0,378.4185,8.2265,386.645,A,A,E,E,E,,,,A,,,
Sudan,276,729,2021,cattle,2931661.21,8033957.0,8035436.0,31026579.0,369.6301,8.0354,377.6655,I,I,E,E,E,,,,I,,,
Sudan,276,729,2022,cattle,2867678.36,7831766.0,7833865.0,30100000.0,360.3578,7.8339,368.19169999999997,I,I,E,E,E,,,,X,Unofficial figure,,
Sudan,276,729,2023,cattle,2913791.8,7970785.0,7972931.0,30703980.0,366.7548,7.9729,374.72769999999997,I,I,E,E,E,,,,I,,,
Sudan,276,729,2020,goats,1165042.57,18209736.0,32228194.0,32228194.0,161.141,7.0902,168.2312,A,A,A,E,E,,,,A,,,
Sudan,276,729,2021,goats,1135943.95,18468166.0,31694446.0,31696449.0,158.4722,6.9728,165.445,I,I,I,E,E,,,,I,,,
Sudan,276,729,2022,goats,1119161.91,18110055.0,31000000.0,31000000.0,155.0,6.82,161.82,I,I,X,E,E,,,,X,Unofficial figure,,
Sudan,276,729,2023,goats,1130887.74,18343091.0,31416151.0,31422050.0,157.0808,6.9116,163.9924,I,I,I,E,E,,,,I,,,
Sudan,276,729,2020,sheep,416002.42,23156278.0,40946061.0,40946061.0,204.7303,8.1892,212.9195,A,A,A,E,E,,,,A,,,
Sudan,276,729,2021,sheep,408642.83,22669895.0,40502111.0,40501633.0,202.5106,8.1004,210.61100000000002,I,I,I,E,E,,,,I,,,
Sudan,276,729,2022,sheep,404396.12,22326361.0,39800000.0,39800000.0,199.0,7.96,206.96,I,I,X,E,E,,,,X,Unofficial figure,,
Sudan,276,729,2023,sheep,405926.34,22431674.0,39985834.0,39983729.0,199.9292,7.9972,207.9264,I,I,I,E,E,,,,I,,,
Suriname,207,740,2020,cattle,3020.0,1000.0,1000.0,36465.0,0.072,0.002,0.074,A,E,E,E,E,,,,A,,,
Suriname,207,740,2021,cattle,2501.0,1000.0,1000.0,35602.0,0.072,0.002,0.074,A,E,E,E,E,,,,A,,,
Suriname,207,740,2022,cattle,2839.67,1000.0,1000.0,33990.0,0.072,0.002,0.074,E,E,E,E,E,,,,A,,,
Suriname,207,740,2023,cattle,2786.89,1000.0,1000.0,32190.0,0.072,0.002,0.074,E,E,E,E,E,,,,I,,,
Sweden,210,752,2020,cattle,2772740.0,304400.0,304400.0,1390960.0,35.6148,6.3924,42.007200000000005,A,A,E,E,E,,,,A,,,
Sweden,210,752,2021,cattle,2782220.0,299600.0,299600.0,1389890.0,35.0532,6.2916,41.3448,A,A,E,E,E,,,,A,,,
Sweden,210,752,2022,cattle,2764840.0,297670.0,297670.0,1390550.0,34.8274,6.2511,41.0785,A,A,E,E,E,,,,A,,,
Sweden,210,752,2023,cattle,2818530.0,289000.0,289000.0,1369000.0,33.813,6.069,39.882000000000005,A,A,E,E,E,,,,A,,,
Switzerland,211,756,2020,cattle,3780500.0,540102.0,540102.0,1515123.0,63.1919,11.3421,74.53399999999999,A,A,E,E,E,,,,A,,,
Switzerland,211,756,2021,cattle,3811500.0,538746.0,538746.0,1513701.0,63.0333,11.3137,74.347,A,A,E,E,E,,,,A,,,
Switzerland,211,756,2022,cattle,3711977.77,531785.0,531785.0,1525270.0,62.2188,11.1675,73.3863,A,A,E,E,E,,,,A,,,
Switzerland,211,756,2023,cattle,3739080.75,524051.0,524051.0,1528595.0,61.314,11.0051,72.3191,A,A,E,E,E,,,,A,,,
Switzerland,211,756,2020,goats,22800.0,36137.0,79562.0,79562.0,0.3978,0.0103,0.40809999999999996,A,A,A,E,E,,,,A,,,
Switzerland,211,756,2021,goats,22300.0,35362.0,82045.0,82045.0,0.4102,0.0107,0.4209,A,A,A,E,E,,,,A,,,
Switzerland,211,756,2022,goats,22186.0,35216.0,82313.0,82313.0,0.4116,0.0107,0.4223,A,A,A,E,E,,,,A,,,
Switzerland,211,756,2023,goats,21562.0,34225.0,81256.0,81256.0,0.4063,0.0106,0.4169,A,A,A,E,E,,,,A,,,
Switzerland,211,756,2020,sheep,6200.0,13816.0,343528.0,343528.0,2.7482,0.0653,2.8135000000000003,A,A,A,E,E,,,,A,,,
Switzerland,211,756,2021,sheep,6400.0,14232.0,349112.0,349112.0,2.7929,0.0663,2.8592,A,A,A,E,E,,,,A,,,
Switzerland,211,756,2022,sheep,6648.0,14774.0,355893.0,355893.0,2.8471,0.0676,2.9147000000000003,A,A,A,E,E,,,,A,,,
Switzerland,211,756,2023,sheep,6577.0,14616.0,362375.0,362375.0,2.899,0.0689,2.9679,A,A,A,E,E,,,,A,,,
Syrian Arab Republic,212,760,2020,buffalo,6868.0,4051.0,7179.0,7179.0,0.3948,0.0359,0.43069999999999997,A,A,A,E,E,,,,A,,,
Syrian Arab Republic,212,760,2021,buffalo,6674.0,3765.0,6432.0,6432.0,0.3538,0.0322,0.386,A,A,A,E,E,,,,A,,,
Syrian Arab Republic,212,760,2022,buffalo,4900.0,3134.0,6564.0,6564.0,0.361,0.0328,0.3938,A,A,A,E,E,,,,A,,,
Syrian Arab Republic,212,760,2023,buffalo,4790.0,3134.0,6502.0,6502.0,0.3576,0.0325,0.3901,A,A,A,E,E,,,,A,,,
Syrian Arab Republic,212,760,2020,cattle,1309869.88,513543.0,513543.0,884572.0,23.623,1.0271,24.650100000000002,A,A,E,E,E,,,,A,,,
Syrian Arab Republic,212,760,2021,cattle,1235972.94,501800.0,501800.0,872307.0,23.0828,1.0036,24.086399999999998,A,A,E,E,E,,,,A,,,
Syrian Arab Republic,212,760,2022,cattle,1204273.0,484281.0,484281.0,852719.0,22.2769,0.9686,23.2455,A,A,E,E,E,,,,A,,,
Syrian Arab Republic,212,760,2023,cattle,1189428.0,471030.0,471030.0,841437.0,21.6674,0.9421,22.6095,A,A,E,E,E,,,,A,,,
Syrian Arab Republic,212,760,2020,goats,131424.54,1345722.0,1995923.0,1995923.0,9.9796,0.3393,10.3189,A,A,A,E,E,,,,A,,,
Syrian Arab Republic,212,760,2021,goats,104601.49,1275317.0,1906542.0,1906542.0,9.5327,0.3241,9.8568,A,A,A,E,E,,,,A,,,
Syrian Arab Republic,212,760,2022,goats,113843.0,1374641.0,2028594.0,2028594.0,10.143,0.3449,10.4879,A,A,A,E,E,,,,A,,,
Syrian Arab Republic,212,760,2023,goats,130047.0,1486644.0,2192379.0,2192379.0,10.9619,0.3727,11.3346,A,A,A,E,E,,,,A,,,
Syrian Arab Republic,212,760,2020,sheep,705582.45,10539397.0,16073088.0,16073088.0,80.3654,2.411,82.7764,A,A,A,E,E,,,,A,,,
Syrian Arab Republic,212,760,2021,sheep,703350.57,11049884.0,16783185.0,16783185.0,83.9159,2.5175,86.43339999999999,A,A,A,E,E,,,,A,,,
Syrian Arab Republic,212,760,2022,sheep,706823.0,11941775.0,17847163.0,17847163.0,89.2358,2.6771,91.9129,A,A,A,E,E,,,,A,,,
Syrian Arab Republic,212,760,2023,sheep,741976.0,12515584.0,18569178.0,18569178.0,92.8459,2.7854,95.6313,A,A,A,E,E,,,,A,,,
Tajikistan,208,762,2020,cattle,1020900.0,1245000.0,1245000.0,2392000.0,84.66,11.205,95.865,A,A,E,E,E,,,,A,,,
Tajikistan,208,762,2021,cattle,1042600.0,1291000.0,1291000.0,2468000.0,87.788,11.619,99.407,A,A,E,E,E,,,,A,,,
Tajikistan,208,762,2022,cattle,1064200.0,1325000.0,1325000.0,2554000.0,90.1,11.925,102.02499999999999,A,A,E,E,E,,,,A,,,
Tajikistan,208,762,2023,cattle,1118500.0,1409400.0,1178819.0,2685900.0,80.1597,10.6094,90.76910000000001,A,A,E,E,E,,,,A,,,
Tajikistan,208,762,2020,goats,53471.64,214735.0,1951663.0,1973000.0,9.7583,0.2147,9.973,I,I,I,E,E,,,,A,,,
Tajikistan,208,762,2021,goats,54622.67,220294.0,2044949.0,2038000.0,10.2247,0.2249,10.4496,I,I,I,E,E,,,,A,,,
Tajikistan,208,762,2022,goats,55598.76,225007.0,2071254.0,2093200.0,10.3563,0.2278,10.5841,I,I,I,E,E,,,,A,,,
Tajikistan,208,762,2023,goats,57016.2,231930.0,2098547.0,2175500.0,10.4927,0.2308,10.7235,I,I,I,E,E,,,,A,,,
Thailand,216,764,2020,cattle,1317000.0,271033.0,271033.0,4557716.0,18.4302,7.8941,26.3243,A,E,E,E,E,,,,I,,,
Thailand,216,764,2021,cattle,1296000.0,275311.0,275311.0,4445086.0,18.7211,8.0187,26.739800000000002,A,E,E,E,E,,,,I,,,
Thailand,216,764,2022,cattle,1222000.0,275715.0,275715.0,4503210.0,18.7486,8.0304,26.779,A,E,E,E,E,,,,E,,,
Thailand,216,764,2023,cattle,1278333.33,274020.0,274020.0,4405006.0,18.6334,7.9811,26.6145,E,E,E,E,E,,,,E,,,
Timor-Leste,176,626,2020,goats,6058.78,44950.0,191466.0,191390.0,0.9573,0.0325,0.9898,I,I,I,E,E,,,,I,,,
Timor-Leste,176,626,2021,goats,6324.41,47634.0,205801.0,205801.0,1.029,0.035,1.0639999999999998,I,I,A,E,E,,,,A,,,
Timor-Leste,176,626,2022,goats,6492.4,49340.0,215525.0,215016.0,1.0776,0.0366,1.1141999999999999,I,I,I,E,E,,,,I,,,
Timor-Leste,176,626,2023,goats,5460.23,38932.0,170393.0,159275.0,0.852,0.029,0.881,I,I,I,E,E,,,,I,,,
Togo,217,768,2020,cattle,11762.0,65825.0,65763.0,464299.0,3.0251,0.0658,3.0909,A,I,E,E,E,,,,A,,,
Togo,217,768,2021,cattle,11880.0,66365.0,66302.0,468942.0,3.0499,0.0663,3.1162,A,I,E,E,E,,,,A,,,
Togo,217,768,2022,cattle,12058.0,66909.0,66845.0,473632.0,3.0749,0.0668,3.1417,A,I,E,E,E,,,,A,,,
Togo,217,768,2023,cattle,12837.93,67406.0,66377.0,477885.0,3.0533,0.0664,3.1197,I,I,E,E,E,,,,I,,,
Tonga,219,776,2020,cattle,322.85,207.0,207.0,12048.0,0.0186,0.0062,0.0248,I,I,E,E,E,,,,I,,,
Tonga,219,776,2021,cattle,324.36,207.0,207.0,12157.0,0.0186,0.0062,0.0248,I,I,E,E,E,,,,I,,,
Tonga,219,776,2022,cattle,324.56,208.0,207.0,12148.0,0.0186,0.0062,0.0248,I,I,E,E,E,,,,I,,,
Tonga,219,776,2023,cattle,325.13,208.0,208.0,12172.0,0.0187,0.0062,0.024900000000000002,I,I,E,E,E,,,,I,,,
Trinidad and Tobago,220,780,2020,cattle,2184.0,5000.0,7244.0,34769.0,0.5216,0.0145,0.5360999999999999,A,E,E,E,E,,,,I,,,
Trinidad and Tobago,220,780,2021,cattle,1708.0,4000.0,7226.0,34800.0,0.5203,0.0145,0.5347999999999999,A,E,E,E,E,,,,I,,,
Trinidad and Tobago,220,780,2022,cattle,1394.0,3300.0,7068.0,34848.0,0.5089,0.0141,0.523,A,E,E,E,E,,,,I,,,
Trinidad and Tobago,220,780,2023,cattle,1441.0,3400.0,7179.0,35095.0,0.5169,0.0144,0.5313,A,E,E,E,E,,,,I,,,
Tunisia,222,788,2020,camel,1103.66,3638.0,238383.0,238327.0,10.9656,0.4577,11.423300000000001,I,I,I,E,E,,,,I,,,
Tunisia,222,788,2021,camel,1105.02,3642.0,238592.0,238554.0,10.9752,0.4581,11.4333,I,I,I,E,E,,,,I,,,
Tunisia,222,788,2022,camel,1106.25,3645.0,238817.0,238709.0,10.9856,0.4585,11.4441,I,I,I,E,E,,,,I,,,
Tunisia,222,788,2023,camel,1107.54,3649.0,239042.0,238893.0,10.9959,0.459,11.4549,I,I,I,E,E,,,,I,,,
Tunisia,222,788,2020,cattle,1379000.0,383182.0,429703.0,535032.0,19.7663,0.4297,20.196,E,I,E,E,E,,,,I,,,
Tunisia,222,788,2021,cattle,1405000.0,384050.0,420429.0,536067.0,19.3397,0.4204,19.7601,E,I,E,E,E,,,,I,,,
Tunisia,222,788,2022,cattle,1377333.33,358250.0,413871.0,495566.0,19.0381,0.4139,19.452,E,I,E,E,E,,,,I,,,
Tunisia,222,788,2023,cattle,1387111.11,373976.0,415228.0,519700.0,19.1005,0.4152,19.5157,E,I,E,E,E,,,,E,,,
Tunisia,222,788,2020,goats,11623.94,411917.0,1201799.0,1199120.0,6.009,0.2043,6.2133,I,I,I,E,E,,,,I,,,
Tunisia,222,788,2021,goats,11383.14,398750.0,1177646.0,1153201.0,5.8882,0.2002,6.0884,I,I,I,E,E,,,,I,,,
Tunisia,222,788,2022,goats,11201.93,388883.0,1164284.0,1118828.0,5.8214,0.1979,6.019299999999999,I,I,I,E,E,,,,I,,,
Tunisia,222,788,2023,goats,11421.81,400293.0,1151380.0,1157002.0,5.7569,0.1957,5.9526,I,I,I,E,E,,,,E,,,
Tunisia,222,788,2020,sheep,21000.0,280000.0,6354202.0,6506843.0,31.771,0.9531,32.7241,E,E,I,E,E,,,,I,,,
Tunisia,222,788,2021,sheep,25000.0,263287.0,6216371.0,6375072.0,31.0819,0.9325,32.0144,E,I,I,E,E,,,,I,,,
Tunisia,222,788,2022,sheep,22666.67,259250.0,6138585.0,6236361.0,30.6929,0.9208,31.6137,E,I,I,E,E,,,,I,,,
Tunisia,222,788,2023,sheep,22888.89,257239.0,6236386.0,6165352.0,31.1819,0.9355,32.117399999999996,E,I,E,E,E,,,,I,,,
Turkmenistan,213,795,2020,camel,12140.41,134000.0,140350.0,140350.0,6.4561,0.1809,6.6370000000000005,A,E,A,E,E,,,,A,,,
Turkmenistan,213,795,2021,camel,12428.08,134000.0,140913.0,140913.0,6.482,0.1816,6.663600000000001,A,E,A,E,E,,,,A,,,
Turkmenistan,213,795,2022,camel,10400.49,124560.0,141654.0,141654.0,6.5161,0.1826,6.6987,A,I,A,E,E,,,,A,,,
Turkmenistan,213,795,2023,camel,10401.0,125340.0,142558.0,142558.0,6.5577,0.1837,6.7414,A,I,A,E,E,,,,A,,,
Turkmenistan,213,795,2020,cattle,2440618.42,1162000.0,1162000.0,2498583.0,79.016,13.9599,92.97590000000001,A,E,E,E,E,,,,A,,,
Turkmenistan,213,795,2021,cattle,2460145.97,1162000.0,1162000.0,2513950.0,79.016,13.9599,92.97590000000001,A,E,E,E,E,,,,A,,,
Turkmenistan,213,795,2022,cattle,2478325.45,1166000.0,1103592.0,2522407.0,75.0443,13.2582,88.30250000000001,A,E,E,E,E,,,,A,,,
Turkmenistan,213,795,2023,cattle,2589106.85,1175000.0,1111618.0,2541931.0,75.59,13.3546,88.94460000000001,A,E,E,E,E,,,,A,,,
Turkmenistan,213,795,2020,goats,11091.1,1024701.0,4683497.0,4683497.0,23.4175,0.519,23.9365,A,I,A,E,E,,,,A,,,
Turkmenistan,213,795,2021,goats,12515.3,1028189.0,4699654.0,4699654.0,23.4983,0.5208,24.0191,A,I,A,E,E,,,,A,,,
Turkmenistan,213,795,2022,goats,9724.0,1025180.0,4680048.0,4680048.0,23.4002,0.5186,23.9188,A,I,A,E,E,,,,A,,,
Turkmenistan,213,795,2023,goats,9734.0,1062527.0,4883012.0,4883012.0,24.4151,0.5411,24.9562,A,I,A,E,E,,,,A,,,
Türkiye,223,792,2020,buffalo,63766.74,82244.0,192489.0,192489.0,10.5869,0.77,11.3569,A,I,A,E,E,,,,A,,,
Türkiye,223,792,2021,buffalo,63642.85,79796.0,185574.0,185574.0,10.2066,0.7423,10.9489,A,I,A,E,E,,,,A,,,
Türkiye,223,792,2022,buffalo,43588.65,74840.0,171835.0,171835.0,9.4509,0.6873,10.138200000000001,A,I,A,E,E,,,,A,,,
Türkiye,223,792,2023,buffalo,43024.89,71169.0,161749.0,161749.0,8.8962,0.647,9.5432,A,I,A,E,E,,,,A,,,
Türkiye,223,792,2020,cattle,21749341.68,6309235.0,7539143.0,17965482.0,346.8006,15.0783,361.8789,A,E,E,E,E,,,,A,,,
Türkiye,223,792,2021,cattle,21370116.34,6422632.0,7500846.0,17850543.0,345.0389,15.0017,360.04060000000004,A,E,E,E,E,,,,A,,,
Türkiye,223,792,2022,cattle,19912135.38,6235000.0,7134109.0,16851956.0,328.169,14.2682,342.43719999999996,A,E,E,E,E,,,,A,,,
Türkiye,223,792,2023,cattle,19961908.41,6076000.0,6977217.0,16421256.0,320.952,13.9544,334.9064,A,E,E,E,E,,,,A,,,
Türkiye,223,792,2020,goats,589616.99,5332005.0,11985845.0,11985845.0,59.9292,1.3184,61.2476,A,I,A,E,E,,,,A,,,
Türkiye,223,792,2021,goats,622785.22,5474501.0,12341514.0,12341514.0,61.7076,1.3576,63.0652,A,I,A,E,E,,,,A,,,
Türkiye,223,792,2022,goats,540425.93,5176920.0,11577862.0,11577862.0,57.8893,1.2736,59.1629,A,I,A,E,E,,,,A,,,
Türkiye,223,792,2023,goats,543058.01,4672433.0,10302940.0,10302940.0,51.5147,1.1333,52.647999999999996,A,I,A,E,E,,,,A,,,
Türkiye,223,792,2020,sheep,1101065.07,20525875.0,42126781.0,42126781.0,210.6339,4.2127,214.84660000000002,A,I,A,E,E,,,,A,,,
Türkiye,223,792,2021,sheep,1143761.69,19125388.0,45177690.0,45177690.0,225.8885,4.5178,230.4063,A,E,A,E,E,,,,A,,,
Türkiye,223,792,2022,sheep,1067342.14,19227422.0,44687888.0,44687888.0,223.4394,4.4688,227.9082,A,E,A,E,E,,,,A,,,
Türkiye,223,792,2023,sheep,933575.73,20530082.0,42060470.0,42060470.0,210.3023,4.206,214.5083,A,I,A,E,E,,,,A,,,
Uganda,226,800,2020,cattle,2781000.0,3879852.0,3875505.0,14918000.0,178.2732,3.8755,182.1487,A,I,E,E,E,,,,A,,,
Uganda,226,800,2021,cattle,2894300.0,3789023.0,3912555.0,14500000.0,179.9775,3.9126,183.8901,A,I,E,E,E,,,,A,,,
Uganda,226,800,2022,cattle,3296000.0,3797943.0,3926878.0,14530855.0,180.6364,3.9269,184.5633,A,I,E,E,E,,,,A,,,
Uganda,226,800,2023,cattle,3850000.0,3830000.0,3909343.0,14614315.0,179.8298,3.9093,183.7391,A,E,E,E,E,,,,A,,,
Ukraine,230,804,2020,cattle,9057900.0,1765600.0,1765600.0,3092000.0,174.7944,19.4216,194.216,A,A,E,E,E,,,,A,,,
Ukraine,230,804,2021,cattle,8516500.0,1651900.0,1651900.0,2874000.0,163.5381,18.1709,181.70899999999997,A,A,E,E,E,,,,A,,,
Ukraine,230,804,2022,cattle,7595600.0,1483800.0,1483800.0,2644000.0,146.8962,16.3218,163.218,A,A,E,E,E,,,,A,,,
Ukraine,230,804,2023,cattle,7267100.0,1327100.0,1327100.0,2307000.0,131.3829,14.5981,145.981,A,A,E,E,E,,,,A,,,
Ukraine,230,804,2020,goats,191000.0,408300.0,545700.0,545700.0,2.7285,0.0709,2.7994,A,A,A,E,E,,,,A,,,
Ukraine,230,804,2021,goats,182500.0,374900.0,519400.0,519400.0,2.597,0.0675,2.6645,A,A,A,E,E,,,,A,,,
Ukraine,230,804,2022,goats,159600.0,368900.0,487200.0,487200.0,2.436,0.0633,2.4993,A,A,A,E,E,,,,A,,,
Ukraine,230,804,2023,goats,151800.0,359600.0,422800.0,422800.0,2.114,0.055,2.169,A,A,A,E,E,,,,A,,,
Ukraine,230,804,2020,sheep,14700.0,277900.0,658800.0,658800.0,5.2704,0.1252,5.395600000000001,A,A,A,E,E,,,,A,,,
Ukraine,230,804,2021,sheep,14900.0,263400.0,621000.0,621000.0,4.968,0.118,5.086,A,A,A,E,E,,,,A,,,
Ukraine,230,804,2022,sheep,12400.0,252700.0,607100.0,607100.0,4.8568,0.1153,4.9721,A,A,A,E,E,,,,A,,,
Ukraine,230,804,2023,sheep,11500.0,219300.0,518600.0,518600.0,4.1488,0.0985,4.247299999999999,A,A,A,E,E,,,,A,,,
United Arab Emirates,225,784,2020,camel,85420.0,360000.0,497524.0,497524.0,22.8861,1.2737,24.1598,E,E,A,E,E,,,,A,,,
United Arab Emirates,225,784,2021,camel,97000.0,324066.0,549458.0,549458.0,25.2751,1.4066,26.6817,E,I,A,E,E,,,,A,,,
United Arab Emirates,225,784,2022,camel,85683.33,334611.0,569527.0,569527.0,26.1982,1.458,27.6562,E,I,A,E,E,,,,A,,,
United Arab Emirates,225,784,2023,camel,89367.78,347022.0,579600.0,593294.0,26.6616,1.4838,28.1454,E,I,I,E,E,,,,A,,,
United Arab Emirates,225,784,2020,cattle,55900.0,44000.0,44000.0,103102.0,2.024,0.132,2.156,E,E,E,E,E,,,,A,,,
United Arab Emirates,225,784,2021,cattle,58000.0,45342.0,45311.0,112370.0,2.0843,0.1359,2.2201999999999997,E,I,E,E,E,,,,A,,,
United Arab Emirates,225,784,2022,cattle,54940.0,44807.0,44779.0,110698.0,2.0598,0.1343,2.1941,E,I,E,E,E,,,,A,,,
United Arab Emirates,225,784,2023,cattle,56280.0,46831.0,44540.0,116687.0,2.0488,0.1336,2.1824,E,I,E,E,E,,,,A,,,
United Arab Emirates,225,784,2020,goats,81590.0,890000.0,2399264.0,2399264.0,11.9963,0.5278,12.5241,E,E,A,E,E,,,,A,,,
United Arab Emirates,225,784,2021,goats,93000.0,824711.0,2294115.0,2294115.0,11.4706,0.5047,11.975299999999999,E,I,A,E,E,,,,A,,,
United Arab Emirates,225,784,2022,goats,82600.0,807211.0,2235919.0,2235919.0,11.1796,0.4919,11.6715,E,I,A,E,E,,,,A,,,
United Arab Emirates,225,784,2023,goats,85730.0,796172.0,2309766.0,2198842.0,11.5488,0.5081,12.0569,E,I,E,E,E,,,,A,,,
United Arab Emirates,225,784,2020,sheep,34190.0,580000.0,2054572.0,2054572.0,10.2729,0.4109,10.6838,E,E,A,E,E,,,,A,,,
United Arab Emirates,225,784,2021,sheep,37000.0,533035.0,2064405.0,2064405.0,10.322,0.4129,10.7349,E,I,A,E,E,,,,A,,,
United Arab Emirates,225,784,2022,sheep,34206.67,534960.0,2072026.0,2072026.0,10.3601,0.4144,10.7745,E,I,A,E,E,,,,A,,,
United Arab Emirates,225,784,2023,sheep,35132.22,530234.0,2063668.0,2048711.0,10.3183,0.4127,10.731,E,I,E,E,E,,,,A,,,
United Kingdom of Great Britain and Northern Ireland,229,826,2020,cattle,15685870.0,1856000.0,1856000.0,9615000.0,217.152,38.976,256.128,A,A,E,E,E,,,,A,,,
United Kingdom of Great Britain and Northern Ireland,229,826,2021,cattle,15890600.0,1877600.0,1877600.0,9603000.0,219.6792,39.4296,259.10880000000003,A,A,E,E,E,,,,A,,,
United Kingdom of Great Britain and Northern Ireland,229,826,2022,cattle,15757400.0,1877000.0,1877000.0,9631892.0,219.609,39.417,259.026,A,A,E,E,E,,,,A,,,
United Kingdom of Great Britain and Northern Ireland,229,826,2023,cattle,15759500.0,1861500.0,1861500.0,9555426.0,217.7955,39.0915,256.887,A,A,E,E,E,,,,A,,,
United Republic of Tanzania,215,834,2020,cattle,3194426.0,7075884.0,8178270.0,33615796.0,376.2004,8.1783,384.3787,A,E,E,E,E,,,,I,,,
United Republic of Tanzania,215,834,2021,cattle,3551514.0,7135100.0,8519235.0,35256637.0,391.8848,8.5192,400.404,A,E,E,E,E,,,,A,,,
United Republic of Tanzania,215,834,2022,cattle,3708000.0,7168528.0,8797275.0,36584883.0,404.6746,8.7973,413.4719,A,E,E,E,E,,,,A,,,
United Republic of Tanzania,215,834,2023,cattle,4055222.0,7126504.0,9074170.0,37913129.0,417.4118,9.0742,426.48600000000005,A,E,E,E,E,,,,A,,,
United Republic of Tanzania,215,834,2020,goats,241732.5,4530293.0,24305431.0,24311738.0,121.5272,4.1319,125.6591,I,I,I,E,E,,,,I,,,
United Republic of Tanzania,215,834,2021,goats,249776.4,4729001.0,25574446.0,25574446.0,127.8722,4.3477,132.2199,I,I,A,E,E,,,,A,,,
United Republic of Tanzania,215,834,2022,goats,256135.89,4886879.0,26580497.0,26580497.0,132.9025,4.5187,137.4212,I,I,A,E,E,,,,A,,,
United Republic of Tanzania,215,834,2023,goats,262420.17,5043970.0,27586547.0,27586547.0,137.9327,4.6897,142.6224,I,I,A,E,E,,,,A,,,
United States of America,231,840,2020,cattle,101291379.0,9342600.0,9342600.0,93793300.0,1195.8528,448.4448,1644.2975999999999,A,A,E,E,E,,,,A,,,
United States of America,231,840,2021,cattle,102619953.0,9450400.0,9450400.0,93586500.0,1209.6512,453.6192,1663.2703999999999,A,A,E,E,E,,,,A,,,
United States of America,231,840,2022,cattle,102700692.0,9381000.0,9381000.0,91788700.0,1200.768,450.288,1651.056,A,A,E,E,E,,,,A,,,
United States of America,231,840,2023,cattle,102653065.0,9397500.0,9397500.0,88841000.0,1202.88,451.08,1653.96,A,A,E,E,E,,,,A,,,
United States of America,231,840,2020,goats,26373.06,262559.0,2655000.0,2655000.0,13.275,0.3452,13.6202,I,I,A,E,E,,,,A,,,
United States of America,231,840,2021,goats,26113.7,258960.0,2606000.0,2606000.0,13.03,0.3388,13.3688,I,I,A,E,E,,,,A,,,
United States of America,231,840,2022,goats,25927.14,256339.0,2570000.0,2570000.0,12.85,0.3341,13.184099999999999,I,I,A,E,E,,,,A,,,
United States of America,231,840,2023,goats,25698.09,253167.0,2527000.0,2527000.0,12.635,0.3285,12.9635,I,I,A,E,E,,,,A,,,
Uruguay,234,858,2020,cattle,2271150.0,749000.0,749000.0,11182000.0,53.928,0.749,54.677,A,A,E,E,E,,,,A,,,
Uruguay,234,858,2021,cattle,2342220.0,712000.0,712000.0,11910000.0,51.264,0.712,51.976000000000006,A,A,E,E,E,,,,A,,,
Uruguay,234,858,2022,cattle,2286703.0,682000.0,682000.0,11572000.0,49.104,0.682,49.786,A,A,E,E,E,,,,A,,,
Uruguay,234,858,2023,cattle,2177420.0,693000.0,693000.0,11877000.0,49.896,0.693,50.589,A,A,E,E,E,,,,A,,,
Uzbekistan,235,860,2020,cattle,10930078.0,5205000.0,5205000.0,13154200.0,353.94,56.4006,410.3406,A,E,E,E,E,,,,A,,,
Uzbekistan,235,860,2021,cattle,11242745.0,5354000.0,5354000.0,13544400.0,364.072,58.0151,422.0871,A,E,E,E,E,,,,A,,,
Uzbekistan,235,860,2022,cattle,11599137.0,5523000.0,5523000.0,13853517.0,375.564,59.8464,435.41040000000004,A,E,E,E,E,,,,A,,,
Uzbekistan,235,860,2023,cattle,11943952.0,5688000.0,5688000.0,14142239.0,386.784,61.6343,448.4183,A,E,E,E,E,,,,A,,,
Vanuatu,155,548,2020,cattle,2318.87,10015.0,10006.0,89439.0,0.9005,0.3001,1.2006,I,I,E,E,E,,,,I,,,
Vanuatu,155,548,2021,cattle,2320.41,10018.0,10011.0,89411.0,0.901,0.3003,1.2013,I,I,E,E,E,,,,I,,,
Vanuatu,155,548,2022,cattle,3091.56,14696.0,14696.0,89131.0,1.3226,0.4408,1.7634,I,A,E,E,E,,,,A,,,
Vanuatu,155,548,2023,cattle,3100.0,14700.0,10224.0,88793.0,0.9202,0.3067,1.2269,E,E,E,E,E,,,,I,,,
Venezuela (Bolivarian Republic of),236,862,2020,buffalo,230000.0,220000.0,,990000.0,,,,E,E,,,,,,,E,,,
Venezuela (Bolivarian Republic of),236,862,2021,buffalo,290000.0,270000.0,,1138864.0,,,,E,E,,,,,,,A,,,
Venezuela (Bolivarian Republic of),236,862,2022,buffalo,405047.0,390000.0,,1925443.0,,,,A,E,,,,,,,A,,,
Venezuela (Bolivarian Republic of),236,862,2023,buffalo,433008.0,417000.0,,2012704.0,,,,A,E,,,,,,,A,,,
Venezuela (Bolivarian Republic of),236,862,2020,cattle,2762114.0,2350700.0,3301384.0,16055171.0,237.6996,6.3867,244.0863,A,E,E,E,E,,,,A,,,
Venezuela (Bolivarian Republic of),236,862,2021,cattle,3195461.0,2429674.0,2603932.0,16668751.0,187.4831,5.0374,192.5205,A,A,E,E,E,,,,A,,,
Venezuela (Bolivarian Republic of),236,862,2022,cattle,3305125.0,2513059.0,2730376.0,17446122.0,196.5871,5.282,201.8691,A,A,E,E,E,,,,A,,,
Venezuela (Bolivarian Republic of),236,862,2023,cattle,3422747.0,2602493.0,2878564.0,16210903.0,207.2566,5.5687,212.8253,A,A,E,E,E,,,,A,,,
Venezuela (Bolivarian Republic of),236,862,2020,goats,322108.78,416838.0,1584917.0,1584917.0,7.9246,0.3435,8.2681,I,I,A,E,E,,,,A,,,
Venezuela (Bolivarian Republic of),236,862,2021,goats,325553.7,421524.0,1588421.0,1605360.0,7.9421,0.3443,8.2864,I,I,I,E,E,,,,I,,,
Venezuela (Bolivarian Republic of),236,862,2022,goats,303497.0,375259.0,1285564.0,1394657.0,6.4278,0.2786,6.7064,A,I,I,E,E,,,,I,,,
Venezuela (Bolivarian Republic of),236,862,2023,goats,314442.0,367829.0,1196167.0,1360576.0,5.9808,0.2592,6.24,A,I,I,E,E,,,,I,,,
Viet Nam,237,704,2020,buffalo,27107.5,26945.0,2332754.0,2332754.0,128.3015,4.6655,132.967,I,I,A,E,E,,,,A,,,
Viet Nam,237,704,2021,buffalo,26666.49,26455.0,2262852.0,2262852.0,124.4569,4.5257,128.9826,I,I,A,E,E,,,,A,,,
Viet Nam,237,704,2022,buffalo,26477.18,26238.0,2231105.0,2231105.0,122.7108,4.4622,127.173,I,I,A,E,E,,,,A,,,
Viet Nam,237,704,2023,buffalo,25852.36,25551.0,2136009.0,2136009.0,117.4805,4.272,121.75250000000001,I,I,A,E,E,,,,A,,,
Viet Nam,237,704,2020,cattle,1080780.0,331368.0,331368.0,6230519.0,22.533,8.2541,30.787100000000002,A,A,E,E,E,,,,A,,,
Viet Nam,237,704,2021,cattle,1102920.0,336000.0,313568.0,6333344.0,21.3226,7.8107,29.133300000000002,A,E,E,E,E,,,,A,,,
Viet Nam,237,704,2022,cattle,1158440.0,337000.0,319963.0,6353079.0,21.7575,7.97,29.7275,A,E,E,E,E,,,,A,,,
Viet Nam,237,704,2023,cattle,1220494.0,335500.0,321633.0,6331895.0,21.871,8.0116,29.882599999999996,A,E,E,E,E,,,,A,,,
Yemen,249,887,2020,camel,3055.85,120410.0,448892.0,448892.0,20.649,0.8903,21.5393,X,I,A,E,E,Unofficial figure,,,X,Unofficial figure,,
Yemen,249,887,2021,camel,3208.64,122436.0,457870.0,457870.0,21.062,0.9081,21.970100000000002,X,I,A,E,E,Unofficial figure,,,X,Unofficial figure,,
Yemen,249,887,2022,camel,3369.0,124496.0,463406.0,467030.0,21.3167,0.9191,22.2358,X,I,I,E,E,Unofficial figure,,,X,Unofficial figure,,
Yemen,249,887,2023,camel,3480.0,123636.0,459437.0,462771.0,21.1341,0.9113,22.0454,X,I,I,E,E,Unofficial figure,,,X,Unofficial figure,,
Yemen,249,887,2020,cattle,246229.9,423491.0,423329.0,1835801.0,19.4731,0.8467,20.319799999999997,X,I,E,E,E,Unofficial figure,,,X,Unofficial figure,,
Yemen,249,887,2021,cattle,258541.39,430680.0,430500.0,1872516.0,19.803,0.861,20.664,X,I,E,E,E,Unofficial figure,,,X,Unofficial figure,,
Yemen,249,887,2022,cattle,271468.0,399788.0,430031.0,1909204.0,19.7814,0.8601,20.6415,X,E,E,E,E,Unofficial figure,,,X,Unofficial figure,,
Yemen,249,887,2023,cattle,276409.0,393139.0,431906.0,1971872.0,19.8677,0.8638,20.7315,X,E,E,E,E,Unofficial figure,,,X,Unofficial figure,,
Yemen,249,887,2020,goats,76791.4,1691751.0,9562880.0,9562880.0,47.8144,1.6731,49.4875,X,I,A,E,E,Unofficial figure,,,X,Unofficial figure,,
Yemen,249,887,2021,goats,80630.97,1762140.0,10041023.0,10041023.0,50.2051,1.7567,51.961800000000004,X,I,A,E,E,Unofficial figure,,,X,Unofficial figure,,
Yemen,249,887,2022,goats,84663.0,1799866.0,10283574.0,10295620.0,51.4179,1.7991,53.217000000000006,X,I,I,E,E,Unofficial figure,,,X,Unofficial figure,,
Yemen,249,887,2023,goats,86653.0,1803469.0,9984795.0,10313872.0,49.924,1.7469,51.670899999999996,X,I,I,E,E,Unofficial figure,,,X,Unofficial figure,,
Yemen,249,887,2020,sheep,62080.9,1801466.0,9866017.0,9866017.0,49.3301,1.5288,50.8589,X,I,A,E,E,Unofficial figure,,,X,Unofficial figure,,
Yemen,249,887,2021,sheep,65184.94,1876630.0,10359317.0,10359317.0,51.7966,1.6052,53.401799999999994,X,I,A,E,E,Unofficial figure,,,X,Unofficial figure,,
Yemen,249,887,2022,sheep,68444.0,1729252.0,10506041.0,10624080.0,52.5302,1.6279,54.1581,X,E,I,E,E,Unofficial figure,,,X,Unofficial figure,,
Yemen,249,887,2023,sheep,67623.0,1713206.0,10344548.0,10742912.0,51.7227,1.6029,53.3256,X,E,I,E,E,Unofficial figure,,,X,Unofficial figure,,
Zambia,251,894,2020,cattle,436591.64,333134.0,333008.0,3814438.0,15.3184,0.333,15.6514,I,I,E,E,E,,,,A,,,
Zambia,251,894,2021,cattle,461904.62,353259.0,351630.0,4114604.0,16.175,0.3516,16.526600000000002,I,I,E,E,E,,,,I,,,
Zambia,251,894,2022,cattle,509514.86,391361.0,391018.0,4698972.0,17.9868,0.391,18.3778,I,I,E,E,E,,,,A,,,
Zambia,251,894,2023,cattle,542688.95,417937.0,384217.0,5115495.0,17.674,0.3842,18.0582,I,I,E,E,E,,,,A,,,
Zimbabwe,181,716,2020,cattle,410582.69,943877.0,944275.0,5195154.0,43.4367,0.9443,44.381,I,I,E,E,E,,,,A,,,
Zimbabwe,181,716,2021,cattle,426942.02,986402.0,986707.0,5478648.0,45.3885,0.9867,46.3752,I,I,E,E,E,,,,A,,,
Zimbabwe,181,716,2022,cattle,430408.12,995056.0,995357.0,5533727.0,45.7864,0.9954,46.7818,I,I,E,E,E,,,,A,,,
Zimbabwe,181,716,2023,cattle,443101.56,1028089.0,1028320.0,5754985.0,47.3027,1.0283,48.331,I,I,E,E,E,,,,A,,,
