obs_idx,y_obs,y_rep_mean,y_rep_median,y_rep_p05,y_rep_p95,residual,residual_median_pred,within_90ci
0,0.1530104218532099,0.47809634595995937,0.504211356388574,-2.863989512665719,3.6742106121827924,-0.32508592410674947,-0.35120093453536405,True
1,-2.130560965607506,-2.0999908914208154,-2.0990625588073986,-2.1659796601485217,-2.0376510387619446,-0.030570074186690555,-0.031498406800107404,True
2,-1.0918950907995522,-0.8937518384730627,-0.8589570142314144,-4.103271356056675,2.2830004093504743,-0.19814325232648944,-0.2329380765681378,True
3,-1.1052221244894622,0.4592125285815016,0.33867311498540453,-2.7084677130452866,3.3650637617410712,-1.5644346530709639,-1.4438952394748668,True
4,0.15404397350130605,0.5989039055084517,0.5372367155126584,-2.934299308283469,4.1687294556818495,-0.4448599320071457,-0.38319274201135234,True
5,-2.103338917191383,-2.104947432793465,-2.105010619919742,-2.171706914297342,-2.035118045044849,0.0016085156020819724,0.0016717027283585928,True
6,-1.068819492893153,-1.0084551806015172,-0.8506978426523821,-3.8859436789356825,2.2452739233238486,-0.06036431229163575,-0.2181216502407708,True
7,-1.1092506266955011,0.3866908961463523,0.3568543807802121,-2.612481822984473,3.2566832697535135,-1.4959415228418536,-1.4661050074757132,True
8,0.1500027317965321,0.6313120987220973,0.6000289313535591,-2.803940537776476,4.131346548910118,-0.48130936692556514,-0.45002619955702694,True
9,-2.0998931875509035,-2.106922951024844,-2.1067721154050494,-2.171740800733599,-2.03716273322804,0.007029763473940687,0.0068789278541459,True
10,-1.0661109785062073,-0.7903757134329926,-0.8732246360693663,-3.816836350155446,2.1884988847971956,-0.27573526507321466,-0.192886342436841,True
11,-1.1157100436126766,0.3846842727654316,0.38959719980573093,-2.664423496068261,3.492877591299992,-1.5003943163781082,-1.5053072434184074,True
12,0.14769456102834905,0.6150205938744356,0.6719547472571614,-2.7416350368062736,3.9603780331718395,-0.4673260328460866,-0.5242601862288123,True
13,-2.096744308378926,-2.11189822367963,-2.1134725691155265,-2.1775328835544365,-2.0474056744206313,0.015153915300703868,0.016728260736600387,True
14,-1.0642647282260678,-0.8266353832770993,-0.8502779917460859,-4.068977051537934,2.241753726921399,-0.23762934494896848,-0.2139867364799819,True
15,-1.119818723645717,0.43298522712944415,0.4088391272433115,-2.413282370904668,3.1983396092391234,-1.5528039507751612,-1.5286578508890285,True
16,-3.0946161874048097,-3.1077679069476667,-3.1082385336909324,-3.1707615607738315,-3.042573988767267,0.013151719542856988,0.013622346286122688,True
17,-3.0346392344798665,-1.9013647562299039,-1.899704857007769,-5.205762881954873,1.29526333682062,-1.1332744782499626,-1.1349343774720975,True
18,-1.796146761740026,-0.534604188162072,-0.6614580402499921,-3.425431770254335,2.1869560106936285,-1.261542573577954,-1.1346887214900339,True
19,-3.10329946895506,-3.1127880085707074,-3.113936772656908,-3.1787304393428286,-3.0472472192298494,0.00948853961564744,0.010637303701848122,True
20,-3.0331140392281406,-1.9018013234220852,-1.8573365338992427,-5.069695679906167,1.2478945887011403,-1.1313127158060554,-1.175777505328898,True
21,-1.8311205913395738,-0.6817263247394811,-0.6306808091032289,-3.6455972803092846,2.2220845215559866,-1.1493942666000927,-1.2004397822363448,True
22,-3.122637166615765,-3.1164198559320186,-3.1167537832845347,-3.1828925654658637,-3.051915641340396,-0.006217310683746202,-0.005883383331230174,True
23,-3.0540632385867217,-1.8428592480980985,-1.840363491152142,-4.940917343327151,1.317631571684656,-1.2112039904886232,-1.2136997474345796,True
24,-1.845180756328585,-0.6278356373436608,-0.6304350660778058,-3.5010144948647635,2.2053490335609722,-1.217345118984924,-1.2147456902507792,True
25,-3.13631783832773,-3.119814778584421,-3.1217842328776397,-3.182189487317144,-3.056867524457138,-0.016503059743309123,-0.014533605450090192,True
26,-3.0992459990838026,-1.7733791243259032,-1.8405594987225946,-5.277985995518171,1.4195399850952002,-1.3258668747578994,-1.258686500361208,True
27,-1.9056974992120457,-0.6540489350397054,-0.6237995659700001,-3.4766739798207675,2.170132163120145,-1.2516485641723403,-1.2818979332420457,True
28,0.34856953044712047,-1.3714108426773628,-1.4121525743113432,-5.01454188918788,1.90563498227879,1.7199803731244834,1.7607221047584636,True
29,-4.035177855537473,-4.0149805023978695,-4.012534392690867,-4.079961699244667,-3.9388257804482603,-0.020197353139603358,-0.0226434628466059,True
30,-2.573748355967708,-2.695054433474134,-2.7570394146332924,-5.716897904216885,0.3920782913944714,0.1213060775064263,0.18329105866558448,True
31,-1.3140907891819427,-1.5846673025274296,-1.5629758977564292,-4.637912040568348,1.2659498406961214,0.27057651334548694,0.24888510857448654,True
32,0.3595316038178904,-1.3842423639648034,-1.3398617217245556,-4.96838260027011,2.1758682427075984,1.7437739677826938,1.699393325542446,True
33,-4.03330347793958,-4.018160836560003,-4.017941083939855,-4.08849814924513,-3.9477145496963275,-0.015142641379577881,-0.015362393999725832,True
34,-2.4916651438028783,-2.7768313377308487,-2.766977873389349,-5.895888780402452,0.38626216453298806,0.2851661939279704,0.2753127295864708,True
35,-1.1861684635890914,-1.6177362831679847,-1.5259659646502883,-4.544736336604272,1.307701906546871,0.43156781957889323,0.3397975010611969,True
36,0.3098583598350299,-1.3006618067847762,-1.3143015973154812,-4.784517835685483,2.153395297562901,1.6105201666198061,1.6241599571505112,True
37,-4.011477020006825,-4.021942666762747,-4.020616034862297,-4.088735426102751,-3.9527831078382065,0.010465646755922542,0.00913901485547175,True
38,-2.506116223467603,-2.840252430036283,-2.790970642496173,-5.938547626298457,0.16492474632924203,0.3341362065686799,0.2848544190285698,True
39,-1.2249555401004106,-1.4690734493498256,-1.497983030110107,-4.482998913849061,1.4599134435515313,0.244117909249415,0.2730274900096963,True
40,0.3193733894508209,-1.5123523001789139,-1.2322885564985528,-4.52051603414861,2.1077928420015204,1.8317256896297347,1.5516619459493737,True
41,-3.969180240501243,-4.027197474526974,-4.027264633204412,-4.096620851342996,-3.9562073713996027,0.058017234025731224,0.05808439270316912,True
42,-2.5068220402276298,-2.7191795133784695,-2.735167800922822,-5.793755510344272,0.15609847173765476,0.21235747315083975,0.2283457606951922,True
43,-1.2196166140156777,-1.5379280514341982,-1.4985589472376237,-4.510501189400025,1.4460174249079676,0.3183114374185205,0.27894233322194606,True
44,-2.3285780972742094,-2.3429550197126074,-2.340997881790982,-2.4074768375072293,-2.277938664236627,0.014376922438398054,0.012419784516772392,True
45,-2.3591215925646334,-2.347049819518077,-2.3482596546917645,-2.417284733216096,-2.2840809156501547,-0.012071773046556267,-0.010861937872868932,True
46,-2.353088073344289,-2.3503366916868837,-2.350114113678049,-2.412264263580369,-2.2892252322043314,-0.002751381657405183,-0.0029739596662401446,True
47,-2.3529515940626493,-2.3564603060475675,-2.355351634927884,-2.420341099093072,-2.2905913110815397,0.0035087119849182002,0.0024000408652344873,True
48,-2.714415503624823,-2.7561405464211832,-2.755020980697833,-2.823894751885333,-2.686196355727379,0.041725042796360245,0.04060547707301021,True
49,-2.750159047273597,-2.7614997902299074,-2.7605833356633616,-2.8306385732058263,-2.6913217042074047,0.011340742956310379,0.010424288389764502,True
50,-2.775440315563547,-2.76458939451188,-2.763277763970393,-2.835933126978977,-2.6949050376071684,-0.010850921051666962,-0.012162551593153825,True
51,-2.803214415291604,-2.769781383429823,-2.7689020663376915,-2.835967062977708,-2.700023215512752,-0.033433031861780815,-0.03431234895391233,True
52,-3.5597585705775914,-3.570140578787305,-3.5702112063922895,-3.632740476657382,-3.505336224523216,0.010382008209713689,0.01045263581469813,True
53,-0.5452050510997731,-2.2258066969316626,-2.316458665692548,-5.512810400824955,0.9111530836111208,1.6806016458318895,1.771253614592775,True
54,0.23164897847334473,-1.241397039138687,-1.1319189656239481,-4.080714337583071,1.682441217578174,1.4730460176120317,1.3635679440972928,True
55,-3.5721821248792742,-3.576130465011198,-3.57659859143732,-3.6418005680688386,-3.5076729800966744,0.0039483401319238,0.0044164665580459506,True
56,-0.541500048731467,-2.355557213993879,-2.3387712664845606,-5.345638702966899,0.8393509833859748,1.8140571652624122,1.7972712177530936,True
57,0.20126005090969717,-1.101605917726807,-1.109597767251525,-4.019084468148673,1.6386817285387825,1.302865968636504,1.310857818161222,True
58,-3.585072866926964,-3.577843282464338,-3.577146470603502,-3.6432521379728837,-3.5093358658796854,-0.007229584462626004,-0.007926396323461926,True
59,-0.5344321202407277,-2.386146207485758,-2.3142566449531494,-5.441429656055684,0.7090834924691977,1.8517140872450302,1.7798245247124216,True
60,0.1816655179329265,-1.1027490066739565,-1.0841041378914864,-3.908201952810127,1.7267214221100784,1.284414524606883,1.265769655824413,True
61,-3.593610735500591,-3.584745130322706,-3.5843156655183916,-3.6507491043937157,-3.5189381395856274,-0.00886560517788526,-0.009295069982199422,True
62,-0.7800459228490354,-2.303020058626365,-2.3052912975426274,-5.490059135736598,0.7660193673728122,1.5229741357773299,1.5252453746935921,True
63,0.13390771852381378,-1.0727189670373438,-1.0792762983031112,-3.907104522709297,1.711518415451468,1.2066266855611576,1.213184016826925,True
64,-4.6184765225056745,-4.634383906507925,-4.635053492592098,-4.702342901365168,-4.566610571357358,0.01590738400225078,0.016576970086423337,True
65,-4.670457548586639,-4.642650880608378,-4.640555897013964,-4.707364970759497,-4.577435617639135,-0.027806667978261146,-0.02990165157267466,True
66,-4.647490182899476,-4.641867507090776,-4.642086847128718,-4.7101267080192155,-4.5749067001496,-0.00562267580870035,-0.005403335770758133,True
67,-4.638354414937041,-4.647725827787063,-4.647797428714674,-4.712928672290468,-4.580710222576619,0.00937141285002241,0.009443013777633347,True
68,-4.004775134415692,-3.9800656655144326,-3.979817733878585,-4.04789206451377,-3.9099013429426397,-0.02470946890125969,-0.024957400537107155,True
69,-4.008295377339052,-3.98464006419977,-3.985202420116152,-4.056491170973136,-3.9116620463207625,-0.02365531313928182,-0.023092957222900168,True
70,-3.9704974257925763,-3.989219846371496,-3.98875681080835,-4.060513692287462,-3.9234098783557183,0.018722420578919596,0.018259385015773955,True
71,-3.9482261901584597,-3.9909093781856657,-3.993107563280357,-4.059016770210685,-3.919707382699139,0.042683188027206054,0.04488137312189755,True
72,-3.9643407722064934,-3.948220021531046,-3.9490508452289395,-4.0155445567957235,-3.8747222307525293,-0.016120750675447493,-0.015289926977553936,True
73,-3.976114904466265,-2.7528950942481654,-2.7230135451538975,-5.77827533849946,0.4376660054430518,-1.2232198102180996,-1.2531013593123674,True
74,-1.2644642622128166,-1.46858044502087,-1.4933646047241207,-4.150311104376736,1.3754825862613438,0.20411618280805333,0.2289003425113041,True
75,-3.9649825982909177,-3.9532940591435275,-3.9550224223744537,-4.018807327234891,-3.886711157715205,-0.011688539147390209,-0.009960175916464031,True
76,-3.9401077627315177,-2.7060148918165243,-2.706646556426742,-5.788989348050361,0.4719644250025308,-1.2340928709149934,-1.2334612063047756,True
77,-1.1880047675113832,-1.4945613894022602,-1.4979590135090985,-4.349970757728349,1.406850302156999,0.30655662189087707,0.30995424599771537,True
78,-3.949154134102528,-3.958079110268589,-3.956787796861665,-4.023326129934785,-3.889572846353713,0.00892497616606125,0.0076336627591371276,True
79,-3.9395922141146973,-2.7803447080442627,-2.6930860321656307,-5.8918301111619025,0.4237633169704287,-1.1592475060704346,-1.2465061819490666,True
80,-1.2704636148853323,-1.529692003041979,-1.5028824349804342,-4.368763453304039,1.226869416609148,0.2592283881566466,0.23241882009510184,True
81,-3.8936767333192464,-3.959565497036222,-3.9614834412268696,-4.026271448252018,-3.8919686023698197,0.0658887637169756,0.06780670790762322,True
82,-3.9809756589336334,-2.6448478018199673,-2.6742653717507734,-6.158806795987055,0.7300405532838008,-1.336127857113666,-1.30671028718286,True
83,-1.279704099310258,-1.7659640337734064,-1.4435781808399843,-4.374298236763255,1.723021212767127,0.4862599344631484,0.16387408152972638,True
84,-2.613812487169378,-2.595768384243133,-2.597168427471902,-2.658053552980714,-2.5302533160914864,-0.01804410292624503,-0.016644059697476177,True
85,-2.868526772197828,-1.1761864486767029,-1.3196786964020215,-4.281526655669908,1.9649255921123792,-1.6923403235211252,-1.5488480757958065,True
86,-2.601356635125759,-2.603192124357582,-2.6026612638967066,-2.665825035265879,-2.5361885310946897,0.0018354892318228622,0.0013046287709475024,True
87,-2.8711320872150057,-1.3441096042258294,-1.3452098672795783,-4.330188092746919,1.750434100014613,-1.5270224829891763,-1.5259222199354274,True
88,-2.6013885251815707,-2.604671029902826,-2.6046511888627384,-2.6677283499775264,-2.5409290507292313,0.0032825047212554637,0.003262663681167677,True
89,-2.8701690505786455,-1.2906711567453504,-1.3074675308232908,-4.573623114717049,2.045898648107363,-1.579497893833295,-1.5627015197553547,True
90,-2.597846425163689,-2.6099209947635704,-2.6106052367103074,-2.671734300471261,-2.5448365058391085,0.012074569599881624,0.01275881154661862,True
91,-2.8695976443672566,-1.3578822802970696,-1.3030490812140687,-4.5028712711375185,1.6248297204928805,-1.511715364070187,-1.566548563153188,True
92,-3.915529144757434,-3.8631049953722187,-3.8620872956319747,-3.939649581966413,-3.786029862561881,-0.05242414938521511,-0.05344184912545913,True
93,-1.006078057702935,-2.55802134225343,-2.6311097206915033,-5.595633586570033,0.4962097409233352,1.5519432845504952,1.6250316629885684,True
94,0.6928267190926939,-1.3878868680568397,-1.3727193373849333,-4.2043255302821185,1.429638341042015,2.0807135871495337,2.0655460564776273,True
95,-3.915529144757434,-3.8651065465742374,-3.8674157767262667,-3.949803558080805,-3.7932458573097287,-0.0504225981831965,-0.04811336803116717,True
96,-0.9055048029640038,-2.6367376538470753,-2.6390927069921677,-6.098844121861875,0.8824562995903202,1.7312328508830714,1.7335879040281639,True
97,0.6921220651447,-1.4295389312396,-1.3982410146197934,-4.216301870303168,1.3258603226900076,2.1216609963843,2.0903630797644936,True
98,-3.8382622219521303,-3.870995484926557,-3.8712283044116407,-3.951728094134821,-3.795848807009631,0.03273326297442658,0.03296608245951038,True
99,-0.9201138696197554,-2.592546356107071,-2.619155762004447,-5.655644028276236,0.543559684964646,1.6724324864873155,1.6990418923846917,True
100,0.7168834604587758,-1.462106974952083,-1.4145850586694038,-4.372057009656084,1.3363245287410432,2.1789904354108587,2.1314685191281795,True
101,-3.8439483964529857,-3.8762785462315197,-3.8754122048152055,-3.9519568460394097,-3.8032504645266774,0.03233014977853399,0.03146380836221985,True
102,-0.9702840513804654,-2.5537836232578464,-2.5965975759284987,-5.719572549037261,0.4670058297538524,1.583499571877381,1.6263135245480334,True
103,0.6870267084141317,-1.37030442219842,-1.3825898325534705,-4.320826827396676,1.546477040260479,2.0573311306125515,2.069616540967602,True
104,-1.092116577621096,-1.4720379661462673,-1.5050673877500613,-3.2382878626956044,0.3962655373151652,0.3799213885251713,0.4129508101289654,True
105,-2.883234926222027,-3.0356775343002824,-3.0379117416364174,-3.1273641641323606,-2.9374984920723692,0.1524426080782555,0.1546768154143905,False
106,-1.6942956201578332,-1.6895968507509127,-1.8006456745998372,-4.969504376308779,1.3812137860262323,-0.004698769406920489,0.10635005444200396,True
107,-1.0509088571008047,-0.592156104363292,-0.5877996803444905,-3.4676732398309573,2.406881203131574,-0.4587527527375127,-0.46310917675631424,True
108,-1.2027220224242834,-1.6005761646815422,-1.548817535252295,-3.3507650453759865,0.2499162255382825,0.3978541422572588,0.34609551282801165,True
109,-2.992224041611124,-3.043064422092208,-3.04408791331958,-3.1345412390095806,-2.948702457193121,0.05084038048108397,0.05186387170845608,True
110,-1.8032061022479644,-1.7180982766284212,-1.7652722605701439,-4.858615794862994,1.4241613569735765,-0.08510782561954322,-0.037933841677820546,True
111,-1.1464257084807474,-0.6519950669872889,-0.5628774234480056,-3.5204196751575254,2.4544518073479096,-0.4944306414934585,-0.5835482850327418,True
112,-1.2843725182508738,-1.51676469098634,-1.5671368437668316,-3.354063917703187,0.18600982267326743,0.23239217273546608,0.28276432551595776,True
113,-3.0729044429880634,-3.0432431988723825,-3.044884967457293,-3.1362536192624426,-2.9437013299750583,-0.02966124411568094,-0.028019475530770332,True
114,-1.8838061803633568,-1.6542929900713963,-1.783078006251193,-4.97707226456981,1.4627231144605148,-0.2295131902919605,-0.10072817411216373,True
115,-1.2137496761533164,-0.5257392042762092,-0.5780438574148979,-3.432407140132457,2.2504741178968044,-0.6880104718771072,-0.6357058187384185,True
116,-1.3523586900376563,-1.6178045440831006,-1.6105409891220814,-3.461098824799658,0.23016776194856028,0.2654458540454443,0.25818229908442514,True
117,-3.139839725883977,-3.0489360992362666,-3.0523361383174645,-3.1404763334709993,-2.950905260215221,-0.09090362664771057,-0.08750358756651266,True
118,-1.9507169633670778,-1.8161653350736264,-1.8094917879517758,-5.304414608424469,1.3019904812902812,-0.13455162829345135,-0.141225175415302,True
119,-1.267234536886478,-0.6507352294226387,-0.5650547808064919,-3.616444610638536,2.3769749833477625,-0.6164993074638392,-0.7021797560799861,True
120,-3.9141478248532335,-3.9280816029516785,-3.927332048962331,-3.991086149483838,-3.8646461374701384,0.013933778098444982,0.013184224109097364,True
121,-3.5048499549748273,-2.6898829706891467,-2.693916680548104,-5.804692610144066,0.6079318749299572,-0.8149669842856806,-0.8109332744267235,True
122,-2.6243219855714974,-1.4126349295907794,-1.4544433268053978,-4.26712752569716,1.8218937895429108,-1.211687055980718,-1.1698786587660996,True
123,-3.9261172271968388,-3.9332654688835884,-3.93381625286821,-3.997637577604452,-3.868921984471803,0.007148241686749657,0.007699025671371373,True
124,-2.614077814139546,-2.7113699872950647,-2.6582767039652317,-5.584094099295495,0.4572291195102269,0.09729217315551875,0.04419888982568576,True
125,-1.8279049158644083,-1.3695227954955935,-1.438474135243287,-4.031808497370558,1.498187071977156,-0.45838212036881476,-0.38943078062112124,True
126,-3.9392350576766755,-3.934458388154621,-3.934265677320507,-4.000197216542605,-3.871010623209564,-0.004776669522054355,-0.00496938035616834,True
127,-2.283674128708348,-2.64009298744968,-2.661031386850512,-5.745677042045313,0.5556958668985683,0.35641885874133195,0.37735725814216403,True
128,-1.4472907186881663,-1.5275745713442963,-1.4427263600395284,-4.376424155014918,1.3496859003274384,0.08028385265613003,-0.004564358648637912,True
129,-3.956151252521169,-3.9403780973720512,-3.9409940038452698,-4.008485129626797,-3.876104048544427,-0.015773155149117812,-0.015157248675899293,True
130,-3.128311738453133,-2.6123528632059307,-2.678461392550785,-5.966753776153952,0.531649414803741,-0.5159588752472022,-0.44985034590234774,True
131,-2.2277830405630343,-1.3915565379345787,-1.385042040567125,-4.141573053099418,1.5268983794135593,-0.8362265026284557,-0.8427409999959092,True
132,-2.917896431286256,-2.9338790988852805,-2.9342984316441436,-2.9998621593565553,-2.867716050042477,0.01598266759902467,0.016402000357887747,True
133,-3.003363250577306,-2.941704716649306,-2.94089361574531,-3.011592455482095,-2.8728922512836177,-0.06165853392799958,-0.06246963483199597,True
134,-2.932649379289729,-2.9462987585369134,-2.942704596170022,-3.014800731357394,-2.8822002071841557,0.013649379247184346,0.010055216880292761,True
135,-2.9537384451253526,-2.9489238621628,-2.94796099955919,-3.0150639709389626,-2.87836106118733,-0.004814582962552549,-0.005777445566162331,True
136,-4.094986006404678,-4.098983231080103,-4.100005866750288,-4.168839697974841,-4.033306139712791,0.00399722467542496,0.00501986034560975,True
137,-4.091998510586236,-4.108941376529782,-4.106209259253251,-4.172699721846318,-4.04382055924016,0.016942865943546437,0.014210748667014883,True
138,-4.109845980553239,-4.110081485884518,-4.108835508843075,-4.181508397204974,-4.0459715802627905,0.00023550533127902895,-0.0010104717101633298,True
139,-4.779006108697009,-2.7634993029563417,-2.839881109941812,-6.051302953502657,0.6347269983347851,-2.015506805740667,-1.9391249987551964,True
140,-4.136871326521294,-4.1159317807067675,-4.115048083178328,-4.180007182336828,-4.049738280298236,-0.020939545814526284,-0.021823243342965704,True
141,-2.479987150005124,-2.502056687414291,-2.501082962448897,-2.5764463699694846,-2.4286633240786135,0.02206953740916706,0.02109581244377301,True
142,-2.574613017278927,-2.5055811338025564,-2.506433459608833,-2.583023847072232,-2.432992210391362,-0.06903188347637057,-0.06817955767009387,True
143,-2.367832262591948,-2.509450042411103,-2.50796482124908,-2.584003650492017,-2.434010069993173,0.1416177798191547,0.14013255865713203,False
144,-2.5223177803427745,-2.514768711337674,-2.512835102096803,-2.586260764749358,-2.4443857164963307,-0.007549069005100328,-0.009482678245971599,True
145,-3.5448892405195416,-3.5420021705089,-3.541104014079313,-3.605074500427835,-3.4729754046569825,-0.0028870700106415903,-0.003785226440228495,True
146,-0.9291973273080563,-2.285947190312207,-2.2760899877443004,-5.3121194688475395,0.7648201465449939,1.3567498630041508,1.3468926604362441,True
147,0.22482488979885304,-1.1071938389604414,-1.0845311855081992,-3.9775041759400755,1.811199627107097,1.3320187287592944,1.3093560753070521,True
148,-3.5584747100447234,-3.5459417793479386,-3.5475683066144494,-3.6095977128478354,-3.482301030000683,-0.012532930696784739,-0.010906403430273937,True
149,-0.9358883503195693,-2.3187334302174403,-2.289300230748368,-5.342447077288118,0.89560231427855,1.382845079897871,1.3534118804287987,True
150,0.2252522914276029,-1.0037314286434582,-1.0400487456696457,-3.782993962221994,1.9285652070484476,1.2289837200710612,1.2653010370972486,True
151,-3.5507155687514285,-3.5487344160213805,-3.5487593063345773,-3.614087934745966,-3.484420169723091,-0.0019811527300479526,-0.0019562624168512066,True
152,-0.925606311593937,-2.363492472899062,-2.305775747841307,-5.70762750118023,0.6651072138118562,1.437886161305125,1.3801694362473698,True
153,0.222050515180408,-1.0018114636639597,-1.0636214292924326,-4.012548572204696,2.0451729813296264,1.2238619788443676,1.2856719444728406,True
154,-3.540396415140304,-3.5536488161688764,-3.5547671292533813,-3.620182151720769,-3.492181141426022,0.013252401028572613,0.014370714113077554,True
155,-0.9228097093912425,-2.196543563240075,-2.2588897643279573,-5.2919031355055886,0.9159604688117962,1.2737338538488325,1.3360800549367147,True
156,0.21434679941750126,-1.097730935554502,-1.0398511269352508,-4.015287523796541,1.9251129638258175,1.3120777349720032,1.254197926352752,True
157,-3.0891229225012293,-3.295595672339424,-3.295857455513459,-3.370075049954589,-3.2261158299181742,0.20647274983819486,0.20673453301222988,False
158,-0.6480184123203538,-0.8429969546768872,-0.8650448992502779,-3.663123349891777,1.9916832944189362,0.19497854235653334,0.2170264869299241,True
159,-3.307674931428915,-3.302660016474735,-3.302345201835444,-3.377777285773753,-3.231155542301184,-0.00501491495418005,-0.005329729593470667,True
160,0.2733305936441143,-0.8347922127212335,-0.8168780710735111,-3.907002125359756,1.9982037299148183,1.1081228063653477,1.0902086647176255,True
161,-3.284289904036472,-3.3042780491824844,-3.3036175549937727,-3.382218527251639,-3.229322838181112,0.019988145146012215,0.0193276509573006,True
162,-0.4842692410963351,-0.7771811590943704,-0.8098338463471675,-3.6234636995090153,2.0533343693715826,0.29291191799803523,0.32556460525083236,True
163,-3.383728054653656,-3.3100973805995633,-3.3084328868291513,-3.385860899445623,-3.2368695965343734,-0.07363067405409263,-0.07529516782450463,True
164,0.9555844474973856,-0.6917008554965174,-0.7861463038943856,-3.5478863483853833,2.271969148771669,1.647285302993903,1.741730751391771,True
165,-4.927843671084019,-4.873314473961018,-4.873770051946664,-4.9430058837099935,-4.804240370729597,-0.05452919712300108,-0.054073619137354534,True
166,-0.6042231239867366,-3.649756795635769,-3.603113825539067,-6.701625764580846,-0.6351029349585964,3.045533671649032,2.9988907015523303,False
167,-4.811645376037408,-4.879396713103114,-4.879500710372062,-4.949687047034905,-4.803431740286753,0.06775133706570635,0.06785533433465396,True
168,-0.5904721363758951,-3.6509012624868102,-3.599480358938191,-6.987294329505819,-0.6018559730332058,3.060429126110915,3.009008222562296,False
169,-4.894829520576902,-4.879480995501904,-4.881065978074071,-4.954144027603772,-4.806765642218104,-0.015348525074998065,-0.013763542502831072,True
170,-0.6066993331676657,-3.6002922546696188,-3.61942808357505,-6.615541000720137,-0.3889360420220736,2.993592921501953,3.0127287504073843,True
171,-4.874745573403612,-4.886633601594115,-4.887224937611606,-4.956123362481214,-4.812478194335026,0.011888028190503164,0.012479364207994337,True
172,-0.17375100655849457,-3.5749870165182487,-3.5912588514838975,-6.781719140978039,-0.38571800818518576,3.4012360099597543,3.417507844925403,False
173,-3.441504185517636,-3.436591684856705,-3.437867281389088,-3.506952228829853,-3.37068634549507,-0.004912500660930963,-0.003636904128548224,True
174,0.702230000133384,-2.096920684963147,-2.1818483795649373,-5.3347275963274825,0.8880392681777302,2.799150685096531,2.8840783796983214,True
175,-3.4415443867696944,-3.44452899169469,-3.443702007012603,-3.505547533338136,-3.3793119659114534,0.0029846049249955264,0.0021576202429085534,True
176,0.6851881721591266,-2.1906654566274444,-2.1646982639690804,-5.322089199564129,1.066965136198873,2.875853628786571,2.849886436128207,True
177,-3.4372824145880445,-3.445114765467736,-3.445400137174046,-3.5073474031592524,-3.382335689921723,0.007832350879691585,0.00811772258600163,True
178,0.7014949135765133,-2.254803660472514,-2.18064735999899,-5.276971627660192,0.765712150138035,2.9562985740490273,2.8821422735755036,True
179,-3.458204367472341,-3.4501585080802326,-3.450677798287309,-3.5149231772174137,-3.3838335420679186,-0.008045859392108223,-0.007526569185031917,True
180,0.7029339816912221,-2.2054509608702335,-2.1658881447863294,-5.301072187549423,1.0132012993362025,2.9083849425614554,2.8688221264775517,True
181,-2.3132566037818867,-2.5486566992744715,-2.5469418823724226,-2.6375899479478586,-2.465368497378877,0.23540009549258478,0.2336852785905359,False
182,-2.5723648309469964,-2.55437655122996,-2.5530815421943034,-2.645088408395446,-2.4720639572254433,-0.017988279717036537,-0.01928328875269303,True
183,-2.518208955234406,-2.552381936320496,-2.552563995466836,-2.6401407766864704,-2.4720519272722097,0.034172981086090015,0.03435504023243041,True
184,-2.692086350113197,-2.5594650099823295,-2.5598443730110185,-2.648056024734488,-2.4817479773976983,-0.13262134013086735,-0.13224197710217833,False
185,-2.4008571103087117,-2.3969084162457754,-2.3969912852232,-2.457492732302247,-2.334598081410515,-0.003948694062936298,-0.0038658250855116982,True
186,-2.4053648267518177,-2.402082441767592,-2.402962289132109,-2.4655039130059544,-2.3394084400341724,-0.003282384984225839,-0.0024025376197087667,True
187,-2.4044996636995206,-2.4051410204219716,-2.404178783766608,-2.47135405099626,-2.3390403298803286,0.0006413567224510253,-0.00032087993291263217,True
188,-2.4043011005379995,-2.4070334212827804,-2.4101357549705344,-2.476770444675858,-2.34260074616608,0.002732320744780914,0.005834654432534947,True
189,-0.3337443174217789,-0.12132556360793448,-0.14251344925734255,-1.8484614499834635,1.7196619159625464,-0.21241875381384442,-0.19123086816443635,True
190,-1.599006333724285,-1.6886209716951899,-1.6903898147351044,-1.75941161356107,-1.6200038159624415,0.08961463797090485,0.09138348101081939,False
191,-0.6475447014041497,-0.21352422390970224,-0.20310168678427482,-2.122648933585713,1.6503908542023789,-0.4340204774944474,-0.44444301461987484,True
192,-1.6940088138843707,-1.6953663712598646,-1.6958434941953664,-1.7630964130256213,-1.6265625076774126,0.001357557375493812,0.001834680310995651,True
193,-0.6932923079094488,-0.278445547047272,-0.22984574379848383,-2.1204882800717604,1.4706317495285195,-0.41484676086217687,-0.463446564110965,True
194,-1.6970869461597589,-1.6955966446993445,-1.6980617672272404,-1.7631794836199024,-1.6289359812254924,-0.0014903014604144005,0.0009748210674815905,True
195,-0.7908880668576403,-0.30091530860098414,-0.2839868943682557,-2.071107990665727,1.4559283791664985,-0.4899727582566562,-0.5069011724893846,True
196,-1.71655688110679,-1.7017005282400233,-1.7017722374412925,-1.7681873804914343,-1.6294459844850244,-0.014856352866766676,-0.014784643665497477,True
197,-2.576922825756531,-1.973591366445164,-1.9445235986302631,-3.813160464587454,-0.10713574278789399,-0.6033314593113668,-0.6323992271262677,True
198,-3.4967283942314746,-3.4866040676764585,-3.48555169676823,-3.551685376990413,-3.418842943054342,-0.010124326555016161,-0.011176697463244789,True
199,-3.180691577245276,-2.2557388014469963,-2.2651108768261765,-5.582011954768742,0.8366261640511292,-0.9249527757982796,-0.9155807004190994,True
200,-1.9657860269422023,-0.9751102197867669,-1.0404557108221617,-3.7927797265628853,1.834432302637263,-0.9906758071554354,-0.9253303161200406,True
201,-2.5447565416284026,-1.9429111002260644,-1.9838867200494743,-3.688589870466811,-0.130277937467331,-0.6018454414023382,-0.5608698215789283,True
202,-3.492306081552399,-3.491293890235699,-3.491180261485069,-3.5555611699961607,-3.4271420312261913,-0.0010121913167000507,-0.0011258200673300855,True
203,-3.314433233649023,-2.24497263142969,-2.1770292823168877,-5.402208154066237,0.8237194654289947,-1.069460602219333,-1.1374039513321352,True
204,-1.9689081275806468,-0.8699789321450533,-0.9857496294602277,-3.8318482351436534,2.0165600174914204,-1.0989291954355935,-0.9831584981204191,True
205,-2.5283498777881306,-2.077282104067591,-2.004538068822335,-3.942666046033432,-0.21328658107852405,-0.45106777372053974,-0.5238118089657955,True
206,-3.49029514424213,-3.4924463768533713,-3.491974341226915,-3.5591255317359707,-3.427036382994639,0.0021512326112413938,0.0016791969847851362,True
207,-3.313029712387209,-2.167263464422843,-2.217618552454357,-5.227208578186755,1.0798380703083248,-1.145766247964366,-1.0954111599328522,True
208,-1.8421242929257167,-1.0735178608269853,-1.037211528662429,-4.026828986329791,1.8352352257725595,-0.7686064320987314,-0.8049127642632876,True
209,-2.5978790004854577,-2.1164608849291056,-2.096935073462694,-4.027423381756953,-0.3267893432155112,-0.48141811555635217,-0.5009439270227638,True
210,-3.4818381024224054,-3.4983990017743216,-3.4991100341622365,-3.5654677743708945,-3.4307838098570373,0.01656089935191618,0.017271931739831103,True
211,-3.1088619736847343,-2.1877614399816188,-2.2303055959779754,-5.517807173839794,0.8295817524559488,-0.9211005337031155,-0.8785563777067589,True
212,-1.7782764622313936,-1.0351980633428588,-1.0254698010790428,-4.031483149559954,1.7593712213710657,-0.7430783988885348,-0.7528066611523507,True
213,-1.0185339954886445,-1.1995220406735636,-1.1932940554649258,-2.935482615796532,0.6649459952749237,0.18098804518491907,0.1747600599762813,True
214,-2.7015661888108036,-2.7226257116807475,-2.7229109872169417,-2.793506119947917,-2.652037081663998,0.021059522869943947,0.02134479840613812,True
215,0.1625396147689876,-1.532275219166392,-1.467154851177955,-4.762308681447244,1.6237350641036448,1.6948148339353795,1.6296944659469426,True
216,-0.034349548883854206,-0.32698486013275785,-0.2996392285195595,-3.1523089135675164,2.3915325409371855,0.29263531124890363,0.26528967963570527,True
217,-0.9963156390732097,-1.215515653706349,-1.2279306199888633,-2.9625310136651146,0.4617092644932242,0.2192000146331392,0.23161498091565358,True
218,-2.7116729564805784,-2.730404586082133,-2.72985304085179,-2.7994205686311555,-2.6587676203596877,0.018731629601554722,0.018180084371211436,True
219,0.1790373686731881,-1.4749528922762065,-1.4788743834207538,-4.71490587126638,1.7955576790178833,1.6539902609493946,1.657911752093942,True
220,-0.016521613017508374,-0.3156427526392685,-0.26644661822712645,-3.1035944626595375,2.5588103617872178,0.2991211396217601,0.24992500520961808,True
221,-1.0209655070959514,-1.2788435713833992,-1.2116460815262635,-2.9890991329295535,0.5875320023270881,0.25787806428744786,0.19068057443031217,True
222,-2.7489579770195607,-2.728618382491957,-2.7301192225524886,-2.7957025712828325,-2.6657970538745817,-0.020339594527603477,-0.01883875446707206,True
223,0.19434885593695964,-1.125521454778856,-1.5018161485009789,-4.535580312249821,1.6052316858493474,1.3198703107158156,1.6961650044379386,True
224,0.07315601558536217,-0.29239270796494976,-0.27425946236430054,-3.1286078347830713,2.598129280854229,0.3655487235503119,0.3474154779496627,True
225,-1.026080232943314,-1.323387312409476,-1.3126980867061058,-3.2051482974705827,0.3941217794825666,0.29730707946616186,0.2866178537627917,True
226,-2.7713112228003083,-2.737339772804917,-2.7359904898598284,-2.805313119622457,-2.6670058067799314,-0.03397144999539137,-0.03532073294047988,True
227,0.19358209552324196,-1.4661413685322358,-1.4421294756801726,-4.7092378942320865,1.743862641501316,1.6597234640554777,1.6357115712034145,True
228,0.07048496885419012,-0.2841804853190576,-0.2583295624744666,-3.0918775821309596,2.671335256173521,0.3546654541732477,0.3288145313286567,True
229,-2.36447662561432,-2.3516085657690278,-2.3560546535004683,-2.4221610069875052,-2.287608723904937,-0.012868059845292379,-0.008421972113851872,True
230,-1.1191800667374705,-1.1262317603967515,-1.1163258124723094,-4.123884462120571,2.0609940421084327,0.007051693659281044,-0.0028542542651610603,True
231,1.0247758345235702,0.12501683922072582,0.08871425693672132,-2.671360654018881,2.941698452237108,0.8997589953028444,0.9360615775868489,True
232,-2.36102868886412,-2.3603417180672923,-2.3617304668969923,-2.4254833173743315,-2.294010014062763,-0.0006869707968277794,0.0007017780328721912,True
233,-0.9610020294686467,-1.1309852981601756,-1.133419394978434,-4.2631462810819505,2.073922084196681,0.1699832686915289,0.17241736550978726,True
234,0.9214627410586175,0.2011573042184394,0.11081976924437885,-2.811213438507912,3.0098692871500172,0.7203054368401781,0.8106429718142386,True
235,-2.3605162203345373,-2.361963532589271,-2.363035531285769,-2.4300561876132454,-2.293736213711511,0.0014473122547338235,0.0025193109512318124,True
236,-0.943807027696441,-0.9650218743298911,-1.0624820834567856,-4.259004811442298,2.0821521656310007,0.02121484663345008,0.11867505576034465,True
237,0.9470801821505229,0.03593526260600064,0.12475523836421655,-2.846962290253765,2.9122385398198376,0.9111449195445223,0.8223249437863064,True
238,-2.0697880621158498,-2.367490575183242,-2.3686758831662216,-2.435272504109687,-2.300570461668459,0.29770251306739226,0.2988878210503718,False
239,-1.1188922621490998,-1.1291551377606557,-1.0924715527579705,-4.215153373534458,2.1119920127855933,0.010262875611555922,-0.026420709391129282,True
240,0.9596994164524532,0.15372924831804372,0.14939278737581885,-2.7608434915137137,2.9387048037514885,0.8059701681344095,0.8103066290766343,True
241,-3.8614026844112828,-3.8878095506171704,-3.8868609476091436,-3.9552857852848224,-3.8184333188903907,0.026406866205887614,0.02545826319786082,True
242,-3.834033686566453,-2.6236221490540528,-2.6397929111462974,-5.719984258174571,0.6285780280162391,-1.2104115375124,-1.1942407754201554,True
243,-3.886634306345117,-3.8928324361845927,-3.8926613566553074,-3.959764269043785,-3.8271021821227214,0.006198129839475541,0.006027050310190241,True
244,-4.127760118392827,-2.6145243043247626,-2.583408919373337,-5.869017074114731,0.44874177574952373,-1.5132358140680648,-1.5443511990194905,True
245,-3.9005061510811467,-3.8941167765278473,-3.89428862025147,-3.9631670038579694,-3.8287603033744984,-0.006389374553299465,-0.006217530829676576,True
246,-4.135105385456145,-2.66197899309731,-2.6246520485612943,-5.843538707100729,0.45067966436297907,-1.4731263923588345,-1.5104533368948503,True
247,-3.960187690061644,-3.901718382101631,-3.901672309288113,-3.971901370792122,-3.8330942955792593,-0.05846930796001315,-0.058515380773531245,True
248,-4.145328086413602,-2.6835961798584567,-2.611049516652545,-5.7263141229781835,0.545234542244068,-1.461731906555145,-1.5342785697610566,True
249,-0.7057228497810906,-0.7283612114580623,-0.7275269650754466,-0.797935462989088,-0.6620030541596289,0.022638361676971752,0.021804115294355997,True
250,-0.7252280973752333,-0.731888817153819,-0.7331981880022314,-0.7949064302083515,-0.6694238902465379,0.006660719778585733,0.00797009062699805,True
251,-0.7410937525705086,-0.7350677486331706,-0.734729714891069,-0.8050884765366235,-0.6695551022094749,-0.006026003937337987,-0.006364037679439605,True
252,-0.762187439279605,-0.7402760878850505,-0.7407368392728986,-0.8073970144281166,-0.6753704616431143,-0.021911351394554468,-0.0214506000067064,True
253,-2.5257286443082556,-2.6219649304093253,-2.6196367274024874,-2.6957081183490033,-2.5436524196111803,0.09623628610106971,0.09390808309423182,False
254,-0.555349783900873,-1.3236956941850502,-1.380565935932442,-4.6437849220664935,1.8552590141062901,0.7683459102841772,0.8252161520315691,True
255,0.003643566661746713,-0.14862295168613482,-0.14895027338516276,-3.0094233357040108,2.9297001122719757,0.15226651834788152,0.15259384004690946,True
256,-2.707160883684699,-2.6221364995103618,-2.6247490674479215,-2.698928892898366,-2.550938847391135,-0.08502438417433744,-0.08241181623677774,False
257,-0.5585916448864172,-1.3521874776867424,-1.399803108622777,-4.733279014595794,1.8304017217429984,0.7935958328003252,0.8412114637363597,True
258,-0.0025125470591168568,-0.1278953291885757,-0.15176528496342395,-3.023869466699816,2.757705453490899,0.12538278212945886,0.1492527379043071,True
259,-2.632759494703218,-2.625210509913913,-2.6260386900272574,-2.699480080355213,-2.5489750716252604,-0.007548984789305102,-0.00672080467596059,True
260,-0.5594763279292392,-1.3462175873183049,-1.3294488853829627,-4.592047396073804,1.6696536080312396,0.7867412593890657,0.7699725574537235,True
261,-0.028380996072362143,-0.1320966192409612,-0.11997925118729671,-2.974749924356978,2.6805848854981758,0.10371562316859906,0.09159825511493458,True
262,-2.6253351203242685,-2.631436421751658,-2.631522893024391,-2.706270852111871,-2.5560481564745903,0.006101301427389405,0.006187772700122274,True
263,-0.5602797567882262,-1.2833967725420201,-1.3470247379202847,-4.443493472656242,1.7844085992677923,0.723117015753794,0.7867449811320585,True
264,-0.03079788786553437,-0.12368736889518535,-0.1529325229689358,-3.0890767933343413,2.665671557732707,0.09288948102965097,0.12213463510340145,True
265,-4.022740403489571,-4.036975613790421,-4.038020168647229,-4.104219869047124,-3.974468237784226,0.014235210300849843,0.015279765157657721,True
266,-4.0462229324049455,-4.044418855452941,-4.043782796865666,-4.111358801956846,-3.9752833364198294,-0.001804076952004685,-0.0024401355392793533,True
267,-4.0451607237729,-4.046046321106824,-4.045557946027352,-4.113206118073048,-3.980855968522443,0.0008855973339239043,0.00039722225445171233,True
268,-4.064489213185974,-4.054632133112661,-4.051586965145296,-4.114637132755044,-3.9870809977437816,-0.009857080073312652,-0.012902248040678188,True
269,-2.4981540636856856,-2.493506569643752,-2.492012552792833,-2.5559976474453485,-2.4306402822265567,-0.004647494041933431,-0.00614151089285242,True
270,-2.065335767600761,-1.345630555231438,-1.2835259697192756,-4.520887112632691,1.6924540245884858,-0.7197052123693228,-0.7818097978814853,True
271,-2.49651934296982,-2.4967352675539427,-2.4975884676282165,-2.5625428868231466,-2.434422911037874,0.00021592458412289517,0.001069124658396703,True
272,-2.0665462989099104,-1.2942497810699354,-1.2421767813101465,-4.477070445484939,1.7972514091507503,-0.772296517839975,-0.8243695175997638,True
273,-2.498403172597676,-2.498561950799537,-2.4988820639907345,-2.56075950747368,-2.433095052652926,0.00015877820186105396,0.000478891393058678,True
274,-2.065449625186298,-1.203807186032141,-1.2122697533228823,-4.261091718665334,1.6724158089234396,-0.8616424391541568,-0.8531798718634156,True
275,-2.4980388895531327,-2.5057327234538684,-2.503562608128332,-2.566395296803315,-2.440256522240531,0.007693833900735747,0.00552371857519951,True
276,-2.065458916479659,-1.2138201461353748,-1.223291139288228,-4.322408395564958,1.9833468082280954,-0.851638770344284,-0.8421677771914309,True
277,-1.4207805371910602,-1.393427749567092,-1.412844871590234,-3.1811134142706843,0.37783298633949647,-0.02735278762396831,-0.007935665600826258,True
278,-2.9825207111234566,-2.9635471218758687,-2.9632871615826115,-3.0294306970808633,-2.8978990198008647,-0.018973589247587963,-0.019233549540845107,True
279,-2.1862102331094104,-1.765482535355173,-1.7474921404189794,-4.886844411265778,1.537039188031004,-0.42072769775423735,-0.43871809269043105,True
280,-1.5107558254615798,-1.544590198366038,-1.4550902047825198,-3.2299426032520153,0.34535057748900666,0.03383437290445812,-0.05566562067906,True
281,-2.9726291591356295,-2.9715772162302203,-2.970366830084807,-3.0365349411152645,-2.90703319737631,-0.00105194290540922,-0.0022623290508225757,True
282,-2.157834479387356,-1.6399897681611737,-1.706008936440453,-4.824601062861004,1.600767344691149,-0.5178447112261821,-0.4518255429469029,True
283,-1.5283446658778497,-1.499360549831801,-1.495496178669638,-3.384687367345036,0.2871798067596877,-0.02898411604604867,-0.03284848720821176,True
284,-2.9666662588229356,-2.9706152770766545,-2.9710135748137056,-3.034821024084159,-2.904537506338692,0.003949018253718961,0.004347315990770095,True
285,-2.154482942565406,-1.6944348963033011,-1.6876634368142462,-4.789163292909021,1.4915858466003582,-0.4600480462621048,-0.4668195057511597,True
286,-1.586204434782272,-1.547241999085828,-1.5292623125951543,-3.313308668897505,0.27983174428212537,-0.038962435696443976,-0.05694212218711758,True
287,-2.961705246593273,-2.9793163366017708,-2.9775193273460108,-3.0447948895649755,-2.9142896470483755,0.017611090008497587,0.015814080752737603,True
288,-2.1711826964516825,-1.8018262179704516,-1.7410522093192642,-4.86927642156664,1.4499054915803324,-0.3693564784812309,-0.4301304871324183,True
289,2.601380961859209,1.1589249654444485,1.1447649133206546,-2.4177743332631514,4.416456899541516,1.4424559964147605,1.4566160485385544,True
290,-1.4611911643418156,-1.4445200764846353,-1.4447023818270623,-1.5081717638085375,-1.3803039134738406,-0.0166710878571803,-0.016488782514753275,True
291,0.6671393864043189,-0.20440512327354973,-0.21887139403463235,-3.247691619937186,2.8741015848972604,0.8715445096778687,0.8860107804389512,True
292,1.5508261888735115,0.9310435072434214,0.9840870391897674,-1.8199700039280757,3.5594614642535296,0.6197826816300901,0.5667391496837442,True
293,2.6297244194662612,1.2352830184572408,1.1969812292428617,-2.2914013258793156,4.7706236326418985,1.3944414010090205,1.4327431902233996,True
294,-1.4573748526237964,-1.4515326105022044,-1.450805355496119,-1.5166474452046264,-1.3828875097511504,-0.005842242121592012,-0.006569497127677293,True
295,0.692298132802284,-0.25257561589044036,-0.1949502048571347,-3.4988133792540883,2.8652930575938376,0.9448737486927243,0.8872483376594187,True
296,1.5868436680505433,1.3603278382079775,1.0332241040736836,-1.7785825102321562,4.307881192005799,0.2265158298425658,0.5536195639768597,True
297,2.658068268253891,1.184157636713689,1.260164437982512,-2.0961614351368234,4.695106564127529,1.4739106315402022,1.397903830271379,True
298,-1.4484935539566972,-1.4515388133440021,-1.4525785806877978,-1.5146771567860509,-1.3873932684754355,0.0030452593873049327,0.004085026731100561,True
299,0.7174572534353177,-0.2547743965353268,-0.22932551676472845,-3.364578861781728,2.8444644107753443,0.9722316499706445,0.9467827702000462,True
300,1.6228615611032746,1.088701692426847,1.0304788830981297,-1.5602836461604679,3.917584185705264,0.5341598686764277,0.5923826780051449,True
301,2.68641182201023,1.3006948750512346,1.2994992380736712,-2.012298059648727,4.8252432135516665,1.3857169469589956,1.386912583936559,True
302,-1.4421443460648888,-1.4583688479790486,-1.4579078296323593,-1.5240664439880067,-1.3971198196083316,0.016224501914159806,0.015763483567470482,True
303,0.7426159597116612,-0.1947454792187158,-0.187750748057674,-3.299016516177653,2.9609975460259017,0.9373614389303769,0.9303667077693352,True
304,1.6588792134369474,0.9928410253619498,1.0281573417344683,-1.9976533949758242,3.9984847167083886,0.6660381880749976,0.6307218717024792,True
305,-4.078573108973668,-4.0498169416880305,-4.049802930636121,-4.115099641872934,-3.980725689532332,-0.028756167285637346,-0.028770178337547136,True
306,-1.3090789468416058,-2.840148485964749,-2.8430652976339985,-6.119329440313157,0.23633662092944918,1.5310695391231433,1.5339863507923928,True
307,-4.068851236739764,-4.054072952109502,-4.056160011250267,-4.1199723131148005,-3.988385474099292,-0.014778284630262206,-0.012691225489497526,True
308,-1.3190703014273564,-2.813524986059931,-2.8056615308097808,-5.9224990620703135,0.23239939730066478,1.4944546846325748,1.4865912293824244,True
309,-4.0482059299581215,-4.056356665804658,-4.057222891306165,-4.125748561164164,-3.9862826281651382,0.00815073584653625,0.00901696134804375,True
310,-1.3425110624738619,-2.8413022941277237,-2.7964942235749195,-6.358884844471317,0.3642784992467541,1.4987912316538619,1.4539831611010576,True
311,-4.022420179827206,-4.06261847867358,-4.062762829115432,-4.127639454321911,-3.990837247068496,0.04019829884637449,0.04034264928822573,True
312,-1.378198184843467,-2.783027449227919,-2.7845134849816864,-5.956924266078638,0.3522555110169404,1.404829264384452,1.4063153001382194,True
313,-0.6376039073942938,-1.9986994313199502,-1.9705617815497072,-3.756399490001963,-0.24436400852447238,1.3610955239256564,1.3329578741554133,True
314,0.116602304092235,-0.963162765920938,-0.8550938430048983,-4.2379238109325135,2.2489927859994028,1.079765070013173,0.9716961470971334,True
315,-3.5194438604475353,-3.5103832996163633,-3.511402910376873,-3.575904384249215,-3.4446199380405567,-0.009060560831172015,-0.008040950070662412,True
316,1.127409423039123,-2.2146644497872416,-2.286492896094762,-5.345718178887771,0.9758061668445019,3.3420738728263646,3.413902319133885,False
317,-0.3136796299070875,-1.1349664220677491,-1.0905865055614639,-4.148747917363875,1.7298070111522441,0.8212867921606617,0.7769068756543764,True
318,-0.6322476352708112,-2.074009546912966,-2.0291954837600876,-3.861828558062611,-0.28251793729604235,1.4417619116421547,1.3969478484892766,True
319,0.15949142078832007,-0.9234364444981845,-0.8745603511378082,-4.255610273683509,2.3775147428049084,1.0829278652865046,1.0340517719261282,True
320,-3.519477594682781,-3.519297813109826,-3.5168590987390864,-3.5797056531463363,-3.450267179677183,-0.00017978157295495123,-0.0026184959436945654,True
321,1.1260982028235709,-2.351577579252829,-2.2497746528959013,-5.673241490981262,0.8655721093379476,3.4776757820763997,3.3758728557194724,False
322,-0.2886337965231437,-0.9908440525291654,-1.0281923296653948,-3.9144271734256986,1.8184321856828238,0.7022102560060217,0.7395585331422511,True
323,-0.6236878100420994,-2.0260282292652394,-2.0508595566362535,-3.9190811661625933,-0.3158798288383204,1.40234041922314,1.427171746594154,True
324,0.21876549634592435,-0.7634268543450824,-0.8047842433679078,-4.113088057962688,2.962230411927108,0.9821923506910067,1.023549739713832,True
325,-3.519438411148877,-3.518781204988932,-3.518330312558426,-3.5818992269800023,-3.4564512797369207,-0.0006572061599445789,-0.0011080985904508012,True
326,1.1217067885613419,-2.3082834839872395,-2.2886662126891917,-5.418706937773815,0.8212296232024852,3.429990272548581,3.4103730012505338,False
327,-0.27537782339313,-0.9543245426620554,-0.9881408629503599,-3.8455161198503145,1.8279294869004745,0.6789467192689254,0.7127630395572299,True
328,-0.6178777084338372,-2.0936618445905544,-2.074630961645885,-4.041897072555704,-0.35142716347678354,1.4757841361567172,1.456753253212048,True
329,0.2437232279047451,-0.8159071379997975,-0.7943102278783538,-4.559915040721851,2.484486317348731,1.0596303659045425,1.0380334557830988,True
330,-3.519458919305742,-3.524821410560877,-3.5249125136013424,-3.585074775873006,-3.4616092185577614,0.0053624912551351045,0.005453594295600439,True
331,1.1111745543905913,-2.196334133667894,-2.2712429388328137,-5.440179374978826,0.7347877891852541,3.307508688058485,3.382417493223405,False
332,-0.2780993287361722,-1.120789964432307,-0.9971666083846755,-3.698729204881981,1.9385727117342315,0.8426906356961348,0.7190672796485034,True
333,-4.357609554484399,-4.3658722096570175,-4.365442968207825,-4.429831742832938,-4.296619379849916,0.008262655172618594,0.007833413723425942,True
334,-2.972882859037952,-3.115041543000259,-3.124272900443108,-6.423291570975562,0.17711432081034945,0.14215868396230702,0.15139004140515588,True
335,-4.352628687255243,-4.369659743037116,-4.37157759980561,-4.43320227049978,-4.301998726484889,0.017031055781872695,0.018948912550366792,True
336,-2.9374449518800985,-3.084741021015774,-3.0845199553146894,-6.135947143679796,0.3330697985174162,0.14729606913567572,0.1470750034345909,True
337,-4.390142050611715,-4.371618398204817,-4.372253173768623,-4.437227259355827,-4.3051392977869085,-0.01852365240689746,-0.017888876843091595,True
338,-2.944028188475999,-3.0294892884332283,-3.1101334020216136,-6.208042704668492,0.14650527030151386,0.08546109995722917,0.16610521354561447,True
339,-4.387393971823871,-4.375791336377731,-4.378136588572662,-4.441608063488479,-4.306479869514687,-0.011602635446139153,-0.009257383251208395,True
340,-3.001643620817049,-3.1095489622989523,-3.061148751431637,-6.36014757616464,0.07453233654674477,0.10790534148190334,0.059505130614588175,True
341,-3.321508186024235,-3.3277764921147357,-3.3269649872353044,-3.3937209441078617,-3.260999760366595,0.006268306090500886,0.005456801211069617,True
342,-3.2908466991463423,-3.3319793738044963,-3.333317232324787,-3.402020504697684,-3.2638172328114337,0.041132674658153956,0.042470533178444736,True
343,-3.3673108819795554,-3.335576688234793,-3.333805360094127,-3.402620501218066,-3.269875098143704,-0.03173419374476261,-0.033505521885428546,True
344,-3.347212283140836,-3.3428586507785076,-3.3413862052736922,-3.4081214764272016,-3.274036889344851,-0.00435363236232833,-0.005826077867143731,True
345,-3.348795117063321,-3.342098456116051,-3.343395897113284,-3.414042976895286,-3.276306297534544,-0.006696660947269617,-0.00539921995003656,True
346,-3.3519636940743003,-3.3481982053249726,-3.34899494530094,-3.414795105617328,-3.280720152401036,-0.0037654887493276945,-0.0029687487733602858,True
347,-3.3492414312086347,-3.3513482194069124,-3.3511018505977654,-3.416746834709066,-3.2878345561710987,0.002106788198277698,0.0018604193891307297,True
348,-3.3495626968959797,-3.3587482932951764,-3.356838688642486,-3.427066644390613,-3.292455279648416,0.009185596399196694,0.007275991746506172,True
349,-3.324356283457276,-3.324301078252567,-3.3241832318994993,-3.389501094258189,-3.2583379121275717,-5.520520470936319e-05,-0.0001730515577769154,True
350,-3.3312721070904248,-3.3273240027044593,-3.3299651232894254,-3.391988577578742,-3.263791721293901,-0.00394810438596549,-0.0013069838009993617,True
351,-3.3316423279977,-3.3312894073981933,-3.3307330081474147,-3.397767202138525,-3.26773417843819,-0.00035292059950675636,-0.0009093198502854172,True
352,-3.333807227291327,-3.3374977214240857,-3.3370993273272793,-3.403774406845811,-3.2740491544335533,0.0036904941327589036,0.0032921000359524832,True
353,-2.943891976975542,-2.9235706725160275,-2.9287305682105957,-2.994903678088271,-2.864720423714059,-0.020321304459514522,-0.015161408764946316,True
354,-2.938080062791887,-2.935635022313314,-2.9355322138687168,-3.0021096338989524,-2.8694520446451754,-0.0024450404785731905,-0.0025478489231702817,True
355,-2.932377043456141,-2.9350827433013205,-2.9359212015469303,-3.002297483516302,-2.8733342102737995,0.0027056998451793213,0.003544158090789118,True
356,-2.9269553870960823,-2.942726941544254,-2.9414491697369733,-3.009418447029175,-2.8763283709288126,0.0157715544481718,0.014493782640891073,True
357,-2.977160034329468,-3.099026193467529,-3.1071580377010353,-3.1985234471708517,-2.982692658810144,0.12186615913806076,0.12999800337156708,False
358,-3.801646079482306,-1.8797866112028392,-1.8299163081828862,-5.160685361456795,1.1142050720938494,-1.9218594682794667,-1.9717297712994197,True
359,-3.035110062294513,-3.102693319193979,-3.1115012010153675,-3.2029374382947258,-2.991908387644295,0.0675832568994661,0.07639113872085446,True
360,-3.76727642270376,-1.7923836244327545,-1.829660636410528,-4.931785640510834,1.427775632094046,-1.9748927982710054,-1.937615786293232,True
361,-3.1860883558906195,-3.1053438211166258,-3.1138637623196614,-3.2028322049249196,-2.9954745370572216,-0.08074453477399368,-0.072224593570958,True
362,-3.750932843464761,-1.7511851238167653,-1.8364988324927178,-4.8279310352726466,1.361775241848436,-1.9997477196479956,-1.914434010972043,True
363,-3.1468351670840486,-3.1096352190484624,-3.1192701163892673,-3.2090082114904988,-2.99769358100129,-0.03719994803558624,-0.027565050694781323,True
364,-3.72330737105698,-1.7800121583910988,-1.8400690153136634,-4.8691986622398415,1.2006010025144402,-1.9432952126658811,-1.8832383557433165,True
365,-3.6590926202727423,-3.730291035287352,-3.6981819997016423,-3.8748351718662093,-3.6173844453704755,0.07119841501460966,0.039089379428900006,True
366,-3.0154815689390095,-2.4578944297019563,-2.5226182291017185,-5.644234416655476,0.8620301656129459,-0.5575871392370533,-0.492863339837291,True
367,-0.2554822854168266,-1.2385809886029906,-1.2566828894848374,-4.166451516571107,1.629802853069202,0.983098703186164,1.0012006040680108,True
368,-3.668718468096847,-3.73754677539585,-3.703949516892373,-3.8789369581271536,-3.623335398464126,0.06882830729900258,0.035231048795525854,True
369,-2.7641671406581034,-2.5753550671291072,-2.495040773649359,-5.636596219699341,0.5250609871674287,-0.1888120735289962,-0.26912636700874426,True
370,0.06883552577543098,-1.2099543479679855,-1.279754729130252,-4.0467910484531755,1.465217235625728,1.2787898737434165,1.348590254905683,True
371,-3.8575565897993576,-3.7361817572846814,-3.704034395408163,-3.8828844996966727,-3.6227946944655276,-0.12137483251467618,-0.1535221943911944,True
372,-2.811745437440975,-2.4572545986580536,-2.514188950164135,-5.703479276168043,0.6675554867004945,-0.35449083878292154,-0.29755648727684036,True
373,-0.13045042938406495,-1.2344827930559579,-1.2168834356641256,-3.9686871046237235,1.439970329661381,1.104032363671893,1.0864330062800607,True
374,-3.855125784290537,-3.7425237344276683,-3.7101036387721846,-3.890117174154971,-3.6292495180006505,-0.11260204986286881,-0.14502214551835246,True
375,-2.773922945252919,-2.364942439310628,-2.4183646553653695,-5.670613947704595,0.9285848872595784,-0.40898050594229085,-0.35555828988754934,True
376,-0.10072682336648217,-1.2094401607051435,-1.2109426859165464,-4.321146933688191,1.8622260602059382,1.1087133373386613,1.1102158625500642,True
377,-2.995655410362748,-2.776143103388945,-2.7764001063740333,-2.8667100591926693,-2.684816299224404,-0.21951230697380275,-0.21925530398871462,False
378,-0.005128908530348748,-1.3822539552059963,-1.498433787512329,-4.532188483977003,1.8297393963360855,1.3771250466756475,1.4933048789819803,True
379,-2.8178835591105837,-2.798215905433676,-2.7831754234737156,-2.876100914451466,-2.6889843552508883,-0.019667653676907815,-0.03470813563686814,True
380,0.2600437927802133,-1.5145112691125868,-1.5600149487592025,-4.69491288647121,1.7116944709395503,1.7745550618928,1.8200587415394158,True
381,-2.7348009366689383,-2.7817217200134845,-2.78318760603082,-2.877265926507396,-2.6872246025734214,0.04692078334454619,0.04838666936188174,True
382,0.19362111204788798,-1.481844163995351,-1.4907860517700842,-4.7190353420352515,1.6730537011381028,1.675465276043239,1.684407163817972,True
383,-2.304462938231198,-2.7877060079262375,-2.790940638153821,-2.8786376469582002,-2.698892591064146,0.4832430696950394,0.4864776999226228,False
384,0.12840920568555828,-1.4891864861117334,-1.5026656714266964,-4.596279779115786,1.570520838476924,1.6175956917972918,1.6310748771122547,True
385,-4.97787009068357,-5.054767467460585,-5.05623587117994,-5.126242349962247,-4.982554114286813,0.07689737677701469,0.07836578049636955,False
386,-3.236206263018993,-3.764574715071167,-3.837400402133812,-6.745878963162032,-0.5094058381080383,0.5283684520521739,0.6011941391148192,True
387,-3.1158002395764015,-2.542163797495595,-2.570138178409739,-5.364333048520786,0.4058142059772304,-0.5736364420808067,-0.5456620611666625,True
388,-5.072641303277918,-5.063398832073697,-5.062747510980964,-5.128671902217961,-4.995312057115613,-0.009242471204220948,-0.009893792296954196,True
389,-3.406973191890545,-3.7841331732519294,-3.802906193821366,-6.9811709235594,-0.47399493050377417,0.3771599813613844,0.39593300193082115,True
390,-3.203582788077996,-2.7060000187519915,-2.612953441956311,-5.78839354367448,0.17709118559753328,-0.49758276932600465,-0.5906293461216849,True
391,-5.051838791196289,-5.065924619521894,-5.065459392530121,-5.134005083911579,-4.994341038464163,0.014085828325605121,0.013620601333832028,True
392,-3.3092799107949165,-3.828441611790008,-3.830339710480775,-7.165146352771809,-0.5640722999600346,0.5191617009950917,0.5210597996858586,True
393,-3.2151936227187914,-2.6615948887755616,-2.57990873735067,-5.643647020627945,0.4905863280560129,-0.5535987339432298,-0.6352848853681214,True
394,-5.098469621574267,-5.068726991763675,-5.070366368237329,-5.135500391134484,-4.999620572891965,-0.029742629810592724,-0.02810325333693875,True
395,-4.421361953825592,-4.431544811973163,-4.430041892693534,-4.498232598071144,-4.366144022865766,0.010182858147571139,0.008679938867942383,True
396,-4.419338086431558,-4.437790248976119,-4.436578663043796,-4.505330284424796,-4.372042606247987,0.018452162544561723,0.0172405766122381,True
397,-4.443994561799761,-4.43866377954393,-4.437397285335853,-4.502872256280728,-4.373304939336776,-0.005330782255831501,-0.006597276463907953,True
398,-1.4712582488700714,-3.2322624400073163,-3.16070765112825,-6.282844759962547,-0.1306990079644931,1.761004191137245,1.6894494022581785,True
399,2.6579491781326774,-1.9166975493604674,-1.9769039054203772,-4.676439959494291,0.9936949296463286,4.574646727493144,4.634853083553055,False
400,-4.481122429022258,-4.4438361435802,-4.443181508453964,-4.511489705677164,-4.3735025172889275,-0.037286285442057476,-0.03794092056829346,True
401,-1.477728826402357,-1.477918132084004,-1.4771280174865984,-1.5450698197208945,-1.4147131045508876,0.0001893056816471006,-0.0006008089157585328,True
402,-0.7777911719524443,-0.20038331012818272,-0.2011264767113037,-3.4090933230871627,3.007189183681821,-0.5774078618242615,-0.5766646952411406,True
403,-1.477729506193362,-1.4828284087493722,-1.4836232903543813,-1.5452700747357089,-1.4127086442138355,0.005098902556010199,0.0058937841610193775,True
404,-0.6965417863635671,-0.11075044962547559,-0.19348773904340738,-3.2390414136817594,3.0919530445167616,-0.5857913367380916,-0.5030540473201597,True
405,-1.4777294302018167,-1.4824471819100322,-1.484693739283578,-1.548058558086386,-1.418611837848409,0.004717751708215534,0.006964309081761266,True
406,-0.6851496484081738,-0.2644746171246842,-0.23037042823798662,-3.310928446521821,2.8132234747385434,-0.42067503128348965,-0.45477922017018724,True
407,-1.6280393443487629,-1.489489270805054,-1.4896705275258209,-1.560860375946239,-1.4235219209512704,-0.13855007354370885,-0.138368816822942,False
408,-0.6737579329068278,-0.17720910056565242,-0.19817298861732868,-3.399786195998587,2.9271417712677223,-0.4965488323411754,-0.47558494428949916,True
409,-4.285914543068956,-4.294787798540143,-4.2932570452176755,-4.3568891461322545,-4.230182624442889,0.00887325547118678,0.007342502148719454,True
410,-4.292700433642541,-4.300408049289863,-4.299321328597141,-4.3647913279967385,-4.235594132633159,0.007707615647321475,0.006620894954599166,True
411,-4.301618934947908,-4.301110535653356,-4.3003403420048105,-4.3679311473272335,-4.237347227264471,-0.0005083992945520421,-0.0012785929430974008,True
412,-4.322302303184257,-4.307414287229584,-4.306890194931206,-4.373028375312294,-4.239307687434893,-0.01488801595467315,-0.015412108253050505,True
413,-2.5497978757883835,-2.5428061648054507,-2.5423833340989814,-2.6142016199316584,-2.477481495815566,-0.0069917109829327195,-0.007414541689402032,True
414,-2.5489238198697715,-2.549285916842312,-2.5490170782502206,-2.611436931237032,-2.4843989480972386,0.00036209697254063755,9.325838044915713e-05,True
415,-2.5481975958091105,-2.5490266456350796,-2.5498752736522077,-2.6117736216945953,-2.484420166150982,0.000829049825969097,0.0016776778430971362,True
416,-2.5475559377036494,-2.5549955782141587,-2.555021310712161,-2.625836220273703,-2.4910946919569548,0.007439640510509271,0.007465373008511467,True
417,-3.082299566507695,-3.031707559980796,-3.0313805013653488,-3.102580862621495,-2.962248163627562,-0.05059200652689899,-0.05091906514234612,True
418,-3.0362741542933245,-3.038446152771621,-3.037181678669444,-3.1043970394702174,-2.9745044336302513,0.002171998478296633,0.0009075243761196283,True
419,-3.0255970461346036,-3.0366208927845353,-3.0381933788701696,-3.1051746990455293,-2.966871467112119,0.011023846649931723,0.01259633273556604,True
420,-3.0376250237962523,-3.0473793242730762,-3.045080105571917,-3.1160723138538953,-2.9794277735081804,0.009754300476823907,0.007455081775664674,True
421,-3.4950795843617435,-3.5255445420936167,-3.525619278761778,-3.591983931476263,-3.458039406207058,0.030464957731873188,0.030539694400034456,True
422,-2.102761470458236,-2.256660094559129,-2.2729182087964332,-5.469031058898799,0.973910554262455,0.15389862410089306,0.17015673833819722,True
423,-0.4443318057643055,-0.9505246965991959,-1.0912086784337287,-4.0756664519504575,1.6390693844346769,0.5061928908348905,0.6468768726694232,True
424,-3.5468264319737974,-3.530908975426026,-3.531764290723076,-3.598529733770491,-3.4605258306184377,-0.015917456547771547,-0.01506214125072125,True
425,-1.4127555369491065,-2.25711049725242,-2.2730454692360125,-5.406928692792113,0.7600063509977745,0.8443549603033136,0.860289932286906,True
426,-0.41446223476174443,-1.1505625240187975,-1.0923144785960024,-4.0182010515125715,1.6464065424081995,0.7361002892570532,0.677852243834258,True
427,-3.5498139101941883,-3.531963229275458,-3.5324950114441007,-3.5980586915109214,-3.4662212726100967,-0.017850680918730433,-0.01731889875008763,True
428,-1.849178524745179,-2.2331446076435095,-2.297637089675776,-5.466004181265317,0.9959205676836193,0.38396608289833045,0.448458564930597,True
429,-0.3943621631578679,-1.12396006971139,-1.0535453021300483,-3.875919342483141,1.7073916587023827,0.7295979065535222,0.6591831389721804,True
430,-3.531863496529339,-3.5394448773265306,-3.538260062206275,-3.6033499813977428,-3.4741818624409704,0.007581380797191617,0.006396565676936028,True
431,-1.7581023636794109,-2.135919097124374,-2.244908384789185,-5.352807927047289,1.0673730506829364,0.37781673344496336,0.4868060211097742,True
432,-0.3864158942295743,-1.056178395232443,-1.0386851073518937,-3.995870065672674,1.9643956220675882,0.6697625010028687,0.6522692131223193,True
433,-2.7556244005103885,-2.760009764500458,-2.761307136416489,-2.8279637436516296,-2.691038561692449,0.004385363990069724,0.005682735906100689,True
434,-2.7538639268991645,-2.7668088564034488,-2.7681740159290795,-2.8352760522345344,-2.7005542757407994,0.012944929504284275,0.01431008902991504,True
435,-2.8133830053466946,-2.76970604502001,-2.76853879298151,-2.837306150895742,-2.7060027128080524,-0.043676960326684444,-0.04484421236518443,True
436,-2.7740893663135897,-2.77498040437909,-2.7741067731012903,-2.8447742271204293,-2.7054898945048915,0.0008910380655002825,1.7406787700569026e-05,True
437,-1.1771678863614055,0.42735049595037866,0.460205569292834,-2.9971412566902873,3.74014158420657,-1.6045183823117841,-1.6373734556542394,True
438,-2.2701759127881544,-2.1467561356484874,-2.139936168092185,-2.25749334293081,-2.040336373280493,-0.12341977713966701,-0.13023974469596933,False
439,1.5398727399993284,-0.9735282775614812,-0.9379465495313419,-4.017612511246806,2.234433698241533,2.5134010175608097,2.4778192895306703,True
440,1.302694865087262,0.376868936614256,0.30085108668791577,-2.3856801841309254,3.2235757256407767,0.925825928473006,1.0018437783993464,True
441,-1.084117860067323,0.651656706403456,0.5181578217113109,-2.778353531138241,4.034109670801448,-1.7357745664707789,-1.6022756817786337,True
442,-2.1115349921057383,-2.151601771062185,-2.1460607082652983,-2.265458419924872,-2.0458666332251885,0.040066778956446836,0.034525716159560016,True
443,1.4352038289470688,-0.811048540424029,-0.8760156276168736,-3.9734772849174522,2.189679221817707,2.246252369371098,2.3112194565639426,True
444,1.210172414509042,0.34310224300918624,0.33755242276767017,-2.483536063096226,3.3917354307740766,0.8670701714998558,0.8726199917413718,True
445,-0.9739992516053412,0.6010634805388064,0.5738315048558196,-2.7138978819292845,3.9257077349407403,-1.5750627321441475,-1.5478307564611606,True
446,-2.211680490391461,-2.152231162693923,-2.1464706846133597,-2.265025938907999,-2.0474649013643735,-0.0594493276975383,-0.06520980577810143,True
447,1.5547804361490947,-0.9315413109462333,-0.8646116836473487,-4.0116229147454225,2.188463723959019,2.486321747095328,2.419392119796443,True
448,1.1529996344219986,0.3287085517434842,0.35040292017415564,-2.6020262687231885,3.3344955813457973,0.8242910826785144,0.802596714247843,True
449,-1.0199121582647581,0.5540938431566523,0.6117817698608801,-2.917158545129792,3.9470471933011324,-1.5740060014214103,-1.6316939281256382,True
450,-2.055326470718959,-2.158146637077466,-2.153180686567956,-2.2700062955276143,-2.0502956009585667,0.10282016635850688,0.09785421584899723,True
451,1.6667927999941015,-0.9602010651125958,-0.8795097096651641,-4.237276876549347,2.2184181595167884,2.626993865106697,2.5463025096592657,True
452,1.305251583983919,0.3890376027884779,0.34809618432456124,-2.362836045675444,3.28160967807559,0.9162139811954411,0.9571553996593577,True
453,0.44726465987319497,1.3590308527911628,1.3598022688000797,-1.989949458960814,4.843073990605516,-0.9117661929179678,-0.9125376089268847,True
454,-1.2658482080440236,-1.2605591893159198,-1.2601548493153398,-1.32374334290163,-1.1930400977121836,-0.005289018728103834,-0.005693358728683817,True
455,0.05366069160528299,0.027333289055010555,0.014151892806491432,-3.2823238626102245,3.3433048245209074,0.02632740255027243,0.03950879879879156,True
456,0.7939645316464058,1.2113445750807534,1.2222080209164161,-1.663362117424296,4.034161696192433,-0.41738004343434765,-0.4282434892700103,True
457,0.43465821387824766,1.3350624434056135,1.3773025138259345,-2.1120664523166917,4.711763723606208,-0.9004042295273659,-0.9426442999476868,True
458,-1.2658482080440236,-1.2651002408224117,-1.2650631577102291,-1.3278000964186438,-1.199891713963524,-0.000747967221611967,-0.0007850503337945014,True
459,0.05107423453533266,0.00610797214538886,-0.005929504191460183,-3.177934724242764,3.090872307141053,0.044966262389943806,0.057003738726792846,True
460,0.7833326013442395,1.260415841071142,1.232878520642246,-1.6925613339279357,4.051109448273452,-0.47708323972690236,-0.44954591929800636,True
461,0.43919144806253707,1.482316028876899,1.4587892272785807,-1.9380813724353407,4.745074029947932,-1.043124580814362,-1.0195977792160438,True
462,-1.2658482080440236,-1.2676068555573041,-1.2672319270636105,-1.3352773002334994,-1.200119546382995,0.0017586475132804757,0.0013837190195868931,True
463,0.05240757892645312,0.009569978048904542,0.0031151261801204803,-3.100887894828511,3.2271020810332214,0.04283760087754858,0.049292452746332635,True
464,0.7882752802774577,1.144286186094374,1.2154871941001613,-1.630807263515765,4.172378281203039,-0.3560109058169163,-0.4272119138227035,True
465,0.4551976995719317,1.5486184000850831,1.522104927333054,-1.9575344251671716,5.257058875007482,-1.0934207005131515,-1.0669072277611225,True
466,-1.2658482080440236,-1.2743543688087748,-1.2739724954156588,-1.335469822145392,-1.2116548293111176,0.008506160764751192,0.008124287371635175,True
467,0.05336866516294167,0.0944034702900844,0.017747814594977967,-2.9550095383105752,3.372930142435143,-0.041034805127142734,0.0356208505679637,True
468,0.7794477515092887,1.2597647114033204,1.251280478609238,-1.6051997914912928,4.216902616253048,-0.48031695989403167,-0.4718327270999493,True
469,-4.289354075630814,-4.292121164603765,-4.291634402415992,-4.358544502091639,-4.225632436245036,0.0027670889729511927,0.0022803267851783104,True
470,-3.41124771751566,-3.3757241090280354,-3.021164454904995,-6.174712169920814,-0.053723685086391845,-0.0355236084876247,-0.39008326261066495,True
471,-4.28511569031987,-4.298415298001329,-4.2982133533651155,-4.362555748506155,-4.23260932615485,0.01329960768145888,0.013097663045245511,True
472,-3.4555027265196996,-3.0184142556676963,-3.0509381451328244,-6.251549864951329,0.008116065957507957,-0.4370884708520033,-0.40456458138687523,True
473,-4.2957851172877835,-4.301416585693014,-4.299697511748141,-4.363577070026412,-4.237951413832612,0.005631468405230322,0.003912394460357405,True
474,-3.1941832122778293,-3.055407247674513,-3.0227267402527023,-6.226160008307593,0.26293128838770746,-0.1387759646033162,-0.17145647202512704,True
475,-4.353373754552416,-4.304815020912654,-4.305793586278449,-4.375178777437482,-4.242129223274165,-0.048558733639761265,-0.04758016827396627,True
476,-3.270169119255751,-3.0515562825135265,-3.028098678025061,-6.4048056870881585,0.2584732588101478,-0.21861283674222465,-0.24207044123069021,True
477,-3.8649737492410763,-3.8654768999824,-3.8658858624844115,-3.9359272319688188,-3.7953751025995137,0.0005031507413235659,0.0009121132433351775,True
478,-3.8926321695187163,-3.869310771374234,-3.871316976108445,-3.9367350696062524,-3.799676379947526,-0.02332139814448242,-0.021315193410271327,True
479,-4.253926632046568,-3.8725625810417674,-3.872976218269323,-3.9405677937447354,-3.804034855990785,-0.3813640510048004,-0.3809504137772448,False
480,-3.8519842802595705,-3.8824864411544997,-3.8793826868467587,-3.9474665065310637,-3.80501086789094,0.030502160894929187,0.027398406587188173,True
481,-1.1524697360899605,-1.1337090457646843,-1.1425778946009624,-1.2412231007640828,-1.010349362867724,-0.018760690325276164,-0.009891841488998132,True
482,-1.0411994989030322,-1.1418998426057005,-1.1490064737929142,-1.2474656516086893,-1.0212734738491922,0.10070034370266834,0.107806974889882,True
483,-1.2441836507675643,-1.1393897257680772,-1.148738256140585,-1.2487064121279352,-1.0191113124699906,-0.10479392499948714,-0.09544539462697932,True
484,-0.838872538902239,-1.1478191070398525,-1.1551480676706793,-1.2582748976559426,-1.0223145985539086,0.30894656813761345,0.31627552876844034,False
485,-4.2227483275506215,-4.213278988214392,-4.211160481772257,-4.274417116985817,-4.147117781147793,-0.00946933933622951,-0.011587845778364247,True
486,-4.212039367112105,-4.216065419518949,-4.217161392457822,-4.281006974182634,-4.1477770861364265,0.004026052406843839,0.0051220253457167075,True
487,-4.209253328386128,-4.2192004230858435,-4.2187676425993015,-4.286272912011589,-4.152372917438012,0.009947094699715109,0.009514314213173058,True
488,-4.229309764753137,-4.221998608172953,-4.22370597494528,-4.291013384897602,-4.157724654628396,-0.007311156580183997,-0.00560378980785714,True
489,-3.9753397306718066,-3.982035428314218,-3.983557272020705,-4.045275788183766,-3.9157051172547,0.006695697642411513,0.008217541348898294,True
490,-4.58306290742094,-2.7287626182861886,-2.7380377236801143,-5.978159212873628,0.4786340601273431,-1.8543002891347515,-1.8450251837408258,True
491,-1.792494841387103,-1.5351566631202576,-1.5301507308796065,-4.537554125077487,1.2907149407511034,-0.25733817826684535,-0.2623441105074964,True
492,-3.9812373215743047,-3.9869852108697295,-3.9883016036861996,-4.052669135003242,-3.9217114642023216,0.005747889295424802,0.007064282111894915,True
493,-4.614022214507393,-2.6219507338097188,-2.662912136017475,-5.648869404713568,0.6012805802460887,-1.9920714806976738,-1.9511100784899176,True
494,-1.8104481540817616,-1.5616773599243294,-1.5221998341032164,-4.512207643048889,1.4507800402146862,-0.2487707941574322,-0.2882483199785453,True
495,-4.002815084265993,-3.9905400849737505,-3.991320295485841,-4.057889951336798,-3.925621488950914,-0.01227499929224285,-0.011494788780152199,True
496,-4.691598902683174,-2.765448014474908,-2.716320757805482,-6.145067659929819,0.509659059075916,-1.9261508882082663,-1.9752781448776924,True
497,-1.8454659343522724,-1.4867370968362832,-1.5205523797643705,-4.409608005729887,1.4455376721550934,-0.35872883751598916,-0.32491355458790183,True
498,-3.998318538047676,-3.9989984587641274,-3.9974770754084394,-4.06359920505937,-3.93427915035791,0.0006799207164513987,-0.0008414626392365676,True
499,-4.698549352969136,-2.669850629393257,-2.683341134883811,-5.786539561649215,0.5101461018787318,-2.0286987235758787,-2.0152082180853244,True
500,-1.839129179995692,-1.5429741819940879,-1.499936548616791,-4.541510320180668,1.3316309908930009,-0.29615499800160405,-0.3391926313789009,True
501,-2.661047347506875,-2.6201896280392565,-2.63732120267673,-2.7082278982438455,-2.4176065910373534,-0.040857719467618736,-0.023726144830145124,True
502,-2.644556416303639,-2.627348826758827,-2.6437236763404743,-2.7155394582333363,-2.430754420265787,-0.017207589544811608,-0.0008327399631644639,True
503,-2.426463606050109,-2.6265462595432933,-2.644280639431533,-2.7170456430693033,-2.4226977042893303,0.20008265349318455,0.217817033381424,True
504,-2.3112899526717237,-2.633074243692197,-2.651198718336154,-2.7231201127695073,-2.43018176426313,0.3217842910204731,0.3399087656644304,False
505,-0.5555032368233169,0.6526609200830177,0.6377886787703891,-2.8565845181219025,4.201390304996727,-1.2081641569063346,-1.193291915593706,True
506,-2.007253221260496,-2.00447507805544,-2.004308549914164,-2.0710382781978023,-1.9383412020411104,-0.002778143205055983,-0.0029446713463321394,True
507,-0.5599571621212718,0.6251096607815383,0.6972232971935699,-2.707040845372808,4.136315321232449,-1.18506682290281,-1.2571804593148417,True
508,-2.011158437250907,-2.0110215072534805,-2.0104637550022435,-2.0726475070760557,-1.9457358738764072,-0.0001369299974265381,-0.0006946822486635362,True
509,-0.5596125188879085,0.58626827457076,0.7304268234497626,-2.481058447748579,4.125206594536992,-1.1458807934586686,-1.2900393423376713,True
510,-2.0113841567725617,-2.011393349110966,-2.011256655504436,-2.0800440160332383,-1.948358447243519,9.192338404240274e-06,-0.00012750126812566265,True
511,-0.5595839752355456,0.8553017809007791,0.7579286719502928,-2.4961285249059104,4.238263751640931,-1.4148857561363246,-1.3175126471858385,True
512,-2.0125598925788477,-2.0186065184355453,-2.0184294704920145,-2.083847186516334,-1.9524828250049207,0.006046625856697574,0.005869577913166779,True
513,-3.319266467187429,-3.315897311868328,-3.3156202513560764,-3.384196721017332,-3.2480249577733047,-0.0033691553191008694,-0.003646215831352606,True
514,-3.3235530350256766,-3.3212141298087827,-3.321280448675709,-3.386835856140664,-3.2566912955663696,-0.0023389052168938385,-0.0022725863499677423,True
515,-3.32348905461014,-3.3219328029907684,-3.3232346542673694,-3.3858087893232764,-3.2552116160102,-0.0015562516193714515,-0.00025440034277046664,True
516,-3.3236649266515355,-3.3295067444237496,-3.3288402810247755,-3.392972053934642,-3.267033370957205,0.005841817772214153,0.005175354373240015,True
517,-3.300868435794877,-3.302661179864397,-3.304157020997001,-3.368821735011263,-3.2344278362240555,0.0017927440695197916,0.0032885852021240503,True
518,-2.6059506211937546,-2.0554591118763152,-2.092447537020915,-5.195457216175529,1.1826141175951903,-0.5504915093174394,-0.5135030841728399,True
519,-0.5125894444997572,-0.8535140230685357,-0.83067960804977,-3.6592732984855485,1.9874110451768574,0.34092457856877856,0.31809016355001285,True
520,-3.3134513502170595,-3.3084281816582446,-3.3089976649963386,-3.375982616917719,-3.241661650865081,-0.0050231685588149055,-0.004453685220720871,True
521,-2.5824546257090337,-2.086595544634047,-2.0696348800358253,-5.246490004038826,0.8722050765967677,-0.49585908107498655,-0.5128197456732084,True
522,-0.46822986083769863,-0.7884921192205147,-0.8103141329975299,-3.710252595234794,2.2902311439549843,0.320262258382816,0.3420842721598312,True
523,-3.270981275530926,-3.3100925270866246,-3.3111649769498186,-3.3778676020027545,-3.244550817105031,0.03911125155569861,0.0401837014188926,True
524,-2.5482097827284074,-2.0353064632706386,-2.0285008489045357,-5.001089021779589,0.9997666148138746,-0.5129033194577688,-0.5197089338238716,True
525,-0.4592344285498192,-0.8503254155349393,-0.8012027241559616,-3.6287805835886267,2.2207469624334237,0.3910909869851201,0.3419682956061424,True
526,-3.352925501874433,-3.317801773668895,-3.3175174929760525,-3.3839251250004407,-3.2488957791600623,-0.03512372820553811,-0.03540800889838058,True
527,-2.514358202260502,-2.091136881478089,-2.0423760848183083,-5.222020521073614,1.217388584326669,-0.42322132078241337,-0.47198211744219387,True
528,-0.4237440824887163,-0.8946587808017699,-0.8139875717571378,-3.758578200585047,1.9907592800898333,0.47091469831305355,0.39024348926842145,True
529,-3.329297914917192,-3.3315216007743595,-3.332148462415634,-3.398749733333827,-3.26899819233479,0.002223685857167368,0.0028505474984417134,True
530,-3.329921464513237,-3.3393762207117526,-3.338893142654922,-3.4061315619958656,-3.2747474077634955,0.009454756198515657,0.008971678141685313,True
531,-3.3305633154225447,-3.3386268837741655,-3.3380805043518396,-3.406047947747873,-3.2727513109832755,0.008063568351620809,0.007517188929294871,True
532,-3.387807315875584,-3.346310814222032,-3.3448479528550825,-3.411660741897278,-3.2818023246824306,-0.04149650165355201,-0.04295936302050141,True
533,-4.5965877926544465,-4.712606505970748,-4.714762910157669,-4.8828740394233145,-4.583631695714057,0.11601871331630154,0.11817511750322218,True
534,-2.930925506118397,-3.4113008922547423,-3.468865079979725,-6.693961930086459,-0.25188877614539884,0.4803753861363451,0.537939573861328,True
535,-2.600974888334449,-2.1411104439844784,-2.2560798209898163,-4.892863818211042,0.5818903453243429,-0.45986444434997065,-0.3448950673446327,True
536,-4.735740182029045,-4.715302267636866,-4.72092583254815,-4.878467335443211,-4.583500572944416,-0.020437914392179124,-0.014814349480895217,True
537,-3.498805857787134,-3.467434202922072,-3.452986958049736,-6.788059475208651,-0.3604969167454664,-0.031371654865062215,-0.045818899737398056,True
538,-3.127972388421654,-2.276023172971717,-2.2685942570291338,-5.341763617725659,0.6348933090238618,-0.8519492154499373,-0.8593781313925204,True
539,-4.962011256681923,-4.719757260656379,-4.720918355846326,-4.889931279294051,-4.58938474837023,-0.24225399602554454,-0.2410929008355973,False
540,-3.4351830411641213,-3.4417036878817004,-3.504081878795021,-6.644603174814681,-0.34469161424387823,0.006520646717579126,0.06889883763089966,True
541,-3.1138230488650582,-2.2680319193510394,-2.2271710065370174,-5.241021767240941,0.6862627268171819,-0.8457911295140188,-0.8866520423280408,True
542,-0.4599740936085572,-2.574280832357359,-2.570861704663584,-4.426134881145735,-0.8222478102128224,2.1143067387488017,2.110887611055027,False
543,-4.115542663130963,-4.120218382503798,-4.118791850130805,-4.18817639463233,-4.052710722935339,0.004675719372834841,0.003249186999841669,True
544,-2.9812189387398607,-2.9016790477178795,-2.877771907554319,-5.997715492219092,0.22497890420311312,-0.07953989102198111,-0.10344703118554177,True
545,0.5953450925595982,-1.646985864178484,-1.653219973274274,-4.593916185042614,1.410114089542981,2.2423309567380825,2.2485650658338723,True
546,-4.118379655485775,-4.128287177301247,-4.126311142400385,-4.199065205661415,-4.060181476472915,0.009907521815471831,0.007931486914610097,True
547,-4.121075113705881,-4.12623857591408,-4.127422313274389,-4.195415107735657,-4.063125130429001,0.0051634622081984105,0.006347199568507378,True
548,-4.195441647445402,-4.133746678567286,-4.133278025692734,-4.198997698283215,-4.069056915380619,-0.06169496887811565,-0.062163621752667986,True
549,-1.0284534328047958,-1.0123373565067257,-1.0120547081069406,-1.0746193307205127,-0.9459576874347072,-0.016116076298070103,-0.016398724697855194,True
550,-1.023313625060304,-1.020525800196859,-1.0186227424836116,-1.0902418342066236,-0.9542084521378396,-0.0027878248634451985,-0.004690882576692479,True
551,-1.010989329320158,-1.0216185614456224,-1.020909200836095,-1.0868638103811958,-0.9565003495499332,0.010629232125464405,0.009919871515936984,True
552,-1.0143650785942169,-1.0266790270751711,-1.0267204905424545,-1.086745734950866,-0.9579166731633376,0.01231394848095424,0.012355411948237638,True
553,1.5546296759391052,-2.385831171987127,-2.4160818971051166,-4.240846922558047,-0.5450299257105202,3.940460847926232,3.9707115730442215,False
554,-3.9536479173290164,-3.9576857323723535,-3.9597256435671455,-4.028036197611991,-3.8905548709386903,0.004037815043337112,0.0060777262381290775,True
555,-3.1076545593465155,-2.721724012123511,-2.6945489238190903,-5.827079466869452,0.45817602204623886,-0.38593054722300435,-0.4131056355274252,True
556,-2.704679119230565,-1.4627823659850758,-1.5268972937718805,-4.233560605013512,1.3035543709143038,-1.2418967532454892,-1.1777818254586845,True
557,-3.9787121972612343,-3.9663918686342696,-3.966144151290533,-4.043779653917853,-3.893178324931542,-0.012320328626964638,-0.01256804597070138,True
558,-3.122539196826494,-2.7223493770877973,-2.7119172863435246,-5.824924598055788,0.43998795110230055,-0.4001898197386966,-0.41062191048296937,True
559,-2.7152451500871964,-1.5333628205645318,-1.4938921466476434,-4.3719941637968365,1.4307947252181445,-1.1818823295226646,-1.221353003439553,True
560,-4.076530934331602,-3.968576087354336,-3.9680578215842868,-4.040127209241564,-3.899495723320364,-0.10795484697726643,-0.10847311274731553,False
561,-3.142237588354089,-2.9829534592205005,-2.713612434667421,-5.817703962620537,0.40112834317137847,-0.1592841291335887,-0.4286251536866681,True
562,-2.761757736601036,-1.4873321463585467,-1.4788573836122119,-4.416149285740561,1.1888488742099688,-1.2744255902424892,-1.282900352988824,True
563,-3.939878188120794,-3.9743453508965874,-3.974588929558912,-4.048163166084821,-3.9038635593151345,0.034467162775793536,0.03471074143811803,True
564,-3.208972883231045,-2.7359684370340185,-2.711319093572759,-5.951637587870974,0.4052762171140864,-0.4730044461970264,-0.497653789658286,True
565,-2.6812934599181575,-1.4446398524650297,-1.421947540425531,-4.380129093278663,1.3389256520007071,-1.2366536074531278,-1.2593459194926264,True
566,-2.3634146538418364,-2.319573290226687,-2.320683118036049,-2.3847436401220268,-2.2514479199824358,-0.043841363615149564,-0.042731535805787146,True
567,-2.33967047903142,-2.327633023906228,-2.3273497750069403,-2.397602954946558,-2.25876979422794,-0.01203745512519161,-0.01232070402447949,True
568,-2.31638971290185,-2.3299469567688087,-2.329627857023546,-2.400536530306546,-2.25956040521144,0.013557243866958668,0.013238144121695772,True
569,-2.2925347571405443,-2.3341311572746757,-2.335543605190527,-2.4034221542724827,-2.2618096188488543,0.04159640013413135,0.04300884804998262,True
570,-2.394727150838943,-2.373305756941647,-2.3737744875977116,-2.4413008290221425,-2.3035448760043318,-0.021421393897296248,-0.020952663241231573,True
571,-1.4729069982343501,-1.1644781866927276,-1.1241081283921548,-4.453129673918005,2.1048345723265274,-0.3084288115416225,-0.3487988698421953,True
572,-2.4322276102498823,-2.3798179940127526,-2.379498662638083,-2.4485073093691896,-2.3066344108865917,-0.0524096162371297,-0.05272894761179936,True
573,-1.471698391492158,-0.9811929680691934,-1.1152370515041095,-4.095274873552761,2.142101748166644,-0.49050542342296455,-0.3564613399880485,True
574,-2.353934952182104,-2.3821570036289414,-2.381860107801664,-2.4544513917669235,-2.311902584727038,0.028222051446837426,0.027925155619560105,True
575,-1.4710628755078636,-1.105485874336216,-1.101889889890621,-4.216814337826865,2.0342179332042694,-0.3655770011716477,-0.36917298561724254,True
576,-2.361869150354037,-2.389086500840796,-2.386942430153189,-2.4603349212369383,-2.318981962559571,0.027217350486758995,0.02507327979915175,True
577,-1.4703827202521769,-1.1259404494050071,-1.1365297053547119,-4.266098070584844,2.1412188578186124,-0.3444422708471697,-0.333853014897465,True
578,-1.6125426909450415,-1.6269270385666035,-1.627307416563287,-1.6937528381986833,-1.5585281124987131,0.014384347621561933,0.014764725618245489,True
579,-0.6568697742956988,-0.46048709843039176,-0.4073341984293962,-3.7633486552658826,2.410180836297663,-0.19638267586530705,-0.2495355758663026,True
580,0.06739628138824108,0.9801443540729646,0.869571197143143,-1.8224564680882893,3.889278417709247,-0.9127480726847236,-0.802174915754902,True
581,-1.6232800454433223,-1.632659729000869,-1.63282294153095,-1.6990091341453608,-1.5659645732881795,0.009379683557546814,0.009542896087627817,True
582,-0.6307341541111455,-0.3738005275154536,-0.42138537313741675,-3.53142819517322,2.875271484715741,-0.2569336265956919,-0.20934878097372878,True
583,0.0966820064340975,0.8314814923398937,0.8386705060568327,-1.881387610296464,3.7299643552067914,-0.7347994859057961,-0.7419884996227352,True
584,-1.6340149255844356,-1.636977602888855,-1.6357921640772848,-1.7082819808969842,-1.5672424043458149,0.0029626773044193477,0.0017772384928491647,True
585,-0.6045949652508987,-0.39243812563444225,-0.3902993148189035,-3.7130188700971747,2.9126307730760104,-0.21215683961645648,-0.21429565043199522,True
586,0.1259657423549111,0.832017862928309,0.8854470367547602,-1.9683966366600543,3.698172760604148,-0.706052120573398,-0.7594812943998491,True
587,-1.6843311355335198,-1.639598780694123,-1.6404995512883693,-1.7093295571249325,-1.5713775544868163,-0.04473235483939675,-0.043831584245150434,True
588,-0.579328648828926,-0.3129410716176097,-0.33811721350916485,-3.4132375332493536,2.8731868132953653,-0.2663875772113163,-0.24121143531976114,True
589,0.1528014146187421,0.8711163474269772,0.852581386236946,-2.0992669114790354,3.683062105770775,-0.7183149328082351,-0.6997799716182039,True
590,-1.984650977371744,-1.9731573947952825,-1.974397974715448,-2.041647434813006,-1.9043868998825295,-0.011493582576461492,-0.010253002656295918,True
591,-1.9841708621348673,-1.979647202513995,-1.9806914234916633,-2.044432893288007,-1.9123076312023632,-0.0045236596208722,-0.0034794386432039914,True
592,-1.9574265911168724,-1.983807015150181,-1.9825476112548905,-2.0523069086937418,-1.9121458139513285,0.026380424033308536,0.02512102013801809,True
593,-2.2932205226356293,-1.986292904307112,-1.9883177792486202,-2.0524566943170672,-1.9219826906499096,-0.3069276183285172,-0.30490274338700907,False
594,-1.2044968827714673,-1.193441389667012,-1.1934075984583516,-1.2561951645786558,-1.126131108885923,-0.011055493104455305,-0.011089284313115622,True
595,-1.742704452695253,0.00923661857313538,0.06476618797831539,-3.2529429373224015,3.286032680131488,-1.7519410712683885,-1.8074706406735686,True
596,-1.2044263202284224,-1.201364251134728,-1.200600596754297,-1.2685291370925618,-1.1367461085347,-0.0030620690936944417,-0.003825723474125464,True
597,-1.727173594271932,0.11867651014524244,0.06922915196110682,-3.0522433842362906,3.392806761203685,-1.8458501044171745,-1.7964027462330387,True
598,-1.1984101311161746,-1.2000543973584552,-1.2011443452209956,-1.265944131996655,-1.1343036754253126,0.0016442662422806453,0.002734214104820998,True
599,-1.708525332219654,0.0355018919411216,0.059145082890932676,-3.0387038629946774,3.068136900089778,-1.7440272241607757,-1.7676704151105866,True
600,-1.1963061879191879,-1.2078057763449523,-1.2077816816262135,-1.2718878865817203,-1.146197347935332,0.011499588425764484,0.011475493707025608,True
601,-1.71269827340049,-0.03816321027485676,0.09566954700500445,-2.990761945452321,3.2568714154597775,-1.6745350631256333,-1.8083678204054945,True
602,-2.925661197635953,-2.9178799053814664,-2.9165717601205943,-2.981348724005297,-2.8542359087472735,-0.007781292254486427,-0.009089437515358512,True
603,-2.924262716284786,-2.923660617847313,-2.9229977523795903,-2.988072566727095,-2.860092360787814,-0.0006020984374730531,-0.001264963905195593,True
604,-2.922077939482231,-2.9239756938488304,-2.923755593552176,-2.9865216247818305,-2.8591769227883925,0.0018977543665994467,0.0016776540699452447,True
605,-2.9204834457224975,-2.9306608233783638,-2.929792982933133,-2.993384186334885,-2.8671889143012996,0.010177377655866238,0.009309537210635543,True
606,-3.452490676049708,-3.463474387291564,-3.4458800481393856,-3.5143930264625984,-3.381644894058071,0.010983711241856042,-0.0066106279103221866,True
607,-3.452490676049708,-3.4517595508422985,-3.4511630313405144,-3.51941909073317,-3.387710860962929,-0.0007311252074093666,-0.001327644709193443,True
608,-3.452490676049708,-3.4553621913988506,-3.4535685655160586,-3.5181566872978447,-3.3910828178969203,0.0028715153491427614,0.0010778894663507899,True
609,-3.452490676049708,-3.45853787259728,-3.459701935047816,-3.5267080444256313,-3.3965771308455457,0.006047196547572131,0.00721125899810815,True
610,-4.303818093681231,-4.207133557642524,-4.207456902984052,-4.276780477195004,-4.13999604551069,-0.09668453603870741,-0.09636119069717974,False
611,-2.5409584097593014,-2.864839120808209,-2.8972792509832828,-6.047879326962657,0.4461964729478165,0.3238807110489077,0.35632084122398133,True
612,1.5690557797525737,-1.6273182233017434,-1.7568562752236905,-4.704143462823294,1.1588326046790396,3.1963740030543173,3.325912054976264,False
613,-4.2057789064417985,-4.214663471715639,-4.21444924845135,-4.282973783311852,-4.149473452284749,0.008884565273840295,0.008670342009551746,True
614,-2.612882522188758,-2.8981516061344252,-2.9391624888603793,-5.9621503426273845,0.3025207603236928,0.2852690839456673,0.3262799666716214,True
615,1.5255746244903814,-1.7442636212413447,-1.7535246359532464,-4.701238741401956,1.1758691301683324,3.269838245731726,3.279099260443628,False
616,-4.197153206973306,-4.215404582794833,-4.215417795938598,-4.285587094114112,-4.149389738898564,0.018251375821527027,0.018264588965291928,True
617,-2.677635112237773,-2.9154284309499885,-2.922321992874367,-6.311479340715457,0.20716435812869768,0.23779331871221565,0.24468688063659405,True
618,1.5601356171479122,-1.6989374091529925,-1.7126724894907839,-4.572321483818208,1.2147197717705978,3.2590730263009045,3.272808106638696,False
619,-4.236521270410602,-4.2212979788132925,-4.2211928860731,-4.292625452318756,-4.154284724708641,-0.015223291597309618,-0.015328384337502499,True
620,-2.9038409004984533,-2.9942476741236694,-2.927550012700018,-6.181893915089137,0.31516220359178543,0.0904067736252161,0.023709112201564686,True
621,1.5291705418445813,-1.6851378072228316,-1.6890470398830173,-4.58105740295332,1.2081324778690834,3.214308349067413,3.2182175817275986,False
622,-3.7781741288811173,-3.7568208777963155,-3.756607165875944,-3.821639138680139,-3.687521281094602,-0.021353251084801794,-0.021566963005173356,True
623,-3.763580730977142,-3.765269383102813,-3.7634273342413658,-3.831539967079669,-3.695653477340963,0.0016886521256709308,-0.00015339673577630109,True
624,-3.75981922513427,-3.761493929839579,-3.7632774212621367,-3.8302802974003427,-3.6900326564331007,0.0016747047053087272,0.003458196127866575,True
625,-3.6712823503278362,-3.770413622086984,-3.770374984252106,-3.8380271496012477,-3.7058388128167836,0.09913127175914793,0.0990926339242697,False
626,-2.6739605955337553,-1.935669704193458,-1.9081485689854896,-3.7649022140057866,-0.19412872052114516,-0.7382908913402972,-0.7658120265482657,True
627,0.4225686503558215,-0.7424036134265034,-0.836019363459258,-4.255157938038429,2.6343701693088173,1.164972263782325,1.2585880138150793,True
628,-3.39631593699554,-3.430242756387562,-3.427895867696504,-3.497396238070452,-3.364181110758532,0.033926819392022356,0.0315799307009641,True
629,-2.0842583319685963,-2.156277035364511,-2.196738417257502,-5.390236085298283,1.1310263235651516,0.07201870339591476,0.11248008528890585,True
630,-2.7013820595591564,-1.9369669746325249,-1.931939444597373,-3.7090259061020827,-0.20781845526926981,-0.7644150849266316,-0.7694426149617835,True
631,0.27665588181897094,-0.5994264635870762,-0.7633092067638604,-4.181602287911093,2.7945618509511707,0.8760823454060471,1.0399650885828313,True
632,-3.428926383704635,-3.434552845851297,-3.433294016346341,-3.502776082573219,-3.3677005318112587,0.005626462146662181,0.004367632641705921,True
633,-2.1286598375175103,-2.2096934072337264,-2.127167804558416,-5.235187788688868,1.1923666445643286,0.08103356971621611,-0.0014920329590943915,True
634,-2.734894175164025,-2.0342536634945727,-1.969809519639934,-3.9709692361196884,-0.3094175598428043,-0.7006405116694525,-0.7650846555240913,True
635,0.19721016928770527,-0.6685474115218161,-0.6757047295613727,-4.174341232888755,2.7446830969236533,0.8657575808095214,0.872914898849078,True
636,-3.4457498475024404,-3.43625919414381,-3.435812856130789,-3.5033391495181205,-3.3684243479923555,-0.009490653358630308,-0.009936991371651605,True
637,-2.2608640977009524,-2.10628395062827,-2.217660610666964,-5.363306147870211,0.8846954164388429,-0.15458014707268264,-0.04320348703398835,True
638,-2.7425830506683706,-1.9297812448912897,-1.993977067285785,-3.7081249282654234,-0.1302573890947203,-0.8128018057770809,-0.7486059833825855,True
639,0.13554028749174815,-0.7156395201744449,-0.6430305072553384,-4.066185966787161,2.5545856288719406,0.8511798076661931,0.7785707947470866,True
640,-3.4570819089201854,-3.43933697689515,-3.4401855282095912,-3.5068990883240243,-3.3718334591312558,-0.017744932025035354,-0.016896380710594183,True
641,-2.279456816762984,-2.186587228804651,-2.1862273506611554,-5.442788205404,1.1268501028736349,-0.092869587958333,-0.0932294661018287,True
642,-0.32693832151091473,-1.311636611184411,-1.3173702437572947,-3.0977685604552807,0.4928020565314793,0.9846982896734964,0.99043192224638,True
643,-2.8622159299437118,-2.836281736496507,-2.8357206000804105,-2.9080819880373068,-2.7680137733241836,-0.025934193447204823,-0.026495329863301276,True
644,-1.307356464189717,-1.591587105923406,-1.6304215256199692,-4.707761496697513,1.745371096867518,0.28423064173368884,0.32306506143025215,True
645,-0.573263187516952,0.1812833285439491,-0.4121976272037401,-3.435841396731062,2.3639025157611355,-0.7545465160609012,-0.16106556031321195,True
646,-0.3308661820271337,-1.3550232573382759,-1.3591306713646016,-3.159639063457435,0.4936351529620165,1.0241570753111422,1.028264489337468,True
647,-2.8370230491188133,-2.842520792676051,-2.842197684947248,-2.906990354109295,-2.7755570088183448,0.005497743557237644,0.005174635828434582,True
648,-1.3043474202986212,-1.6086328910308634,-1.575339529563317,-4.75489663547137,1.3797698908316243,0.3042854707322422,0.27099210926469586,True
649,-0.6172907478435533,-0.3782548967688355,-0.33387542935060976,-3.15865077008443,2.521397409331546,-0.2390358510747178,-0.28341531849294355,True
650,-0.27477179654828937,-1.3776425755357282,-1.3837481716657969,-3.2453194311091615,0.4346033230316194,1.1028707789874388,1.1089763751175075,True
651,-2.842353837587678,-2.84468703257807,-2.8445972871029994,-2.9134634261713592,-2.774507668955372,0.0023331949903919735,0.002243449515321405,True
652,-1.2672369872653373,-1.6088232220048024,-1.6047720704222583,-4.7777140022824724,1.553843764692118,0.34158623473946514,0.33753508315692105,True
653,-0.5536233474471188,-0.26823386812967936,-0.31802591513317235,-3.0227864785991025,2.7166503954421066,-0.28538947931743947,-0.23559743231394648,True
654,-0.3713052564614597,-1.430979114962454,-1.3993135898896485,-3.2019271169468815,0.32075257772871685,1.0596738585009944,1.0280083334281889,True
655,-2.6963141288809402,-2.8500946804075773,-2.8491720715073865,-2.91744863501605,-2.7834286280099887,0.15378055152663705,0.15285794262644625,False
656,-1.2500689224695931,-1.5867386857835066,-1.5789257775737426,-4.704320085033911,1.6715711645413898,0.3366697633139135,0.3288568551041495,True
657,-0.5891910989339256,-0.305465020223961,-0.32184270844718454,-3.005060793507317,2.4441051919675467,-0.28372607870996464,-0.2673483904867411,True
658,-2.3529927196203073,-2.559490486476547,-2.4994382131990314,-4.308335888775831,-0.7429787075408391,0.20649776685623955,0.14644549357872405,True
659,-4.068472639059811,-4.03528724543737,-4.034941210676362,-4.112250324852914,-3.9542338951465923,-0.033185393622440884,-0.03353142838344958,True
660,-1.4041984124675804,-2.8290804677852766,-2.8159811838559374,-6.159297150396249,0.40153109997497743,1.4248820553176962,1.411782771388357,True
661,-0.44980777784296766,-1.5956051957036013,-1.5713757515129991,-4.3158717932883635,1.3306846383634987,1.1457974178606336,1.1215679736700315,True
662,-2.3233041303236135,-2.513124206405759,-2.5380772865896466,-4.343659974690841,-0.6765207925148999,0.18982007608214557,0.2147731562660331,True
663,-4.021097838051009,-4.040041836515679,-4.03923119230638,-4.118423167205646,-3.9625859764727767,0.01894399846467021,0.01813335425537055,True
664,-1.2215223005793665,-2.6527213173260935,-2.7748353506389956,-5.84518948526862,0.42582858382893723,1.431199016746727,1.553313050059629,True
665,-0.34412235389074886,-1.688131084737648,-1.5538742885405141,-4.550036154689795,1.2219412271884362,1.344008730846899,1.2097519346497654,True
666,-2.334340340081043,-2.578249638661026,-2.5597078756072627,-4.3883423460333075,-0.9422527771131824,0.2439092985799829,0.2253675355262197,True
667,-3.982066849161073,-4.040353791337581,-4.0422950091912515,-4.117969053590314,-3.959979960766364,0.05828694217650776,0.06022816003017839,True
668,-1.221568362237323,-2.797162704743007,-2.804079903690583,-5.9828724073233595,0.3538659191762171,1.5755943425056842,1.58251154145326,True
669,-0.33337423830374785,-1.427591835119663,-1.5503119616211527,-4.431729291438594,1.279512368713846,1.0942175968159151,1.2169377233174048,True
670,-2.3690929627535278,-2.6155736620632237,-2.597192299180028,-4.368292255808473,-0.7873403804703917,0.24648069930969596,0.22809933642650027,True
671,-4.1062649599701775,-4.048397260837373,-4.048628520449581,-4.125735386752268,-3.9715945155856893,-0.05786769913280487,-0.05763643952059638,True
672,-1.2186305139891405,-2.7054529512685934,-2.7503697422497586,-5.7019487253912775,0.6476739980942109,1.486822437279453,1.5317392282606181,True
673,-0.39624103373070263,-1.5700507641049029,-1.509065933062439,-4.388161039245654,1.2348268453730349,1.1738097303742,1.1128248993317365,True
674,-0.991069562394875,-0.914476952442831,-0.8839183725408889,-2.7329063638995748,0.81091664022243,-0.07659260995204398,-0.10715118985398608,True
675,2.5929900838317024,-0.03403943584394637,0.2103773644254734,-3.3140524487610454,3.5547757997317033,2.6270295196756486,2.3826127194062288,True
676,-2.4178572425871403,-2.417862141337275,-2.4174153790547024,-2.477763325687311,-2.355285565624034,4.898750134874064e-06,-0.0004418635324379139,True
677,-1.1460316550636074,-1.204936176666521,-1.1499486841081268,-4.177413279244138,1.854191384653255,0.058904521602913595,0.0039170290445194045,True
678,-0.5169722431269252,0.03634563168523546,0.024930422135476804,-2.6738681541092095,2.7284665112162356,-0.5533178748121607,-0.541902665262402,True
679,-0.9973955897805634,-0.9001431266518698,-0.9206699657692087,-2.6188465479636345,0.8752468174160113,-0.09725246312869362,-0.07672562401135474,True
680,2.6172055354497012,0.1345111724886231,0.21600694469826998,-3.071710444129053,3.6155724253061647,2.482694362961078,2.4011985907514313,True
681,-2.4228656883549182,-2.422870662005744,-2.423987168892725,-2.491141126976774,-2.358839216465339,4.973650825856879e-06,0.0011214805378068071,True
682,-1.1457678654880914,-1.1724641273214746,-1.1956109090839822,-4.481785677005658,1.7934366978997818,0.02669626183338325,0.04984304359589076,True
683,-0.5172151808850323,-0.0036444506250136303,0.022188698349945794,-3.1699364240009444,2.836956660472285,-0.5135707302600186,-0.539403879234978,True
684,-0.9852433505112768,-0.967189455407485,-0.9611606281995471,-2.831100097904872,0.9891218263879241,-0.01805389510379174,-0.0240827223117297,True
685,2.5946735016660667,0.3364532333471304,0.3282366495237986,-3.147318972764734,3.911973722541094,2.2582202683189365,2.266436852142268,True
686,-2.424705609230605,-2.425339209492377,-2.424668474415799,-2.4901616186207622,-2.361696536615053,0.0006336002617719494,-3.713481480582814e-05,True
687,-1.1452553130982868,-1.0855116509977143,-1.1891545651249298,-4.607648830732227,2.1491362304910275,-0.05974366210057247,0.04389925202664302,True
688,-0.5169572776753688,-0.06002192568273558,0.10596106733221174,-2.853034716109325,3.002722442986712,-0.45693535199263324,-0.6229183450075806,True
689,-1.0118113891549694,-1.003442989738323,-1.0133980358320602,-2.8403992551221453,0.8649187541203812,-0.008368399416646355,0.0015866466770908527,True
690,2.624079966083483,0.4109219359144756,0.3376735504462586,-3.085047379072226,3.814192706505834,2.2131580301690073,2.2864064156372246,True
691,-2.428841573146159,-2.427861929025919,-2.4301050939587734,-2.4951384000195227,-2.365528693905774,-0.0009796441202398753,0.0012635208126146047,True
692,-1.1444253345764002,-1.191102958699273,-1.1451824489730225,-4.358638194089784,1.8599101084080876,0.046677624122872796,0.0007571143966222937,True
693,-0.5171677464378969,0.1059224872370854,0.06581727257068798,-2.727385019034319,3.011244262046077,-0.6230902336749823,-0.5829850190085848,True
694,-3.7520462083626063,-3.7563142147079502,-3.754900368575436,-3.8211332530576843,-3.6914021344285475,0.0042680063453439665,0.002854160212829804,True
695,-3.7731871853699666,-3.759734492702654,-3.7620869403033534,-3.827042065598524,-3.6932881484326576,-0.013452692667312416,-0.011100245066613112,True
696,-3.7773704600304323,-3.764817342894972,-3.764422669267112,-3.832949202698751,-3.69871444748639,-0.012553117135460479,-0.0129477907633202,True
697,-3.734669168070649,-3.767585068925421,-3.7687930540020864,-3.833969575354063,-3.7025596699373122,0.032915900854771696,0.034123885931437226,True
698,-5.607717809638221,-5.638794791909966,-5.639253940302009,-5.705305770180569,-5.571392419716274,0.03107698227174449,0.031536130663787354,True
699,-3.736853592442164,-4.430359312835526,-4.397128811338542,-7.488193527446838,-1.3649330532378499,0.6935057203933614,0.6602752188963774,True
700,-1.9754285535133447,-3.2705699462397586,-3.1953224732857626,-6.217529054180151,-0.3755367722046388,1.295141392726414,1.219893919772418,True
701,-5.64553400613817,-5.645737349582725,-5.645570936071519,-5.712225551314226,-5.580484517422306,0.00020334344455541498,3.6929933349583166e-05,True
702,-3.7617777571106177,-4.436743780804243,-4.429338962326161,-7.526281984623379,-1.4185209098636684,0.6749660236936257,0.6675612052155437,True
703,-1.9886720083933953,-3.273099529674816,-3.2037945671650183,-6.295947532420536,-0.45159452259334065,1.284427521281421,1.215122558771623,True
704,-5.652690150573396,-5.64647376022788,-5.64890167903103,-5.712340036749031,-5.581222678383258,-0.006216390345516132,-0.0037884715423661675,True
705,-3.622009211136781,-4.3477707607571645,-4.373199358856706,-7.330942349157187,-1.211368253107951,0.7257615496203833,0.7511901477199245,True
706,-1.9413859978297916,-3.069746814842677,-3.1516328730387455,-5.966556290534169,-0.11234468274162149,1.1283608170128856,1.210246875208954,True
707,-5.690317302662748,-5.654477864702543,-5.654852869619132,-5.7219236854306885,-5.583197668869965,-0.03583943796020428,-0.03546443304361535,True
708,-3.519156170862309,-4.341246149391329,-4.389728394915195,-7.474018017580933,-1.3761136346895781,0.8220899785290197,0.8705722240528857,True
709,-2.097815393193595,-3.0949491847423753,-3.158917189437405,-6.185678807301671,-0.09081057212370439,0.9971337915487806,1.0611017962438103,True
710,-2.3411926702753627,-2.3402688573182644,-2.3414908167647654,-4.186531957829504,-0.603872393218489,-0.0009238129570983133,0.0002981464894027397,True
711,-3.864260406270993,-3.8989036734222458,-3.8994360827906487,-3.9647633135463116,-3.8307460754804232,0.034643267151252655,0.035175676519655585,True
712,-2.4160705508766216,-2.642052281408885,-2.645166900415976,-5.809748435977,0.47948870459325366,0.22598173053226356,0.22909634953935454,True
713,-2.1241891793309144,-1.3782582631502083,-1.406096356872704,-4.28438671587,1.4294778943593882,-0.7459309161807062,-0.7180928224582104,True
714,-2.349553915182906,-2.407011853222205,-2.408103762420036,-4.188606883709333,-0.6212329822184557,0.057457938039298995,0.05854984723712997,True
715,-3.9165581915795227,-3.904328518149119,-3.905783415396431,-3.975564297306251,-3.8375199900948105,-0.012229673430403487,-0.010774776183091639,True
716,-2.4161447761075974,-2.624574390124238,-2.633651011202612,-5.958142855681158,0.4200351096491723,0.20842961401664084,0.21750623509501477,True
717,-2.1584820269504275,-1.4540832464566298,-1.442207935111108,-4.434556562217724,1.4139186045803964,-0.7043987804937977,-0.7162740918393196,True
718,-2.321829809533615,-2.422064196756744,-2.4211632835928016,-4.27227320326669,-0.5454889193697775,0.10023438722312905,0.09933347405918669,True
719,-3.9038749782771567,-3.907905909705133,-3.9069545087624644,-3.973863661826983,-3.842253022308067,0.004030931427976281,0.0030795304853077354,True
720,-2.448788447144573,-2.681092543513577,-2.655746655622555,-5.845533803903411,0.4837805756673155,0.23230409636900395,0.2069582084779822,True
721,-2.1790336567141098,-1.5370688443866745,-1.4223197261940868,-4.406875888813178,1.3700887977555032,-0.6419648123274353,-0.756713930520023,True
722,-2.321161478566982,-2.451651464968288,-2.4858000738795685,-4.210926207155989,-0.71278809001603,0.13048998640130582,0.1646385953125864,True
723,-3.925547731763711,-3.9108693470060962,-3.912690422333653,-3.981622657001295,-3.846965741286371,-0.014678384757614626,-0.012857309430057917,True
724,-2.4396607403450985,-2.712782724736323,-2.6543719368864602,-5.653389662213132,0.5846766423986941,0.2731219843912247,0.21471119654136173,True
725,-2.181219749832695,-1.4807910317017579,-1.4487606530198076,-4.334855425759079,1.2659458777345625,-0.7004287181309372,-0.7324590968128875,True
726,-0.8388639745779698,-0.84773089592679,-0.8472656523392763,-0.9134919870460363,-0.7793074169707024,0.008866921348820167,0.008401677761306514,True
727,-0.8420317830721036,-0.8544258601193465,-0.8531814147548915,-0.9209880942955885,-0.7899939879822833,0.012394077047242935,0.01114963168278793,True
728,-0.8536007054646039,-0.8544699870622777,-0.8538906538813011,-0.9245258417598208,-0.7871854275832533,0.0008692815976738544,0.0002899484166972721,True
729,-0.9013578712826358,-0.8621329829232058,-0.8610236785884373,-0.9315018014105733,-0.7976028445445166,-0.039224888359429944,-0.04033419269419847,True
730,-3.405713915720522,-3.5214522442103964,-3.5292350510494,-3.616617668463493,-3.3955790315036425,0.11573832848987431,0.1235211353288781,True
731,-4.161964236253915,-2.3934876980074202,-2.2629117613583425,-5.65680523957818,0.8171621918110683,-1.768476538246495,-1.8990524748955728,True
732,-3.224612587653386,-3.5277725795098274,-3.534337017106841,-3.624511022474455,-3.403226711411652,0.3031599918564414,0.30972442945345513,False
733,-4.167073286728064,-2.2259336008433617,-2.299008238215781,-5.450010179522784,0.8591107356349686,-1.941139685884702,-1.8680650485122827,True
734,-3.5364931448469643,-3.5283895310758338,-3.537344889182469,-3.621465193832043,-3.403507902458272,-0.008103613771130558,0.0008517443355047227,True
735,-4.166113651765422,-2.222408335843752,-2.246950211609376,-5.42890569302862,0.802643287256892,-1.9437053159216702,-1.9191634401560465,True
736,-3.609206850888099,-3.5358033652472187,-3.542386398757397,-3.6277622396753455,-3.406430332563179,-0.07340348564088028,-0.06682045213070209,True
737,-4.164485433533729,-2.3025391559555994,-2.205824505556369,-5.451779550974976,0.8871276127957874,-1.8619462775781295,-1.95866092797736,True
738,-4.734090649850219,-4.724023073669567,-4.724657581879118,-4.789118657611041,-4.658363875362503,-0.010067576180651905,-0.009433067971101217,True
739,-4.742241358209394,-4.731608426433989,-4.731019493135934,-4.796070935417591,-4.6699760767062175,-0.010632931775404586,-0.011221865073459902,True
740,-4.731087888185338,-4.731588506771127,-4.73287073649151,-4.7915785394301125,-4.662376852502484,0.000500618585788537,0.0017828483061714806,True
741,-4.717933496433762,-4.738591582359586,-4.73842974509545,-4.8029620197607095,-4.67316260548816,0.020658085925823855,0.0204962486616882,True
742,-0.4540237658435591,-0.887465772927318,-0.8907840596563709,-4.305688326942876,2.4804907638949683,0.4334420070837589,0.4367602938128118,True
743,-3.496511286942067,-3.489588740617583,-3.488600254406331,-3.552275828651459,-3.423768508390014,-0.006922546324483747,-0.007911032535735885,True
744,2.080570610792804,-2.081067748194547,-2.2069304528788596,-5.1652700929041835,1.0587699687603733,4.161638358987352,4.287501063671664,False
745,-0.43220659994774746,-0.8043947804327191,-0.8100144394903868,-4.286894814955842,2.6527753822983864,0.3721881804849716,0.3778078395426393,True
746,-3.4965626995102843,-3.496650175682578,-3.4958768012435124,-3.5626541259220468,-3.4306099087200486,8.747617229376559e-05,-0.0006858982667719005,True
747,2.16051373883342,-2.2808490827651746,-2.2553647473894203,-5.273328886511646,0.868028981504523,4.441362821598595,4.415878486222841,False
748,-0.35846879784845453,-0.7220841841026258,-0.7415567790347413,-4.276743337083183,2.8159888584232164,0.3636153862541712,0.38308798118628673,True
749,-3.496525032089615,-3.4966118423016885,-3.497043106234453,-3.5634681261212213,-3.4331106766817583,8.681021207346262e-05,0.0005180741448378434,True
750,2.0770138272066285,-2.324726857170737,-2.240044605558917,-5.393296637400038,0.5531252909003174,4.401740684377366,4.3170584327655455,False
751,-0.3718503623441922,-0.5983315190291891,-0.7240591862459678,-4.19629894292675,2.7740626595372246,0.2264811566849969,0.35220882390177555,True
752,-3.4970562710498942,-3.5030200843190467,-3.5028971083701,-3.5673451618316614,-3.438651068669003,0.005963813269152407,0.005840837320205683,True
753,1.9069701230401068,-2.3019248068364386,-2.2476947817886326,-5.541922569658022,0.6963031627583353,4.2088949298765455,4.154664904828739,False
754,-4.971484369071898,-4.975104403266176,-4.973708298330443,-5.048761481676493,-4.904667226912882,0.0036200341942782543,0.0022239292585455317,True
755,-0.8540672669747309,-3.7588774988239573,-3.7645132836804116,-6.858504118803541,-0.64843202782336,2.9048102318492264,2.9104460167056807,True
756,-1.877664995016682,-2.64254735336002,-2.5373940060668225,-5.5783719626706345,0.3184273343462024,0.764882358343338,0.6597290110501406,True
757,-4.973937337635169,-4.980141763604236,-4.979464730354373,-5.055600788742664,-4.9100982047740525,0.006204425969067451,0.005527392719203661,True
758,-1.0527290683708541,-3.7700245136670727,-3.7321464399000286,-7.038252749496991,-0.6437699963171968,2.7172954452962186,2.6794173715291745,True
759,-1.8852365256903751,-2.4879101245844604,-2.5042988936999038,-5.540582837352369,0.37415756865383926,0.6026735988940852,0.6190623680095286,True
760,-5.183471494891129,-4.983185024240154,-4.981398021266456,-5.059045784760397,-4.909180392924838,-0.20028647065097527,-0.2020734736246732,False
761,-1.2880780473318372,-3.7081387617479065,-3.6939552332558945,-6.983619966328247,-0.5201044619062692,2.4200607144160693,2.4058771859240573,True
762,-1.8507626417097902,-2.497795526291247,-2.499618248169972,-5.344466497815279,0.2967513753541557,0.6470328845814568,0.6488556064601818,True
763,-5.3976553343270774,-4.9869612083277355,-4.986417319090344,-5.0577406110914795,-4.91715609448236,-0.41069412599934196,-0.41123801523673364,False
764,-2.1353130871830635,-3.7419857163954418,-3.732199572159022,-6.953979165712865,-0.3194976657625602,1.6066726292123783,1.5968864849759585,True
765,-2.101293673721549,-2.466607727430375,-2.459710994145369,-5.412319286375218,0.46070693578782673,0.36531405370882597,0.35841732042382013,True
766,-1.5688119299045684,-0.3722046770616254,-0.38209099790654966,-3.7982356832213933,2.9409060185033185,-1.196607252842943,-1.1867209319980188,True
767,-2.8537612998374042,-2.993975573364261,-2.994474215771576,-3.0582558034522056,-2.9275695976517992,0.14021427352685656,0.1407129159341718,False
768,-0.3614403601395942,-1.7841504173119664,-1.7639086924673717,-5.0437504078372895,1.243197470847251,1.4227100571723723,1.4024683323277776,True
769,0.2984377643640826,-0.4399760942558056,-0.5548009128485037,-3.3981319711198625,2.3599277444855966,0.7384138586198882,0.8532386772125864,True
770,-1.58123254943964,-0.25348263552159067,-0.26731790385382576,-3.7907373773716246,3.1993924819259076,-1.3277499139180493,-1.3139146455858142,True
771,-3.0090373001292616,-3.0000072745597617,-3.0006170268307475,-3.070284664894576,-2.9287783320895464,-0.009030025569499944,-0.008420273298514136,True
772,-0.4003821535676759,-1.8168211213744572,-1.7503777043034894,-4.9541104704925205,1.2035201213476918,1.4164389678067812,1.3499955507358135,True
773,0.2884590233659529,-0.3107551378149141,-0.5343658255071578,-3.3610246084334268,2.2854160609360257,0.599214161180867,0.8228248488731107,True
774,-1.6357210618931184,-0.28273523973629655,-0.2575484968587791,-3.8379458730053737,2.9174042863479244,-1.3529858221568218,-1.3781725650343393,True
775,-3.0216963401607555,-3.0012960643178586,-3.001864949038917,-3.0680663564867197,-2.9345671063275067,-0.020400275842896942,-0.019831391121838404,True
776,-0.4253411104569662,-1.7637312402932375,-1.7414769599559619,-4.897207649398057,1.6066497027721136,1.3383901298362713,1.3161358494989956,True
777,0.22402318778787647,-0.3803596439344763,-0.4682079092902991,-3.262323658912745,2.517804566382156,0.6043828317223527,0.6922310970781755,True
778,-1.5901864001648045,-0.28303344835295446,-0.22145898840735273,-3.7780712073734777,3.07502153272299,-1.30715295181185,-1.3687274117574517,True
779,-2.993863083177446,-3.0065990718024524,-3.0081409913158605,-3.074165994706849,-2.9382836608885796,0.012735988625006467,0.014277908138414563,True
780,-0.37493561185447555,-1.8072562045986666,-1.7434818000557766,-4.945697167724026,1.2450913603982008,1.432320592744191,1.368546188201301,True
781,0.258801161013225,-0.5121079425853245,-0.5113637071414677,-3.3377730551539666,2.390886828912187,0.7709091035985496,0.7701648681546927,True
782,-3.412917121169393,-3.4038405951333215,-3.405662495855114,-3.466311518876949,-3.341155312663641,-0.009076526036071453,-0.007254625314279117,True
783,-3.411935984542567,-3.4114786170426976,-3.4111128784220863,-3.479122939719051,-3.3465019432481746,-0.0004573674998695765,-0.0008231061204808654,True
784,-3.4109264655150464,-3.4139120149989197,-3.412392987544473,-3.4794051872944762,-3.350248269609152,0.0029855494838733065,0.0014665220294265424,True
785,-3.4118489739411197,-3.4195114012097414,-3.4181709049081945,-3.485660719777945,-3.356738896663308,0.007662427268621652,0.006321930967074785,True
786,-4.885392231750978,-4.876677658552423,-4.876431876302883,-4.944388581659399,-4.811024768363119,-0.008714573198554731,-0.008960355448095036,True
787,-1.6739222093678554,-3.706676000501746,-3.6442446783930507,-6.934742985571089,-0.42990134720944234,2.0327537911338904,1.9703224690251953,True
788,-4.890376606204293,-4.88183979636502,-4.881875745307351,-4.946125463022839,-4.815185150973024,-0.008536809839272408,-0.008500860896941909,True
789,-1.7343379872342637,-3.63410640799034,-3.6480752079839815,-6.688897348422839,-0.49124089213087097,1.899768420756076,1.9137372207497179,True
790,-4.888340530297113,-4.884810954258612,-4.883866058016087,-4.953697816166867,-4.817369552591042,-0.0035295760385016806,-0.004474472281025932,True
791,-1.7145599725855236,-3.598454585254992,-3.600372517205937,-6.843123398492692,-0.5803181415143176,1.8838946126694682,1.8858125446204133,True
792,-4.8531879807909455,-4.890433291519783,-4.889897956171664,-4.953941268787183,-4.826349977266679,0.037245310728837744,0.03670997538071852,True
793,-1.7001704143283056,-3.5923633544459888,-3.5713298731139442,-6.69642234692538,-0.46473736253454645,1.8921929401176831,1.8711594587856386,True
794,-4.718972840675228,-4.711076817425833,-4.710858061310832,-4.780155798012485,-4.6449637225629266,-0.007896023249394979,-0.008114779364396085,True
795,-1.6918870738153868,-3.4090101239358095,-3.438412537655026,-6.552779641920735,-0.09686077781324455,1.7171230501204227,1.746525463839639,True
796,2.5437059154481503,-2.2772975248810163,-2.256111249070832,-5.242641990406364,0.604912273223792,4.821003440329166,4.799817164518982,False
797,-4.720202053053681,-4.716548871350275,-4.717804981037048,-4.784142296219206,-4.647374961183033,-0.0036531817034060055,-0.002397072016632862,True
798,-1.6754849940598413,-3.471710976111739,-3.456742327276845,-6.664123513459511,-0.4091725480903195,1.7962259820518975,1.7812573332170036,True
799,2.5644502193049936,-2.2658952396605763,-2.2147385828159427,-4.959809444233436,0.7245360293909264,4.83034545896557,4.779188802120936,False
800,-4.732829029144322,-4.718279668310238,-4.71860477908427,-4.786564020234973,-4.648180270252043,-0.01454936083408409,-0.014224250060052235,True
801,-1.6740299202117759,-3.400834289099736,-3.4226849921462996,-6.522517997145749,-0.2837114494247025,1.72680436888796,1.7486550719345237,True
802,2.579260712266125,-2.2606162243998087,-2.2100832382448465,-5.19882395942404,0.6590308573039649,4.8398769366659335,4.789343950510972,False
803,-4.684960882388365,-4.724536698491735,-4.723984060179969,-4.787889768898247,-4.655659976494481,0.03957581610336991,0.039023177791603914,True
804,-1.680401132221998,-3.4471185794982437,-3.426516112704479,-6.675052965837579,-0.25548715438906106,1.7667174472762457,1.746114980482481,True
805,2.549792122004205,-2.338372650835186,-2.214569653086338,-5.003366722030894,0.5397432625923173,4.88816477283939,4.764361775090543,False
806,-3.232153546676969,-3.2284128347116297,-3.229482824091071,-3.291254673478306,-3.161488471264746,-0.003740711965339205,-0.0026707225858979555,True
807,1.8359642706316999,-1.9159840715389662,-1.9840492425101015,-5.258640747604019,1.145058796329386,3.751948342170666,3.8200135131418014,False
808,-3.2345857464079075,-3.2347060791891113,-3.2343825425813852,-3.298682226026916,-3.1636895995125935,0.00012033278120382462,-0.0002032038265222802,True
809,1.8679090743414322,-1.984405920648706,-1.9983405519381425,-5.255894603566794,1.1925614290923576,3.852314994990138,3.8662496262795747,False
810,-3.2358695129507233,-3.235042325385876,-3.2357007185443627,-3.3026420611125573,-3.17094907558719,-0.0008271875648473426,-0.00016879440636063947,True
811,1.854871334489785,-1.9801123712393187,-1.9770092345512145,-5.031804300158353,1.2855286627769384,3.834983705729104,3.831880569040999,False
812,-3.2420914230296933,-3.2429651568439364,-3.2428141567042443,-3.30997697485534,-3.1702485705736048,0.0008737338142430495,0.0007227336745510016,True
813,1.6539567688356815,-1.8819899993184086,-1.9248216791121306,-4.950947911640433,0.9496740616154588,3.53594676815409,3.578778447947812,False
814,-0.6891904581121195,-0.6720546185694839,-0.6722282301171418,-0.7375403809186618,-0.6053516354457286,-0.017135839542635645,-0.016962227994977708,True
815,-0.6818146785231528,-0.6780539089168127,-0.6775416548131739,-0.7452559389771108,-0.6140742775035771,-0.0037607696063400864,-0.004273023709978951,True
816,-0.6736134067493048,-0.6773506713254012,-0.6793333950573015,-0.7398272849108706,-0.6129968525341398,0.003737264576096355,0.005719988307996693,True
817,-0.6703622456538194,-0.6856314707339288,-0.6864487537877921,-0.7476128217429144,-0.622417507300446,0.015269225080109416,0.01608650813397272,True
818,-4.4473745612274165,-4.282013083632821,-4.237352203339825,-4.457639547181943,-4.135099479961436,-0.16536147759459574,-0.21002235788759105,True
819,-2.505948783828217,-3.0688170945189004,-3.042793653264304,-6.044486272016298,0.059444066731866044,0.5628683106906833,0.536844869436087,True
820,-2.2985465168866606,-1.8477292169832984,-1.7916404719016528,-4.71451687812675,1.0042405957719938,-0.45081729990336217,-0.5069060449850078,True
821,-4.412541662173208,-4.28847103938946,-4.243892881834283,-4.464283377598669,-4.138614763292706,-0.12407062278374781,-0.16864878033892516,True
822,-2.0636162753493426,-2.9522835665124894,-3.0359689185170184,-6.109164170365772,0.357936276177754,0.8886672911631468,0.9723526431676759,True
823,-1.7488903601209307,-1.735263432063791,-1.81044029635907,-4.588162753035518,1.167376638799717,-0.01362692805713972,0.06154993623813931,True
824,-4.2167960940655425,-4.288255019102208,-4.244281502904252,-4.464608801049336,-4.142159752632539,0.07145892503666573,0.02748540883870998,True
825,-2.0014358931180976,-2.9976867094223545,-3.030038389902489,-6.203669693431363,0.2796112003387835,0.9962508163042569,1.0286024967843916,True
826,-1.6803323813022386,-1.775980962449053,-1.7526782684089608,-4.667222342693806,1.1956095198292922,0.0956485811468144,0.07234588710672218,True
827,-4.166162068477664,-4.294092660876804,-4.250371271396908,-4.471321254023968,-4.148435240602191,0.12793059239913962,0.08420920291924361,True
828,-2.079273942353566,-2.9669281500182425,-3.010902421170241,-6.165785782928189,0.3283106062917146,0.8876542076646765,0.9316284788166751,True
829,-1.7147353857589798,-1.7845432001974193,-1.7786670425510342,-4.684154313235269,1.0198271381506239,0.06980781443843953,0.06393165679205448,True
830,-3.133077589452373,-3.6334993327222596,-3.6367672546218746,-3.703994623321113,-3.5615472783388022,0.5004217432698868,0.5036896651695018,False
831,-3.021255230785077,-3.6400451541720757,-3.643557469668712,-3.7109660879660242,-3.565982419542827,0.6187899233869989,0.622302238883635,False
832,-3.653041566964276,-3.640995259328677,-3.6444223841920698,-3.712499285157382,-3.5685730093333343,-0.012046307635598996,-0.008619182772206191,True
833,-3.6488556447253666,-3.6473142209943035,-3.650360809733807,-3.7203453033485436,-3.5822456100267663,-0.0015414237310631407,0.0015051650084405566,True
834,-3.963438805428471,-3.9993161065482856,-3.999409883280232,-4.067135006190277,-3.9307968789672687,0.035877301119814575,0.03597107785176101,True
835,-3.473768074496991,-2.7826431926581185,-2.747380308139269,-6.003721852346165,0.3701848889196256,-0.6911248818388724,-0.7263877663577221,True
836,-4.001796742741337,-4.0067988474440375,-4.005666243419382,-4.07320603473626,-3.938246450790389,0.005002104702700905,0.00386950067804559,True
837,-3.485831766802865,-2.8074870290617278,-2.7560081840404718,-5.954424180655109,0.06613142731125639,-0.6783447377411371,-0.7298235827623931,True
838,-4.011563168290453,-4.008332847474657,-4.007409762751031,-4.078381869751823,-3.9429114705999515,-0.003230320815796439,-0.004153405539422117,True
839,-3.207120861636759,-2.7299820350260684,-2.7279776761867325,-5.644465762017763,0.5512382198009039,-0.4771388266106906,-0.47914318545002654,True
840,-4.070244783560008,-4.013214306481804,-4.012475881481403,-4.080144933678878,-3.9415667357692774,-0.057030477078203745,-0.05776890207860497,True
841,-3.3429284735381803,-2.6113150245729972,-2.7151987187849977,-5.679066169008719,0.41300077456033946,-0.7316134489651831,-0.6277297547531826,True
842,-3.2583049105777437,-3.267533244728251,-3.266594688253237,-3.3323852191777785,-3.2005684684449593,0.009228334150507056,0.008289777675493326,True
843,-3.2873481307768744,-3.273395552850325,-3.273210547789601,-3.3369080210016038,-3.21053036511384,-0.01395257792654947,-0.014137582987273412,True
844,-3.2790898364751593,-3.2749327703435513,-3.274384083309856,-3.341757759793168,-3.207135398854338,-0.004157066131607934,-0.004705753165303417,True
845,-3.268868115837386,-3.279080279597737,-3.2799064910065954,-3.3498101038560084,-3.2130810993460144,0.010212163760351167,0.01103837516920958,True
846,0.2253043932437658,-0.5094886013822686,-0.5019265315568615,-3.703148401878798,2.9542805671601395,0.7347929946260344,0.7272309248006273,True
847,-3.1854846093651363,-3.1797131544746158,-3.1808079512328247,-3.2437638438184413,-3.114768207972079,-0.005771454890520555,-0.004676658132311662,True
848,-0.41964140209435824,-1.9875675167335602,-1.9593736698468387,-5.200810180648602,1.1615418115375424,1.567926114639202,1.5397322677524805,True
849,-0.46162235373847155,-0.6497247148887774,-0.7288306813152879,-3.3568610835968866,2.331533751371173,0.18810236115030582,0.2672083275768164,True
850,0.30329225924537373,-0.4658928393298188,-0.49189308311727786,-3.9734679320866806,2.9738726436085003,0.7691850985751925,0.7951853423626516,True
851,-3.1904195503631296,-3.1864755671042735,-3.1861005237133098,-3.2517842188615274,-3.1204336802422445,-0.003943983258856143,-0.004319026649819868,True
852,-0.40911543843566833,-1.923532328930255,-1.9563629361176003,-5.177811008725296,1.3017579233398997,1.5144168904945867,1.547247497681932,True
853,-0.46653129741286153,-0.7065281557150573,-0.7236626389522657,-3.629359459746177,2.083643238458579,0.2399968583021958,0.25713134153940415,True
854,0.3343252383638594,-0.4457076490701824,-0.41719748916998617,-3.987620329679012,3.0696990236760193,0.7800328874340419,0.7515227275338456,True
855,-3.1868088915270243,-3.189016619953826,-3.187730515025824,-3.2514725385609426,-3.1215300695107664,0.002207728426801836,0.0009216234987996508,True
856,-0.4031153118558365,-1.9400646675014248,-1.9334512428285926,-5.040454293968673,1.2787681041341783,1.5369493556455884,1.5303359309727562,True
857,-0.4716086161602096,-0.7005910401960653,-0.6960737992594231,-3.633712307996796,2.0885859290441333,0.22898242403585573,0.22446518309921354,True
858,0.301911230244383,-0.4194621276997411,-0.43309627452588295,-3.9095376758297333,2.811056421753178,0.7213733579441242,0.735007504770266,True
859,-3.1882875409658573,-3.193429235383607,-3.1938743154400333,-3.258289182613352,-3.130591755456209,0.005141694417749587,0.005586774474175993,True
860,-0.3986786823631217,-1.7477872609743947,-1.9104817580370694,-5.197631487616433,1.4339667833796166,1.349108578611273,1.5118030756739478,True
861,-0.4579291044570875,-0.6867322425864685,-0.6905528394546923,-3.4556817770417685,1.9566923842598203,0.22880313812938097,0.23262373499760475,True
862,-3.8350806323276765,-3.8716055594092587,-3.871057688244912,-3.9361941360864265,-3.8062880390646767,0.03652492708158217,0.035977055917235656,True
863,-3.88513966603471,-2.574262465233794,-2.6753141581866764,-5.671607552313204,0.6927859343131831,-1.310877200800916,-1.2098255078480338,True
864,-3.8587591842128077,-3.877453703298646,-3.8767987894691194,-3.945389066486382,-3.808051706400395,0.0186945190858383,0.018039605256311653,True
865,-3.86865577631302,-2.5111566798131877,-2.5487746348939684,-5.685324891231483,0.8522477880957099,-1.3574990964998324,-1.3198811414190517,True
866,-3.8929423617492542,-3.8782160899664033,-3.878184720158737,-3.9468348411598737,-3.812939236335958,-0.014726271782850908,-0.014757641590517068,True
867,-4.030816944484939,-2.577876141906695,-2.5952748030391355,-5.761085868546498,0.28777320194874945,-1.4529408025782438,-1.4355421414458034,True
868,-3.917242955330289,-3.885084005253514,-3.884254964808602,-3.954105504871778,-3.8201620182870424,-0.03215895007677494,-0.03298799052168677,True
869,-3.6098241713746932,-2.6496162496816327,-2.6037920097502996,-6.013541250732432,0.6959788173661019,-0.9602079216930606,-1.0060321616243937,True
870,-4.090591609789497,-4.080454173106203,-4.081358659615983,-4.1514545909501,-4.012432752978143,-0.010137436683294254,-0.009232950173513998,True
871,-0.4320657899053438,-1.5919902494018714,-1.6443511843547243,-4.412048795455447,1.2254419027298142,1.1599244594965277,1.2122853944493805,True
872,-4.07521362558056,-4.087903748970096,-4.0883891013779845,-4.151245519051339,-4.022925988150149,0.012690123389535124,0.013175475797424063,True
873,-0.29987734554559914,-1.4703926969704404,-1.609902108451168,-4.52628665584605,1.5623446565335166,1.1705153514248412,1.3100247629055688,True
874,-4.074414888678955,-4.090847646370166,-4.089448065234377,-4.158440533449234,-4.025068503157286,0.01643275769121111,0.01503317655542169,True
875,-4.82065086455674,-2.7940628040091116,-2.7987050498938317,-5.90944432748201,0.16156038873631862,-2.026588060547628,-2.021945814662908,True
876,-0.19980687113497442,-1.6738142636848627,-1.5822151842256564,-4.4872368802684965,1.2961748600503957,1.4740073925498884,1.3824083130906821,True
877,-4.120575786750918,-4.095758541524696,-4.096094613853888,-4.157703805585345,-4.033538944472568,-0.024817245226222084,-0.024481172897030667,True
878,-1.8570749222741008,-1.8626272208457275,-1.8623975989525006,-1.9302921618024542,-1.7985354132703972,0.005552298571626757,0.005322676678399807,True
879,-1.8712030412708054,-1.8663727132973869,-1.8682789534177617,-1.9306223403956997,-1.801192547875408,-0.004830327973418536,-0.0029240878530436554,True
880,-1.8840357248521666,-1.871368669952385,-1.870111913870626,-1.936408979765825,-1.807685981671693,-0.012667054899781593,-0.013923810981540719,True
881,-1.8639585537263044,-1.8760743611179083,-1.8759835154089228,-1.9430204417975914,-1.806625121883677,0.012115807391603894,0.012024961682618462,True
882,-2.234147907624314,-2.217084960618783,-2.2157476171158965,-2.282120599590396,-2.151732808707759,-0.017062947005531015,-0.018400290508417516,True
883,-0.8602661806456238,-0.9204435633483132,-0.9937284470794008,-3.9968677308524905,2.3177462949246737,0.060177382702689464,0.133462266433777,True
884,-1.288929627578887,0.17104192605030644,0.20368411539728387,-2.80135504653153,2.936737579763502,-1.4599715536291935,-1.492613742976171,True
885,-2.2063218222648224,-2.224494909614365,-2.222936992120409,-2.2889692843194434,-2.157102528819359,0.018173087349542705,0.016615169855586753,True
886,-0.8113899454855219,-0.904008664348545,-0.9276123267475018,-3.9480866633400473,2.5046913066510057,0.09261871886302309,0.11622238126197992,True
887,-1.30501548390488,0.2111034317234796,0.2459679190996027,-2.501654308275159,3.0624428653525855,-1.5161189156283597,-1.5509834030044827,True
888,-2.222597484550856,-2.2242063543865713,-2.2230896877500452,-2.286974780897336,-2.1581559273225026,0.0016088698357155096,0.0004922031991894116,True
889,-0.8516871899961701,-1.0325184026256686,-0.9601631026148926,-4.004260321491372,2.013360508572215,0.18083121262949853,0.10847591261872247,True
890,-1.3367354427815297,0.33518352496883463,0.27679275689459537,-2.592740473333227,3.068862333835255,-1.6719189677503643,-1.613528199676125,True
891,-2.2288983089314764,-2.2297063574465343,-2.2296465950763844,-2.2965890028740197,-2.16454034946853,0.0008080485150578909,0.0007482861449079614,True
892,-0.8254561170831485,-0.9943710166499143,-0.9672017443111437,-4.137833159368892,2.0919090738979054,0.16891489956676586,0.14174562722799522,True
893,-1.378438244561734,0.24731839869156172,0.30943141545029473,-2.5698330954931867,3.046107281873633,-1.6257566432532957,-1.6878696600120286,True
894,-0.44744202498511665,-0.7118553872782294,-0.6959993543730418,-2.389820119445188,1.0247477273145855,0.26441336229311274,0.24855732938792519,True
895,-2.412368414987156,-2.261620831959653,-2.264420700998259,-2.3444156320693765,-2.172505178149555,-0.15074758302750313,-0.14794771398889717,False
896,-0.4345850082632525,-0.7816855268699234,-0.7870317289524165,-2.5138687930657384,0.9399260124481079,0.3471005186066709,0.35244672068916394,True
897,-2.147852883055111,-2.2690071405698373,-2.2690901597559727,-2.347677970131368,-2.1831245959824046,0.1211542575147262,0.1212372767008616,False
898,-0.4139268670084093,-0.7625265004050216,-0.7850101077294479,-2.6360219756734224,1.154779759501894,0.34859963339661226,0.3710832407210386,True
899,-2.2541816285005853,-2.271053964091262,-2.2720227959689714,-2.3531757549621997,-2.189461745203451,0.0168723355906768,0.017841167468386043,True
900,-0.40294432484679515,-0.8762527547971788,-0.8339801709412826,-2.5979527779132794,0.8324308456909569,0.47330842995038364,0.4310358460944875,True
901,-2.3045785084975536,-2.2767767971229578,-2.278739990960266,-2.3538378114061844,-2.1931528279093087,-0.02780171137459586,-0.025838517537287498,True
902,-1.4835055699683488,1.3198570755562187,1.4827256378067841,-2.1229321051133327,4.701582771371901,-2.8033626455245675,-2.9662312077751327,True
903,-1.1110049906977753,-1.106127918504102,-1.1050192163651449,-1.1730663114296491,-1.0381578432949978,-0.004877072193673282,-0.005985774332630367,True
904,-0.5642363803911061,0.1529021808441067,0.12231687899630031,-2.9025664686337955,3.3937185257792555,-0.7171385612352128,-0.6865532593874064,True
905,-0.5680725051320505,1.2221920049534654,1.3367422490013743,-1.5638224041342732,4.004950628187782,-1.790264510085516,-1.9048147541334248,True
906,-1.5033067932662765,1.5049167835370527,1.5500386586179276,-1.6708996114927932,4.801446968608118,-3.008223576803329,-3.053345451884204,True
907,-1.1110043727472503,-1.114236290590833,-1.1123701201758869,-1.1866429318158822,-1.049843735379489,0.0032319178435826768,0.001365747428636599,True
908,-0.5642356217566877,0.08529723539505474,0.1334811502867137,-3.0356506429558925,3.2622855945460687,-0.6495328571517425,-0.6977167720434014,True
909,-0.568073747678804,1.351389165147426,1.3388351174236623,-1.4181130275999363,4.3306356506735755,-1.91946291282623,-1.9069088651024664,True
910,-1.5033010447625492,1.6552726116207024,1.5954324439207266,-1.8692077766720205,4.755259080011448,-3.1585736563832514,-3.098733488683276,True
911,-1.110995992318176,-1.111783115718147,-1.1126275717950356,-1.1759427356358316,-1.0468549306454593,0.0007871233999710014,0.001631579476859546,True
912,-0.5642342529543858,0.14112294385656682,0.16438150134147805,-3.1257353038174776,3.268396476452471,-0.7053571968109527,-0.7286157542958638,True
913,-0.5680738053658365,1.4485881801957643,1.3824232121221411,-1.3921128927782338,4.184373189537654,-2.016661985561601,-1.9504970174879777,True
914,-1.5033046831542967,1.685147397602736,1.7283851123834415,-2.018421979145952,4.984644575932129,-3.188452080757033,-3.231689795537738,True
915,-1.1110011055285411,-1.1171330390123289,-1.1189736060454352,-1.1828165381653724,-1.0509088567426343,0.00613193348378771,0.007972500516894021,True
916,-0.5642397389977046,0.1514480180677317,0.1615404282351644,-3.2224122600152487,3.25739682295168,-0.7156877570654363,-0.725780167232869,True
917,-0.5680832751946904,1.2782460061276637,1.3589840967917195,-1.6726870128523377,4.18287936427624,-1.8463292813223542,-1.9270673719864098,True
918,-3.759570003585707,-3.6976111906885336,-3.697838949211932,-3.778237103237462,-3.6174583597394743,-0.06195881289717331,-0.061731054373774796,True
919,-3.4639982829011875,-2.4093391957822936,-2.4211503525589055,-5.468049675679306,0.6642795083684676,-1.054659087118894,-1.042847930342282,True
920,-2.8644284911017612,-1.2213176667168801,-1.2623448963396164,-4.33464604706724,1.794529871138973,-1.643110824384881,-1.6020835947621448,True
921,-3.728395607971788,-3.7044525037178997,-3.7044049078002326,-3.7839068637911275,-3.6302457665692924,-0.023943104253888237,-0.023990700171555357,True
922,-3.446786154020065,-2.4494849279353073,-2.463822094338039,-5.649986275502103,0.27515521931456777,-0.9973012260847578,-0.9829640596820259,True
923,-2.870569130599986,-1.3124894018746214,-1.2332474034375867,-4.241455075919703,1.6127565436583562,-1.5580797287253647,-1.6373217271623994,True
924,-3.672236578178621,-3.7054638909630437,-3.70410449668,-3.78321814550207,-3.6296427618542166,0.033227312784422924,0.031867918501379044,True
925,-3.413899066837277,-2.447602643016329,-2.4123636543487006,-5.491572868770078,0.6826168806572741,-0.9662964238209479,-1.0015354124885762,True
926,-2.8486458242259474,-1.1412670372062343,-1.238568436191462,-4.215073625187785,1.5245633053537353,-1.707378787019713,-1.6100773880344854,True
927,-3.6599194932624175,-3.711835723734763,-3.7108000938354513,-3.7903377992789236,-3.6365125040374995,0.051916230472345504,0.050880600573033785,True
928,-3.4461165431664833,-2.390870327945819,-2.3756038140914386,-5.3587146472154075,0.7269621450300723,-1.0552462152206643,-1.0705127290750447,True
929,-2.858988225256356,-1.2881100227153448,-1.186945070785382,-4.103746660295339,1.5593647987543686,-1.570878202541011,-1.672043154470974,True
930,1.0376517947701005,0.6196753031893765,0.6262311955314821,-2.81931781397532,3.9453557996388517,0.41797649158072403,0.4114205992386184,True
931,-2.0102343127616287,-2.0007422990479937,-2.0016003164871723,-2.0649031573383705,-1.9350852483627614,-0.00949201371363495,-0.00863399627445638,True
932,-0.9941538764040119,-0.6834974991695852,-0.7347077274202196,-3.7931994232882347,2.4805996339552263,-0.31065637723442663,-0.25944614898379226,True
933,-0.34463947652049387,0.42617519628643485,0.47659396349250105,-2.3887669823717474,3.2579342517248464,-0.7708146728069287,-0.8212334400129949,True
934,1.0370863124791632,0.5975773155108471,0.6582581774550851,-2.6577706287719542,4.071387790721211,0.439508996968316,0.3788281350240781,True
935,-2.013611364839228,-2.0071740376595897,-2.006720418779584,-2.0696424524462738,-1.9418962077031834,-0.006437327179638519,-0.006890946059644243,True
936,-1.026855854990141,-0.6550590112779574,-0.7646195466691936,-3.989559211503633,2.5614318585973264,-0.3717968437121836,-0.26223630832094735,True
937,-0.33155315836045357,0.4499010203871028,0.4489447571135269,-2.71709279001121,3.2669337324993046,-0.7814541787475564,-0.7804979154739804,True
938,1.0409607432517574,0.7389537197824919,0.7268642959457754,-2.6303203886297255,4.130633926429484,0.30200702346926545,0.31409644730598196,True
939,-1.9924100533519906,-2.007901436602947,-2.008325214453749,-2.07154636260747,-1.9453563898018607,0.015491383250956448,0.0159151611017585,True
940,-1.0487161358757007,-0.6828937814755963,-0.7382051172195381,-3.8361650434188954,2.3973183231536477,-0.36582235440010435,-0.3105110186561626,True
941,-0.3154920470723815,0.5264358064423661,0.48438081250869425,-2.192372171796883,3.154013332211184,-0.8419278535147476,-0.7998728595810758,True
942,1.027460924147494,0.8286247473756136,0.7561626233393582,-2.6868693578613647,4.565010589670553,0.19883617677188026,0.27129830080813566,True
943,-2.0111534663189112,-2.0152597359771933,-2.0144729839917592,-2.0811405004338965,-1.949903018610325,0.004106269658282091,0.0033195176728479936,True
944,-1.0389300991070596,-0.6211764881142907,-0.7216463457468987,-3.8377461257880925,2.539849451696297,-0.41775361099276886,-0.3172837533601609,True
945,-0.28998352865812277,0.665474540003745,0.5389742048269941,-2.229688292367592,3.506208316949311,-0.9554580686618677,-0.8289577334851168,True
946,-2.8528447860054453,-2.8840037415566013,-2.885835563240108,-2.964168690019503,-2.805488976981598,0.031158955551155998,0.032990777234662705,True
947,-2.9082086014711908,-2.89426952290352,-2.8918542398428917,-2.9733851910083784,-2.8152519626257035,-0.013939078567670737,-0.016354361628299063,True
948,-2.7515651954546576,-2.891962320636936,-2.8942187132926254,-2.97227822573456,-2.8121235220430414,0.14039712518227843,0.14265351783796776,False
949,-2.9716347219749313,-2.8979594790488528,-2.8991662916384144,-2.9768842105039037,-2.8170594394973194,-0.07367524292607852,-0.07246843033651684,True
950,-4.219730547921656,-4.223102098464951,-4.2225642357000375,-4.288538881011635,-4.157333112151411,0.0033715505432949655,0.002833687778381666,True
951,-1.3058133504701122,-3.2545220896227347,-2.980799622788946,-5.9619899547652855,0.20155063003229837,1.9487087391526225,1.6749862723188338,True
952,-4.228789968126038,-4.229300237669505,-4.229607303382825,-4.295508975612468,-4.165168699078551,0.0005102695434668902,0.0008173352567872882,True
953,-1.3288118607624555,-3.081952554564878,-2.9888801451041735,-6.163927187938094,0.13324391921169448,1.7531406938024223,1.660068284341718,True
954,-4.234753005351012,-4.230220707195094,-4.229868187273755,-4.296420444326215,-4.162029608335777,-0.004532298155917935,-0.00488481807725627,True
955,-1.3369472674246996,-2.9459842117017763,-2.9819926908404435,-6.072808588321858,0.12251667438812089,1.6090369442770767,1.645045423415744,True
956,-4.239019884546948,-4.2373875570569846,-4.236378834246695,-4.30177477464399,-4.170172979797103,-0.0016323274899630036,-0.002641050300252523,True
957,-1.338647226219237,-2.916635803552094,-2.936169680273623,-5.973936800571865,0.30476854057920477,1.577988577332857,1.5975224540543858,True
958,2.7338951786318884,2.3445692513024468,2.383121534977782,-0.960644419186251,5.832550017903622,0.3893259273294416,0.35077364365410624,True
959,-0.27631547319818117,-0.26938399431907795,-0.2700442372471057,-0.3352508311964567,-0.19745291916823704,-0.006931478879103226,-0.006271235951075482,True
960,1.2444035072193171,0.9613150907357597,0.9655266488813956,-2.3199141698670656,4.077763860528135,0.2830884164835574,0.27887685833792153,True
961,2.01971648159895,2.107310918854884,2.1632995857690123,-0.7499812491302278,5.213312557424645,-0.0875944372559343,-0.14358310417006237,True
962,3.0340934276928415,2.4495956569128636,2.386581576668429,-1.0738548261965368,5.760703962982904,0.5844977707799779,0.6475118510244124,True
963,-0.29126446912275394,-0.27335103359126095,-0.2751890680032393,-0.34043845920033056,-0.19936669849247718,-0.017913435531492994,-0.016075401119514665,True
964,1.3658927011809936,0.9512933169727679,0.9917690477393275,-2.1281817256711704,4.126235369440536,0.41459938420822573,0.3741236534416661,True
965,2.1945665721249994,2.2639994366944944,2.2171988970729126,-0.7449897879596292,5.126806617164169,-0.06943286456949505,-0.02263232494791323,True
966,2.7465170108283505,2.417690109509555,2.4333351234998313,-1.1990493544920713,5.9138976717425855,0.32882690131879544,0.31318188732851926,True
967,-0.24284714120489975,-0.2783096683415219,-0.27863806091363547,-0.34618034541309406,-0.21032041404738985,0.035462527136622124,0.03579091970873571,True
968,1.1702717512661125,1.0432514281158691,0.9902581149116744,-2.095677138924301,4.091351073922008,0.12702032315024336,0.18001363635443812,True
969,2.044596972431951,2.240948189628932,2.2173260307977847,-0.5707528802693567,5.1982334587957775,-0.19635121719698123,-0.17272905836583385,True
970,3.1652146340007996,2.315549607617289,2.4724995106173298,-1.001503876315774,5.795699882005986,0.8496650263835108,0.6927151233834699,True
971,-0.8813067884098884,-0.28342499379421254,-0.28263466088716316,-0.35193581928579126,-0.21460237267284435,-0.5978817946156758,-0.5986721275227253,False
972,2.232661169868812,1.0014291711709213,0.9903865964865779,-2.2166249983592903,4.027472575443118,1.2312319986978908,1.2422745733822342,True
973,5.568365705724399,2.294394932234096,2.268007504457932,-0.6223156279441227,5.317160574072389,3.2739707734903027,3.3003582012664667,False
974,-3.612706941139681,-3.523805059108965,-3.5222497059504265,-3.605455084872428,-3.4496933651522683,-0.08890188203071592,-0.09045723518925453,False
975,-2.2706459720513688,-2.283376378172159,-2.307161468669295,-5.49753564170809,0.9179138224105191,0.012730406120790239,0.03651549661792641,True
976,-1.827663721360981,-1.0751920643884358,-1.1044615497529298,-3.9547416802094717,1.6510046747966334,-0.7524716569725451,-0.7232021716080512,True
977,-3.560585419065333,-3.528355757645892,-3.5283755757130324,-3.614373148572689,-3.4525041365217106,-0.03222966141944106,-0.032209843352300815,True
978,-2.3036989889599573,-2.1941388789401532,-2.2450874341054456,-5.198806470928654,1.0009066198905323,-0.10956011001980404,-0.05861155485451164,True
979,-1.8734547909598016,-1.0501004916296355,-1.088575581335752,-3.8606478222220733,1.8616881261716671,-0.8233542993301661,-0.7848792096240496,True
980,-3.4861164226165107,-3.5322590104737244,-3.5298220379019227,-3.613198954004303,-3.456562950276119,0.0461425878572137,0.04370561528541206,True
981,-2.3172725480961787,-2.232248772374357,-2.2385933284491744,-5.33684168012734,0.9809155731157426,-0.08502377572182152,-0.0786792196470043,True
982,-1.9001149131963366,-1.006221101443402,-1.059219114721504,-3.772954689255908,1.9626904018783138,-0.8938938117529347,-0.8408957984748326,True
983,-3.509328669978662,-3.537652132222396,-3.5355051795607304,-3.6258143989028215,-3.459752104995364,0.028323462243734276,0.02617650958206852,True
984,-2.3803598038251876,-2.3428106694325526,-2.26686822680575,-5.584176086058299,0.8546244902526703,-0.037549134392635075,-0.1134915770194378,True
985,-1.8630861247454469,-0.9892140935736481,-1.0166121205550813,-3.7792733932968847,1.7642874289080275,-0.8738720311717988,-0.8464740041903656,True
986,-3.127316327378611,-3.104694339480055,-3.1063438468913316,-3.1837637793600835,-3.0326665067443925,-0.02262198789855585,-0.020972480487279288,True
987,-3.5220642400716193,-1.7748892267317888,-1.839047486550676,-4.8668871228018835,1.5180841175259994,-1.7471750133398305,-1.6830167535209433,True
988,-1.9682403109998308,-0.7026712964648715,-0.636793252317609,-3.5581516733666363,2.153177881394062,-1.2655690145349592,-1.3314470586822218,True
989,-3.15730015258547,-3.110937718805665,-3.110763764820536,-3.187047901431438,-3.038290528165658,-0.04636243377980476,-0.04653638776493363,True
990,-3.7283582650877247,-1.8173171055129045,-1.8324087306395755,-5.0515885763187605,1.4470922053309925,-1.9110411595748202,-1.8959495344481492,True
991,-2.238615539587811,-0.6310256090165397,-0.665183492141783,-3.41724979468412,2.099921776304974,-1.6075899305712715,-1.5734320474460282,True
992,-3.0747471442233705,-3.1105030038554737,-3.111682211840452,-3.183755484027665,-3.039687927456605,0.03575585963210326,0.03693506761708143,True
993,-3.6762583358007235,-1.8459220658222184,-1.850514072709033,-5.071834527266285,1.524445766726856,-1.830336269978505,-1.8257442630916905,True
994,-1.670206189175632,-0.6761496220079583,-0.6101679409704899,-3.588389963496052,2.1304912841261587,-0.9940565671676737,-1.060038248205142,True
995,-3.086032443615606,-3.117227194236322,-3.1170632294343186,-3.190916716525118,-3.0428190825742174,0.031194750620715972,0.03103078581871266,True
996,-3.61625854733181,-1.885507454387038,-1.824133166426712,-5.108076136636895,1.4616377186822926,-1.7307510929447718,-1.7921253809050979,True
997,-1.6167980817090397,-0.6186380728798027,-0.6240341768748232,-3.5357719911631085,2.2680385028408043,-0.998160008829237,-0.9927639048342165,True
998,-1.0559986408758493,-0.7089388723003368,-0.6546071102594377,-4.160680997952527,2.844055910096866,-0.34705976857551246,-0.40139153061641153,True
999,-3.4470792718243684,-3.2950518357919485,-3.271453854841051,-3.449458668467946,-3.199113969362807,-0.15202743603241986,-0.17562541698331735,True
1000,-0.39493860011659365,-1.9501205797020793,-2.0185563674736193,-5.187481913571898,1.1672559255679857,1.5551819795854858,1.6236177673570258,True
1001,1.1310365578219377,-0.7675392957402594,-0.8489955543859447,-3.850558647079521,1.9492650854091238,1.898575853562197,1.9800321122078823,True
1002,-1.0489087483072341,-0.6175705160964621,-0.6007082583095658,-4.045200129171471,2.7803609712714326,-0.43133823221077205,-0.44820048999766837,True
1003,-3.429026480703163,-3.300686206017083,-3.2776730574061954,-3.4533195955382245,-3.202944678704724,-0.12834027468607978,-0.15135342329696755,True
1004,-0.378874544966245,-2.007676039834878,-2.0323303085634468,-5.170167041901908,0.9355456263123658,1.6288014948686331,1.6534557635972018,True
1005,1.143730121322601,-0.8429478350438743,-0.8125263248835335,-3.7119779071723684,1.9815400638051535,1.9866779563664752,1.9562564462061345,True
1006,-1.0357250701827925,-0.6297604886188526,-0.5441393515657009,-4.026690552891875,2.8883535035710546,-0.4059645815639399,-0.49158571861709155,True
1007,-3.2519206963945777,-3.3029135295618293,-3.278769188076172,-3.4566536937256207,-3.204916981158201,0.05099283316725156,0.02684849168159431,True
1008,-0.3907257883921081,-2.1527167502560722,-2.0175720984591257,-5.270157337051754,1.0668744164959256,1.7619909618639642,1.6268463100670176,True
1009,1.1273785405314969,-0.7767166220077549,-0.8167812627920206,-3.633558109783867,2.044930499675479,1.9040951625392517,1.9441598033235175,True
1010,-1.0274849786880798,-0.44707378180832597,-0.49104434480414283,-3.7456969464739935,3.0046970457922653,-0.5804111968797538,-0.5364406338839369,True
1011,-3.27147702310944,-3.3097766204132495,-3.286684347727812,-3.461152524916361,-3.214206249962623,0.038299597303809385,0.015207324618371931,True
1012,-0.4417313562995088,-2.0747131488947366,-2.053171615555466,-5.2950284918137,1.1005713695153727,1.6329817925952277,1.6114402592559571,True
1013,1.0969395657825416,-0.886903013725455,-0.7914554898734758,-3.822995335648507,1.9522613539394587,1.9838425795079966,1.8883950556560174,True
1014,-3.0512820747844915,-2.982406299689934,-2.996377468692673,-3.131698680543475,-2.8341484680198312,-0.06887577509455767,-0.054904606091818575,True
1015,-0.06759243943191656,-1.7359000076898143,-1.707666214666157,-5.030787207932562,1.5142135869277398,1.6683075682578978,1.6400737752342405,True
1016,-3.1897584262974754,-2.990830963488918,-3.002998774095562,-3.138849115495496,-2.842590571064898,-0.19892746280855755,-0.18675965220191326,False
1017,-0.040591921290262935,-1.7179745514567657,-1.711193942744774,-4.91534281010647,1.5183378838344408,1.6773826301665027,1.670602021454511,True
1018,-2.902278497287194,-2.9885041502183003,-3.0027108496039254,-3.1331323437513974,-2.840041763170921,0.08622565293110629,0.10043235231673142,True
1019,0.06790614165062465,-1.7401295062067006,-1.7474583062079039,-5.008921532001569,1.463402412273032,1.8080356478573252,1.8153644478585285,True
1020,-2.6570303816055088,-2.996377664059366,-3.0092076353116246,-3.1415319579112335,-2.8461158928858303,0.33934728245385726,0.35217725370611586,False
1021,0.03424330853535203,-1.6655394492589986,-1.6554541077937701,-4.757068664894578,1.4707453349591484,1.6997827577943505,1.689697416329122,True
1022,-3.5366910271354657,-3.5389706964030903,-3.5387407991995494,-3.601647726978247,-3.47516107441954,0.0022796692676245733,0.0020497720640837436,True
1023,-2.1901502176022967,-2.2968263867897396,-2.258888293927411,-5.5887645044391325,1.1786930202177601,0.10667616918744294,0.06873807632511442,True
1024,-1.911752827049161,-1.151235155280316,-1.0837461430599182,-3.980991797019048,1.822698563540824,-0.7605176717688451,-0.8280066839892428,True
1025,-3.53673200252349,-3.5417156574192603,-3.543510678104555,-3.610455998212507,-3.4751748687198387,0.00498365489577024,0.006778675581065041,True
1026,-2.1845851372685927,-2.377298407096236,-2.307281175861246,-5.7334337517519405,0.9583245762935246,0.19271326982764325,0.12269603859265343,True
1027,-1.905145891070433,-1.1055303904844813,-1.0542325959348893,-3.792036587132835,1.7407691934194784,-0.7996155005859518,-0.8509132951355438,True
1028,-3.5367215722213787,-3.545798740713088,-3.545035661584456,-3.610908304596204,-3.4805183311539243,0.009077168491709475,0.008314089363077315,True
1029,-2.1790115881145207,-2.33038422964657,-2.3301763278608307,-5.600189810563969,1.056275232644803,0.15137264153204955,0.15116473974631006,True
1030,-1.8986115778867827,-1.1000977046374039,-1.054001759268382,-3.889200077640001,1.8164898563864575,-0.7985138732493788,-0.8446098186184008,True
1031,-3.571261820799126,-3.550175749799611,-3.5506705183170792,-3.6143542002994278,-3.4811214910983335,-0.02108607099951465,-0.020591302482046547,True
1032,-2.173438712503012,-2.281359958807701,-2.2643189869749984,-5.484534161447623,0.8879637844552873,0.1079212463046888,0.09088027447198632,True
1033,-1.8920273293644718,-1.097522836172333,-1.0787284273205482,-3.8334106319362924,1.6690189473999817,-0.7945044931921388,-0.8132989020439236,True
1034,-2.2688918439061596,-2.2551125269197083,-2.2542885000326787,-2.323189053309291,-2.183900373989018,-0.013779316986451295,-0.014603343873480945,True
1035,-2.2663580197140596,-2.258494337007819,-2.2589493302461214,-2.320828947496782,-2.190855051376533,-0.007863682706240382,-0.0074086894679381565,True
1036,-2.2483328932911606,-2.258813627695458,-2.2614556391418175,-2.32445525143171,-2.1908818587826504,0.010480734404297198,0.01312274585065687,True
1037,-2.1180092229010556,-2.2666331419130468,-2.2658452343020636,-2.333347682102128,-2.1968578212435306,0.14862391901199112,0.147836011401008,False
1038,-1.493062985375771,-1.1053523300817307,-1.0799380100057197,-2.9719888432439796,0.7439684846469491,-0.38771065529404036,-0.41312497537005144,True
1039,-2.5279611431722713,-2.6346813674444896,-2.635630702997306,-2.703397704190772,-2.555342910460888,0.10672022427221828,0.10766955982503479,False
1040,-0.7026051165558653,-1.3858482849201534,-1.3762901392986455,-4.523154921061285,1.6184368445738222,0.6832431683642881,0.6736850227427802,True
1041,-1.47404357700461,-0.15192931306774618,-0.16566869945001322,-3.030383889098784,2.7224936324112807,-1.322114263936864,-1.308374877554597,True
1042,-1.5395374243729834,-1.117516796173649,-1.1421238948173587,-2.8192627049119054,0.6590387916402679,-0.4220206281993344,-0.3974135295556247,True
1043,-2.633521082601318,-2.6421313921780416,-2.6429708732322936,-2.715983833332098,-2.5634771032712864,0.008610309576723818,0.00944979063097584,True
1044,-0.6850774308912292,-1.410364481353948,-1.372527383818106,-4.619087033706903,1.6939725980338836,0.7252870504627188,0.6874499529268768,True
1045,-1.4810170974824488,-0.08002954801093652,-0.14767330073456603,-2.89346805275445,2.822391573230047,-1.4009875494715123,-1.3333437967478827,True
1046,-1.576261169530489,-1.1823508558860123,-1.1773702415506446,-3.1150471366964267,0.5858029393811779,-0.3939103136444766,-0.39889092797984427,True
1047,-2.6602204751033622,-2.6420141865933915,-2.6437301109928493,-2.7126107525818908,-2.565757419120655,-0.018206288509970747,-0.016490364110512967,True
1048,-0.6706407382941141,-1.3992493386779505,-1.3662189171356127,-4.581996450523876,2.0230645722315113,0.7286086003838365,0.6955781788414986,True
1049,-1.4933322340690796,-0.18295392745634736,-0.1452105653067,-3.1313014349302897,2.597205145023595,-1.3103783066127321,-1.3481216687623796,True
1050,-2.041271101792901,-1.1748649929849588,-1.2055199494671793,-2.9502315282237888,0.6992177417550337,-0.866406108807942,-0.8357511523257215,True
1051,-3.045685755398893,-2.6471168287642852,-2.6490025764696776,-2.7235928470337973,-2.5650601654234744,-0.39856892663460775,-0.39668317892921534,False
1052,-0.6567267101743597,-1.4205050038230271,-1.3852623739360002,-4.506086865614218,1.6676561725997519,0.7637782936486675,0.7285356637616405,True
1053,-1.6657594520070889,-0.17121001512905304,-0.1374706938742521,-3.105061192537189,2.7827129286244343,-1.4945494368780359,-1.5282887581328368,True
1054,-4.205727861032092,-4.200934856531307,-4.201962490428786,-4.271079005575611,-4.1318940415959435,-0.004793004500784903,-0.003765370603306728,True
1055,-4.958901064993677,-2.891453311911676,-2.9519021318006446,-5.945088232564455,0.12420380388425195,-2.0674477530820012,-2.0069989331930325,True
1056,-4.194125357960275,-4.2094817140435135,-4.20888846546077,-4.273061410439409,-4.145009022089055,0.015356356083238154,0.014763107500495032,True
1057,-4.878855511997635,-3.0002781881947875,-2.9819656071509666,-6.225425112954627,0.07500337331962477,-1.8785773238028476,-1.8968899048466685,True
1058,-4.205898817411494,-4.209535688742469,-4.209727280953199,-4.2755956138659075,-4.142365941772143,0.003636871330974678,0.003828463541704963,True
1059,-5.025581800993052,-2.8868395198669954,-2.9091896717612267,-6.08147758041932,0.12937764557631162,-2.138742281126057,-2.1163921292318255,True
1060,-4.227804165515013,-4.212983677499101,-4.213939692384406,-4.277361713811655,-4.146826491328914,-0.014820488015912403,-0.013864473130607458,True
1061,-4.991441380793544,-2.941829539290971,-2.9562356969083456,-5.999065170753294,-0.017796880454458687,-2.0496118415025735,-2.0352056838851986,True
1062,-2.5711562048982652,-2.5368959043826202,-2.5386970966227063,-2.6130481325349053,-2.4517246321307216,-0.03426030051564499,-0.03245910827555898,True
1063,-2.5433731082879656,-2.5407807456149074,-2.5429629921248513,-2.613300863012424,-2.4573709910547126,-0.0025923626730581795,-0.00041011616311426025,True
1064,-2.4601046698874094,-2.5435594640310635,-2.546358208342723,-2.6203188296320876,-2.46153845600427,0.08345479414365409,0.0862535384553138,False
1065,-0.9675840262617056,-2.5509144006380633,-2.5509402858553125,-2.6265302646334137,-2.4625004602575697,1.5833303743763576,1.5833562595936068,False
1066,-0.6582585662204765,-0.6496402876089301,-0.6510752054943132,-0.7193688524186403,-0.5751863813719873,-0.008618278611546404,-0.007183360726163324,True
1067,-0.6583395904570863,-0.6562807300988579,-0.65738896754388,-0.7273495094434557,-0.5811817083881282,-0.0020588603582284426,-0.000950622913206356,True
1068,-0.5614320542117056,-0.6571185999520416,-0.6582816823388307,-0.7219756108162638,-0.5795234067214946,0.09568654574033597,0.09684962812712505,False
1069,-0.9269114486761004,-0.6623160953319676,-0.6635608174036451,-0.7346129903841431,-0.5872206091664168,-0.26459535334413287,-0.2633506312724553,False
1070,-3.6861886339184773,-3.68743456153516,-3.686621661219153,-3.751126257977916,-3.6227859878465964,0.0012459276166825184,0.0004330273006756258,True
1071,-3.693545272777972,-3.693252207884701,-3.6929514514551114,-3.76330201023253,-3.6267278713221898,-0.0002930648932708557,-0.000593821322860677,True
1072,-3.693252309280507,-3.695195498339,-3.694529126533998,-3.7599424106536685,-3.631933859870473,0.001943189058492667,0.0012768172534909361,True
1073,-3.7018467635753534,-3.6998920430703426,-3.7001660317008795,-3.7649695023951293,-3.6356604783999162,-0.0019547205050107763,-0.0016807318744738176,True
1074,-2.9118198771708173,-2.9346043838424145,-2.9361882926448866,-3.0084706605072107,-2.863771633656557,0.02278450667159726,0.024368415474069316,True
1075,-2.972267192979818,-2.9420091672478104,-2.9414427911373284,-3.0157269255844406,-2.8704362410907907,-0.030258025732007532,-0.03082440184248947,True
1076,-2.96946613325647,-2.9449528937428417,-2.943337642040052,-3.0131250796822755,-2.8707093272321513,-0.02451323951362827,-0.026128491216418137,True
1077,-2.9158750212262903,-2.948404568604071,-2.9502525904997916,-3.021466947405675,-2.8819008169820908,0.03252954737778069,0.03437756927350133,True
1078,-0.21578518497300328,0.652942558124225,0.6592158982511119,-2.566913907443344,4.208207114503958,-0.8687277430972282,-0.8750010832241152,True
1079,-1.9785046601917584,-2.0037814947651995,-2.003534340581438,-2.080888092864504,-1.9275050513913405,0.025276834573441098,0.025029680389679454,True
1080,-1.421583766680336,-0.7460915783877469,-0.720602273848936,-3.9932479508222523,2.522886683271534,-0.6754921882925891,-0.7009814928313999,True
1081,-0.8658071865096301,0.4736060952638678,0.4623301729764224,-2.4370960184547625,3.266098253728579,-1.3394132817734978,-1.3281373594860524,True
1082,-0.1430192391433862,0.6050586434647637,0.6469712063479851,-2.6439731475963573,4.06878610118048,-0.7480778826081499,-0.7899904454913713,True
1083,-1.9339074702641634,-2.0106441830566695,-2.008883546713554,-2.0830555761224874,-1.9313156526312354,0.07673671279250605,0.07497607644939053,True
1084,-1.3436551335799936,-0.7784860159875431,-0.765520589241171,-3.8808935770337043,2.3969569650296303,-0.5651691175924505,-0.5781345443388226,True
1085,-0.6870895036594316,0.4547780965319529,0.47431772577154674,-2.4513557619709565,3.3759096734622815,-1.1418676001913846,-1.1614072294309783,True
1086,-0.15666657376901863,0.7658657657974838,0.7105250025451164,-2.3749944203713076,4.160044387511462,-0.9225323395665024,-0.867191576314135,True
1087,-2.0740201738357533,-2.0100321026780645,-2.0096262967429737,-2.085132792213145,-1.937321245223163,-0.06398807115768879,-0.06439387709277966,True
1088,-1.3624669207845665,-0.8172105602274504,-0.7793249358343242,-3.9324692314854968,2.1360517885678165,-0.5452563605571161,-0.5831419849502424,True
1089,-0.8066905184512517,0.5666163330448026,0.5138667973729418,-2.4845888928120488,3.4575765252821604,-1.3733068514960545,-1.3205573158241934,True
1090,-0.15757648402656532,0.8364324096491804,0.7715306986697279,-2.669210802023511,4.11999279736443,-0.9940088936757457,-0.9291071826962932,True
1091,-2.026917476468107,-2.013335076674146,-2.0151330400232084,-2.0886340677053767,-1.9375364986834838,-0.01358239979396103,-0.01178443644489846,True
1092,-1.4403942675318648,-0.7891484249219961,-0.7331256674374682,-3.9477027888918377,2.3103508096584378,-0.6512458426098687,-0.7072686000943966,True
1093,-0.8750985234001903,0.4446571646350188,0.4851329994209369,-2.3782145053019654,3.462253256443004,-1.319755688035209,-1.3602315228211272,True
1094,-1.615676588964282,-1.6039279835573688,-1.6082096335766813,-1.6687949221661815,-1.5450141031626314,-0.011748605406913137,-0.00746695538760056,True
1095,-1.6149225923419623,-1.6146821944001375,-1.6135558179282714,-1.6791789035558882,-1.5496653057494256,-0.00024039794182484364,-0.0013667744136909299,True
1096,-1.6131759209250052,-1.616176862657097,-1.6163129597085837,-1.6772337174264,-1.5546251241099753,0.0030009417320917553,0.0031370387835785163,True
1097,-1.6143916417425868,-1.6207196436206646,-1.6215276510164442,-1.6859758529288211,-1.554779956707535,0.006328001878077805,0.007136009273857491,True
1098,-1.864505970783456,-1.8577505316362357,-1.858937987872115,-1.9196529095552772,-1.7941879883857679,-0.00675543914722021,-0.005567982911340863,True
1099,-1.8653571071017547,-1.867096535620009,-1.8658007019792597,-1.932378506538536,-1.8020815001807864,0.0017394285182543712,0.0004435948775050047,True
1100,-1.8663775153535604,-1.8660038341867198,-1.8667509807093259,-1.9299816373536316,-1.8014110179325291,-0.000373681166840667,0.0003734653557654344,True
1101,-1.867227060897817,-1.8734332577599078,-1.8737132446241467,-1.9356479118722012,-1.8075202281990204,0.006206196862090785,0.006486183726329697,True
1102,-3.9609028618924653,-3.937747524886877,-3.9379665259890366,-4.009591843896296,-3.867453056229902,-0.02315533700558836,-0.022936335903428695,True
1103,-4.133477613095196,-2.6769656060008162,-2.666969232106768,-5.69949905357262,0.5253549708548158,-1.4565120070943798,-1.466508380988428,True
1104,-3.968633903774204,-3.942772911107605,-3.9430287390150323,-4.014550209210187,-3.8706925331635778,-0.025860992666598914,-0.02560516475917174,True
1105,-4.011415240089489,-2.615844573247762,-2.6848081366786345,-5.748174340083452,0.5091356684839502,-1.395570666841727,-1.3266071034108546,True
1106,-3.9227032021282593,-3.944150504451409,-3.946012969480826,-4.015780717194422,-3.877467137951375,0.02144730232314984,0.023309767352566624,True
1107,-3.981739129516756,-2.7197009968369414,-2.670917641266986,-5.682400276704589,0.21896313803065712,-1.2620381326798147,-1.3108214882497702,True
1108,-3.8984026796662756,-3.9501458919187638,-3.951215248005222,-4.022806283356957,-3.8824211203920402,0.051743212252488124,0.05281256833894643,True
1109,-3.9302111951489036,-2.647302589764683,-2.6427740042625136,-5.708237189385972,0.5356826364115383,-1.2829086053842205,-1.28743719088639,True
1110,-2.6617106421619585,-1.6199622224972572,-1.5938582996174522,-3.3950318339722476,0.31107772995950694,-1.0417484196647013,-1.0678523425445063,True
1111,-2.855900390335526,-0.3266028082571843,-0.4503820952006841,-3.6213282875773976,2.851590669669734,-2.5292975820783417,-2.4055182951348417,True
1112,-3.1434405512409227,-3.138866059086267,-3.137874539391476,-3.205300196694347,-3.073955217591362,-0.004574492154655552,-0.005566011849446717,True
1113,-0.8698962304747702,-1.8835208286823912,-1.8767578421095021,-4.825861478244499,1.1845604980709115,1.013624598207621,1.006861611634732,True
1114,1.3666433930545756,-0.7569623218847826,-0.6796185601311813,-3.3875415738171433,2.13139189864133,2.1236057149393583,2.046261953185757,True
1115,-2.6616852262481556,-1.6383918300043876,-1.6661022838148973,-3.4651849864767756,0.18429089320014466,-1.023293396243768,-0.9955829424332583,True
1116,-2.856257739522746,-0.4493914106079242,-0.42624664844170224,-4.044566235011332,2.9877162467943505,-2.4068663289148216,-2.4300110910810435,True
1117,-3.1434550097484095,-3.140440772406036,-3.1428482047615707,-3.203636618343971,-3.079666416929488,-0.0030142373423736046,-0.0006068049868388492,True
1118,-0.8697485396206577,-1.8779379455830885,-1.8827527329675715,-5.053707342584106,1.2260171296968734,1.0081894059624308,1.0130041933469138,True
1119,1.3784238354838696,-0.6269173196370452,-0.6587943019360083,-3.6337297090393825,2.4375657092190695,2.005341155120915,2.037218137419878,True
1120,-2.661695288610824,-1.6480788529042063,-1.6719983863655383,-3.459287343971706,0.15970006460372477,-1.0136164357066177,-0.9896969022452857,True
1121,-2.855723493554368,-0.3852347963689621,-0.39819783416561916,-3.642660035494141,2.9301221212714874,-2.470488697185406,-2.4575256593887485,True
1122,-3.143520048416592,-3.1428115163507817,-3.1447519682241145,-3.208294911119298,-3.0768277307674787,-0.0007085320658104521,0.0012319198075223525,True
1123,-0.8698878757187047,-2.051072512115319,-1.9203184163703395,-5.360416295490753,1.009400803056263,1.1811846363966143,1.0504305406516348,True
1124,1.3660940833426658,-0.6240338638647704,-0.642720146674524,-3.6412364091310376,2.2579990283890896,1.9901279472074362,2.00881423001719,True
1125,-2.6617202831211495,-1.7339590494887869,-1.7227676841531216,-3.50867661272668,0.06103565190198236,-0.9277612336323626,-0.9389525989680279,True
1126,-2.855202934235128,-0.4848132434921915,-0.3503197485919429,-3.564777475798986,3.0436006239602587,-2.3703896907429365,-2.5048831856431852,True
1127,-3.143446710777716,-3.150125111247693,-3.150975147908726,-3.214874176817876,-3.085444625595591,0.0066784004699766975,0.007528437131009813,True
1128,-0.8702917214852516,-1.87271420410212,-1.8968212694348514,-5.194476402364915,1.346747872301409,1.0024224826168684,1.0265295479496,True
1129,1.3778486774790528,-0.6174688206395488,-0.624524017789926,-3.5052514916849793,2.231618909748822,1.9953174981186015,2.0023726952689787,True
1130,-3.0066962487218625,-2.8716071405326904,-2.8716077524747377,-2.947698280249586,-2.799607060930959,-0.13508910818917208,-0.13508849624712482,False
1131,-2.8972320241370273,-2.878694635955644,-2.877172046986751,-2.950474265136777,-2.808434108411118,-0.018537388181383285,-0.020059977150276076,True
1132,-2.8740767872576227,-2.875940076794308,-2.878645054232429,-2.949463016216891,-2.8101362322357657,0.001863289536685464,0.004568266974806168,True
1133,-2.8503333016119217,-2.8852260833184387,-2.8853982147122266,-2.9545893828585865,-2.8122114820273003,0.034892781706516995,0.035064913100304906,True
1134,0.172000832075957,0.17974715439073813,0.17773951046565425,0.11656133440995682,0.24122319498420952,-0.007746322314781118,-0.005738678389697244,True
1135,-0.8963399454548066,1.3637325001680203,1.4151524608214294,-1.6940720709096555,4.6519242131981775,-2.2600724456228267,-2.311492406276236,True
1136,0.17236615112531956,0.17288965996879643,0.1722004581147937,0.10558152731868982,0.23754050903290896,-0.0005235088434768775,0.0001656930105258525,True
1137,-0.9073063939268979,1.5300399095945774,1.4899345536282358,-1.4164687128513853,4.863883150003129,-2.4373463035214753,-2.397240947555134,True
1138,0.17242705061073788,0.16809255737096515,0.17002522543894305,0.10044750681965549,0.23458957010254927,0.004334493239772724,0.0024018251717948247,True
1139,-0.9013650816574795,1.4647026011035078,1.4483042342187469,-1.802788544378353,4.682473852540905,-2.3660676827609874,-2.3496693158762265,True
1140,0.1725488607089457,0.16482119393088762,0.16481385313855518,0.10148394222693576,0.23046886202814745,0.007727666778058084,0.0077350075703905286,True
1141,-0.9028677115420146,1.420616845754747,1.4806589962679995,-1.7131658698241294,4.727741188984394,-2.3234845572967617,-2.383526707810014,True
1142,-3.5407698527730176,-3.56238978368538,-3.5616340415982943,-3.6323129847460303,-3.496599200408034,0.021619930912362584,0.02086418882527674,True
1143,-3.5375365881166982,-3.5621457409648856,-3.5675930165088965,-3.6332619079918156,-3.499514994036379,0.02460915284818732,0.030056428392198242,True
1144,-3.5970895512999648,-3.569161724956954,-3.5688201341162187,-3.6377676646558728,-3.5024853788763273,-0.027927826343010942,-0.028269417183746093,True
1145,-3.5963508266708972,-3.574333278180471,-3.574503033893946,-3.6440611092616835,-3.5074193924274844,-0.022017548490426364,-0.02184779277695137,True
1146,-3.4751356834850737,-3.468383325239971,-3.468319805479407,-3.533805511698112,-3.405513019007883,-0.006752358245102563,-0.006815878005666853,True
1147,-0.79298935721437,-2.253967307532646,-2.211338581766297,-5.4333921608464815,0.9426462949509817,1.4609779503182758,1.418349224551927,True
1148,-3.468506382852357,-3.4736194932213484,-3.473375001362661,-3.535235740156338,-3.4098964252438826,0.005113110368991425,0.004868618510303957,True
1149,-0.8048915370233999,-2.253703413409991,-2.2375428910655843,-5.410089736107706,0.878408110967306,1.448811876386591,1.4326513540421844,True
1150,-3.4828539692354026,-3.476263711439767,-3.47663143029248,-3.5397169542686577,-3.4154994624128734,-0.006590257795635601,-0.006222538942922462,True
1151,-0.8026428220051981,-2.202897612913072,-2.204399630323942,-5.2393125599747155,0.8050395509768622,1.4002547909078737,1.4017568083187437,True
1152,-3.4751376112710655,-3.4837273851152752,-3.482452345837958,-3.547329185343703,-3.4210811534612127,0.00858977384420978,0.007314734566892689,True
1153,-0.8041786727004274,-2.1446421156399094,-2.2435841802397913,-5.50168573400711,0.8834739988566411,1.340463442939482,1.439405507539364,True
1154,-3.1776104696667753,-3.162374100352343,-3.162200769951507,-3.228364174372994,-3.095492585675598,-0.015236369314432174,-0.015409699715268399,True
1155,-3.1621522863981877,-3.168599933073095,-3.1684256031017783,-3.23133230894356,-3.104820807190022,0.006447646674907492,0.006273316703590659,True
1156,-3.1489321849499183,-3.1682322815108326,-3.169395076694795,-3.235115656903861,-3.1041457976663045,0.01930009656091425,0.02046289174487681,True
1157,-3.1834854998221127,-3.1733547474641095,-3.1757728876724594,-3.244401990291341,-3.1071845571577943,-0.010130752358003203,-0.007712612149653353,True
1158,-4.149274172638102,-4.1695646802806925,-4.169572946551263,-4.240215912541372,-4.096953398707142,0.020290507642590327,0.020298773913160595,True
1159,-3.625369664053939,-2.898820821944855,-2.95695956671236,-6.14841747929476,0.085288753906101,-0.726548842109084,-0.668410097341579,True
1160,1.438429893318172,-1.6628080094379019,-1.698309983506336,-4.521623893770458,1.302153599542026,3.1012379027560737,3.136739876824508,False
1161,-4.196773442422996,-4.174469206125539,-4.1760492357737675,-4.246956029686758,-4.101226520760429,-0.02230423629745726,-0.020724206649228805,True
1162,-3.4394936667394367,-2.97191335588191,-2.9391145714126417,-6.069385897926397,0.170839036195378,-0.4675803108575267,-0.500379095326795,True
1163,1.449269160281279,-1.6818309869122205,-1.6958931416838756,-4.498245244537684,1.084963568498002,3.1311001471934996,3.1451623019651547,False
1164,-4.217513152898086,-4.177320030861728,-4.176871117029191,-4.249688970937962,-4.102918011239769,-0.04019312203635739,-0.04064203586889459,True
1165,-3.350068035139553,-2.867468869306807,-2.907660822180454,-6.224525086789386,0.37309822911085444,-0.48259916583274576,-0.442407212959099,True
1166,1.601039104619072,-1.791996652928731,-1.7088804974605014,-4.554738844419603,1.1155995517400512,3.393035757547803,3.3099196020795736,False
1167,-4.139007104621916,-4.184352952794361,-4.182862720245181,-4.255166023425947,-4.111767093669985,0.04534584817244536,0.04385561562326501,True
1168,-3.3826743450716017,-2.834992080006718,-2.871197050971009,-5.976667083750735,0.2405253269640592,-0.5476822650648838,-0.5114772941005925,True
1169,1.616368386576323,-1.6914814912684646,-1.7160127216206895,-4.4445924979369975,1.1950275574598006,3.3078498778447876,3.3323811081970125,False
1170,-4.036349490905124,-4.048804204486988,-4.046625225126515,-4.116202238888387,-3.98568846883809,0.012454713581863786,0.010275734221391275,True
1171,-2.790282804848783,-2.7568371903411673,-2.7553668997097147,-5.903192313885433,0.3986453631936267,-0.03344561450761585,-0.03491590513906839,True
1172,-1.3598774399817408,-1.6638571493474024,-1.6080000540555592,-4.799043886405472,1.397632126527811,0.30397970936566154,0.24812261407381841,True
1173,-4.049123687909496,-4.05046748125941,-4.052982207247042,-4.117963302285618,-3.9838452630515184,0.0013437933499140797,0.0038585193375455518,True
1174,-2.7851584363987736,-2.6865028073275607,-2.7906361111588653,-6.169688017911302,0.38056168503192717,-0.09865562907121284,0.005477674760091755,True
1175,-1.3592325047386284,-1.5897063617217033,-1.5930485032822759,-4.492353013371186,1.5163318537312473,0.23047385698307488,0.23381599854364743,True
1176,-4.0526995021366,-4.054891523488161,-4.054018176786194,-4.118979186905746,-3.990496885985858,0.0021920213515604914,0.0013186746495934543,True
1177,-2.792490952889785,-2.782533014521651,-2.8313777196246623,-5.925577610660945,0.42941403044146353,-0.0099579383681343,0.03888676673487712,True
1178,-1.3458594739349659,-1.5170162284715911,-1.543484219883008,-4.200595105861641,1.3883309704323548,0.17115675453662527,0.19762474594804225,True
1179,-4.080937420134119,-4.060051109108537,-4.060023966535882,-4.123835499710606,-3.9957078267367154,-0.020886311025582138,-0.020913453598237375,True
1180,-2.790575763395591,-2.7932327651275393,-2.783658832164585,-6.106063609866511,0.46823825149010617,0.00265700173194805,-0.006916931231006007,True
1181,-1.3431923739028286,-1.5721354173631248,-1.5512483450352847,-4.488217187871672,1.3936242354566741,0.22894304346029615,0.2080559711324561,True
1182,-1.2370833882337535,-1.234546006062949,-1.2385308119388565,-1.304262041847628,-1.172951218590889,-0.0025373821708045696,0.0014474237051029792,True
1183,-1.2302958632754952,-0.01888765307113354,0.038587209862356225,-3.1820712402765436,3.0569899194091654,-1.2114082102043617,-1.2688830731378515,True
1184,-0.9764678448002209,1.1839511268480751,1.2289753672297716,-1.7678784588998842,4.0200485616498876,-2.160418971648296,-2.2054432120299925,True
1185,-1.2548071931043778,-1.2448668028058827,-1.2447561882564688,-1.3085938406613955,-1.1764289265345738,-0.009940390298495139,-0.010051004847908995,True
1186,-1.1927626716379172,-0.009943359515629448,-0.020704602530437655,-3.183985199996949,3.247090786084786,-1.1828193121222876,-1.1720580691074796,True
1187,-0.9758345028213202,1.214758336265848,1.2535959103128573,-1.4765311315601393,4.185482876658842,-2.1905928390871683,-2.2294304131341773,True
1188,-1.2496179709032367,-1.2477756247359244,-1.2465995679056352,-1.310165984200838,-1.1763949748414664,-0.0018423461673122699,-0.003018402997601477,True
1189,-1.2097400815118302,0.049932395736299186,-0.002351695542237811,-2.978655279830834,3.1865059799398736,-1.2596724772481294,-1.2073883859695924,True
1190,-0.9726945051576049,1.3539276276658436,1.249835164342536,-1.6058335992082706,4.193634088293334,-2.3266221328234487,-2.222529669500141,True
1191,-1.2357027655025064,-1.2513627680197235,-1.2526336457189569,-1.3174348882279048,-1.1843477583285553,0.01566000251721711,0.016930880216450506,True
1192,-1.206877625306174,-0.011237522466116909,0.019980764778062043,-3.2900209427702674,3.305025131226982,-1.195640102840057,-1.226858390084236,True
1193,-0.9700633251741225,1.2431945149891015,1.253895880619424,-1.6632205383640162,4.339582186920644,-2.213257840163224,-2.2239592057935464,True
1194,-1.8117608361459434,-1.7914772984068164,-1.783594819452747,-5.021339020369095,1.4485243990142782,-0.020283537739127055,-0.028166016693196516,True
1195,-1.7823813587108122,-1.8016876823735832,-1.8293708559483466,-5.066326696996851,1.3457623309373086,0.019306323662771074,0.04698949723753443,True
1196,-1.762495603444201,-1.8271322634893192,-1.7935166891060885,-5.273830960090538,1.476665122687972,0.06463666004511825,0.03102108566188755,True
1197,-1.8241885664576827,-1.7916911325860798,-1.7737590106507437,-5.131721078023159,1.1967148146323567,-0.032497433871602865,-0.050429555806938975,True
1198,-3.9288791514206625,-3.9256764645566413,-3.927255080249413,-3.993679216991358,-3.8559649776577536,-0.0032026868640211426,-0.0016240711712494083,True
1199,-1.1910722695440283,-2.6747019504102068,-2.657845368010987,-5.798503084430513,0.5528823583176028,1.4836296808661784,1.4667730984669587,True
1200,-3.8502648160962463,-3.9340414870064273,-3.932694058960641,-4.000487066263967,-3.8621370226093124,0.08377667091018104,0.08242924286439468,False
1201,-1.202351378793887,-2.640554766138046,-2.6611213586056324,-5.720669795583553,0.6037067499055394,1.438203387344159,1.4587699798117453,True
1202,-3.963495716264181,-3.9331556804431242,-3.9343186841298627,-3.999116777422074,-3.862660427185479,-0.0303400358210566,-0.029177032134318104,True
1203,-1.1932412695360113,-2.4818587073345917,-2.6594907931056424,-5.580942671681667,0.504043677488865,1.2886174377985804,1.4662495235696311,True
1204,-3.936365805734478,-3.9392347035651887,-3.9391934428058173,-4.0020493909303845,-3.8666635738250674,0.0028688978307105373,0.0028276370713391508,True
1205,-1.2329140973553918,-2.5598762741732295,-2.6598098093372604,-5.699675818808454,0.5064985270703669,1.3269621768178377,1.4268957119818686,True
1206,-1.1285193405142195,-0.6542007244592736,-0.7130073595049704,-4.146289019066092,2.54904957473673,-0.47431861605494596,-0.41551198100924913,True
1207,-3.363516314694468,-3.3570376619491307,-3.3558108530900292,-3.4222737121837383,-3.2940273057475613,-0.006478652745337321,-0.007705461604438746,True
1208,-1.471450145768627,-2.1324825377827694,-2.1007164588502834,-5.275537460123562,1.0869213510590794,0.6610323920141423,0.6292663130816563,True
1209,-0.8579959241883778,-0.9363233212841835,-0.9067365433512002,-3.663300721849457,2.0285811109496583,0.07832739709580572,0.04874061916282246,True
1210,-1.1455797113611816,-0.6474827625916807,-0.6963570750855268,-4.064011836667015,2.981900140556912,-0.49809694876950095,-0.44922263627565484,True
1211,-3.363516314694468,-3.363472254663864,-3.362239599648415,-3.4321916226277236,-3.2976933732084457,-4.406003060397623e-05,-0.0012767150460528676,True
1212,-1.5454677273477773,-1.9643056014220799,-2.1120017280353407,-5.177668153174104,1.1254919410671977,0.4188378740743026,0.5665340006875634,True
1213,-0.903657417828402,-0.8892942201044773,-0.8655256136970388,-3.887043405545004,2.03819759263243,-0.014363197723924692,-0.03813180413136319,True
1214,-1.181533484256807,-0.6378480939688853,-0.6346830549953348,-4.0943574150913085,3.0622344397867276,-0.5436853902879217,-0.5468504292614722,True
1215,-3.363516314694468,-3.362698903520882,-3.3638266079776793,-3.4283888782926857,-3.2970669717946604,-0.0008174111735859135,0.0003102932832113048,True
1216,-1.5759582912663814,-2.056451886860555,-2.113304254507012,-5.227442904062751,1.1835538042243652,0.4804935955941734,0.5373459632406308,True
1217,-0.9582864543174401,-0.7952058051464054,-0.8712846547154554,-3.6253162588965555,1.9892003565042435,-0.1630806491710347,-0.08700179960198473,True
1218,-1.2013533029895835,-0.6790506113160186,-0.5800336961864143,-3.982913403428635,2.8577019044417127,-0.5223026916735649,-0.6213196068031692,True
1219,-3.363516314694468,-3.372815341900271,-3.3703472843011326,-3.4395777951480935,-3.3077811428003128,0.00929902720580289,0.0068309696066646275,True
1220,-1.5607165499323616,-2.0719448742129796,-2.0884571555116818,-5.1756692981849195,1.0773891929847106,0.5112283242806179,0.5277406055793201,True
1221,-0.9608751350357005,-0.7989082393790174,-0.8606083444487082,-3.567853879400266,1.8944067962351376,-0.1619668956566831,-0.1002667905869924,True
1222,-2.616700422513983,-1.8744720808700168,-1.8506471672745175,-3.5996093597780883,-0.07240270395351527,-0.7422283416439663,-0.7660532552394657,True
1223,-3.3950552872418065,-3.4144136405387893,-3.413451840660829,-3.481790575015978,-3.3460640870990535,0.019358353296982767,0.018396553419022688,True
1224,-3.371513599326552,-2.1995896462613063,-2.1852705084567337,-5.508620237005325,0.973320379829297,-1.1719239530652459,-1.1862430908698185,True
1225,-1.6211791064893084,-0.9749368083572865,-0.9657948201743515,-3.6889840265233884,1.8749659447518334,-0.6462422981320219,-0.6553842863149569,True
1226,-2.616935412527989,-1.9495454847152998,-1.9443223367241198,-3.7565539748773262,-0.10878458760663862,-0.6673899278126891,-0.6726130758038691,True
1227,-3.419715324483184,-3.4196669483338655,-3.4202230961434985,-3.4862398152648315,-3.3518765354359337,-4.837614931840761e-05,0.000507771660314571,True
1228,-3.392913090739958,-2.1120008730014965,-2.1899488750418774,-5.330169526639301,0.9280602817977479,-1.2809122177384613,-1.2029642156980804,True
1229,-1.6253392248119511,-0.9187982452620637,-0.9481376382281186,-3.8848536643912617,1.7214651452018,-0.7065409795498875,-0.6772015865838326,True
1230,-2.5747848012974504,-1.974169753026177,-1.9565389796892454,-3.7496812544595186,-0.2203236635346226,-0.6006150482712733,-0.618245821608205,True
1231,-3.4213674076022556,-3.4221343138664913,-3.4210449270697314,-3.4846099775098867,-3.3573714290079457,0.0007669062642357005,-0.00032248053252414977,True
1232,-3.371568482687092,-2.063250876910706,-2.1393463468745644,-5.453168197676306,1.059181978399167,-1.3083176057763861,-1.2322221358125276,True
1233,-1.5724666459016536,-0.9361699050053204,-0.8942549764078228,-3.720262714614118,1.9178445796798396,-0.6362967408963333,-0.6782116694938308,True
1234,-2.9462021907418494,-2.0577192154376007,-1.9923851905500314,-3.875067831125214,-0.19852082737946594,-0.8884829753042487,-0.953817000191818,True
1235,-3.438266547894325,-3.4285421350005985,-3.4275179164173464,-3.497380299947455,-3.3553928376912867,-0.009724412893726608,-0.010748631476978687,True
1236,-3.459350125770172,-2.0850713810491874,-2.125022439460592,-5.230745654782914,1.2393855966059981,-1.3742787447209848,-1.3343276863095803,True
1237,-1.6706765022398236,-0.9078508492963001,-0.9215378429109571,-3.90254210775776,1.8989625700005002,-0.7628256529435234,-0.7491386593288665,True
1238,2.2387641561744855,-1.2202290052746037,-1.2339307158495008,-4.789936426350604,2.29103461681525,3.458993161449089,3.472694872023986,True
1239,-3.7889960584763505,-3.8285120250083398,-3.8285817501626775,-3.8994151398967567,-3.757513201492789,0.0395159665319893,0.039585691686327085,True
1240,-3.229366782339353,-2.499102346622646,-2.5342200178289582,-5.620010659778947,0.5118583468885375,-0.7302644357167072,-0.6951467645103948,True
1241,3.5256401820588916,-1.296779191364106,-1.3394755153043292,-4.357015738982968,1.6977223124982506,4.822419373422997,4.865115697363221,False
1242,2.239225204086377,-1.1429048635268555,-1.0878862641900822,-4.453914718927429,2.1359843049849996,3.3821300676132324,3.327111468276459,False
1243,-3.8200454490288,-3.837724100282825,-3.835306003084079,-3.906924335772428,-3.7693561297015834,0.017678651254025013,0.01526055405527904,True
1244,-3.255133233457207,-2.5206228163541438,-2.5527075238531682,-5.946742350975961,0.7039847134035743,-0.7345104171030634,-0.7024257096040389,True
1245,3.405354928968816,-1.3726648775399883,-1.3769982525146416,-4.369188145300567,1.4626942229572046,4.778019806508804,4.782353181483458,False
1246,2.218202088086138,-1.1372157020035285,-1.1254775370735408,-4.565204398050601,2.295658602263838,3.3554177900896667,3.343679625159679,True
1247,-3.860277341818692,-3.8364640353276886,-3.8369077066808814,-3.903038637142481,-3.76786229433871,-0.023813306491003328,-0.02336963513781054,True
1248,-3.2252359245852977,-2.5907619237414763,-2.5706399893812133,-5.698752400139496,0.7139477036895331,-0.6344740008438214,-0.6545959352040844,True
1249,3.3236449814272935,-1.4273882422632267,-1.375631276943907,-4.254739705592831,1.4332773718731697,4.75103322369052,4.6992762583712,False
1250,2.195856721724801,-1.114916518489906,-1.0778725632637558,-4.585394293016434,2.457264597821797,3.310773240214707,3.2737292849885566,True
1251,-3.8624906200278186,-3.8422948134212,-3.8425636354865125,-3.9096594576651875,-3.772125490762456,-0.02019580660661857,-0.019926984541306147,True
1252,-3.2853581977266564,-2.5201671213734285,-2.5756428721358846,-5.850548361001817,0.5726549438095193,-0.7651910763532279,-0.7097153255907718,True
1253,3.2955796845959755,-1.3722344549365642,-1.334332549332627,-4.394583493051045,1.495995286145586,4.66781413953254,4.629912233928603,False
1254,-2.3684807076993604,-2.372626148361311,-2.371315258625338,-2.4396019419349435,-2.302943928297772,0.004145440661950772,0.00283455092597773,True
1255,-1.7434517774510905,-1.1492031609446416,-1.110175118052855,-4.179304819254238,1.9728695549679856,-0.5942486165064489,-0.6332766593982355,True
1256,-1.0825056266943949,0.019748580116729718,0.05183632219854,-2.776468863648501,2.9970961703337142,-1.1022542068111245,-1.134341948892935,True
1257,-2.3752475542528226,-2.3781233351237328,-2.3781425014925714,-2.443601157959746,-2.3160654859690744,0.0028757808709101162,0.002894947239748813,True
1258,-1.7491847111651135,-1.1330959001809613,-1.1128183571771313,-4.290674809134852,2.2379458259684433,-0.6160888109841522,-0.6363663539879822,True
1259,-1.1087949230067204,0.15448734085654092,0.08918243894316652,-2.7749685252667033,3.1611870583544146,-1.2632822638632613,-1.197977361949887,True
1260,-2.3809201019261055,-2.3789795885978235,-2.3797223511659826,-2.443999747711963,-2.314703654017816,-0.0019405133282819342,-0.001197750760122851,True
1261,-1.7968214799733349,-1.1867791977823328,-1.1519825538388768,-4.176903339711212,1.9689786654464165,-0.6100422821910021,-0.644838926134458,True
1262,-1.1902584713673081,0.11850081810364146,0.11367514568818676,-2.863515817261141,2.793806172162964,-1.3087592894709497,-1.303933617055495,True
1263,-2.385868154855589,-2.3849861670346186,-2.385421966065561,-2.4481239643038566,-2.320648789888159,-0.0008819878209704868,-0.00044618879002822354,True
1264,-1.8170947198927438,-1.1077751431724807,-1.116774909842985,-4.128830835502429,2.025539067102142,-0.7093195767202631,-0.7003198100497587,True
1265,-1.212304535236094,0.14285231313951288,0.10173885094737908,-2.851379909830192,2.8676491226952727,-1.355156848375607,-1.314043386183473,True
1266,-2.93448016553197,-2.931907412850682,-2.9308374916465363,-2.995645497896185,-2.871028720125756,-0.002572752681288204,-0.0036426738854338225,True
1267,-2.9373869888870288,-2.936602546654979,-2.935930836150704,-3.002456456971643,-2.8698407219921163,-0.0007844422320495426,-0.0014561527363246007,True
1268,-2.9388323912563314,-2.939319267538844,-2.9390626544862184,-3.0012897012065203,-2.871441369467204,0.0004868762825127604,0.00023026322988695114,True
1269,-2.938745144332942,-2.9446335552745184,-2.94443028773922,-3.010747935290612,-2.8811371585601773,0.0058884109415764385,0.005685143406278126,True
1270,-3.1203821287162494,-3.1089936982783084,-3.109171631263591,-3.178647846825634,-3.0404533351121104,-0.011388430437941022,-0.011210497452658341,True
1271,-3.0841508108805473,-3.1129007583276422,-3.113716710567271,-3.1803461340623747,-3.04695429514685,0.028749947447094915,0.02956589968672363,True
1272,-3.1413976651246673,-3.116591027123343,-3.117103993540165,-3.182431778465336,-3.0528730404102937,-0.024806638001324544,-0.024293671584502352,True
1273,-3.111406605976176,-3.122312038305594,-3.1215001581314983,-3.1888735441106837,-3.0519884798726555,0.010905432329417764,0.01009355215532226,True
1274,-3.331986937559486,-3.3482350730325723,-3.3476023973193225,-3.410056983128581,-3.2858076038377138,0.016248135473086123,0.015615459759836359,True
1275,-3.3539952416289647,-3.35420950087495,-3.3543533056534116,-3.4200078810845946,-3.285229303592814,0.00021425924598528212,0.00035806402444693575,True
1276,-3.3580345702812684,-3.353930433267452,-3.3554424253204935,-3.421729581336784,-3.286996990886721,-0.004104137013816178,-0.002592144960774867,True
1277,-3.3725749741994773,-3.3563568564555353,-3.360550292028905,-3.4285529464887623,-3.29223054399564,-0.016218117743941995,-0.012024682170572287,True
1278,-0.7839496860033712,0.7685534221506128,0.7819915800555965,-2.554641218979002,4.301645520706312,-1.5525031081539842,-1.5659412660589678,True
1279,-1.7531216740123579,-1.8157063691844026,-1.7964289886749178,-1.9413129595985728,-1.7040343105185314,0.06258469517204479,0.04330731466255999,True
1280,0.8857338768854052,-0.5415327629689862,-0.5158951399193391,-3.8313963657450074,2.5117316072662383,1.4272666398543914,1.4016290168047443,True
1281,1.206982672454909,0.6353306302612254,0.6458718844613602,-2.211026617769203,3.560597268457343,0.5716520421936837,0.5611107879935489,True
1282,-0.7841216002118111,1.4707605575840934,0.8255493707436707,-2.4705050624376304,4.08280544529217,-2.2548821577959046,-1.6096709709554817,True
1283,-1.7506276886933443,-1.8219119530565162,-1.8033978394219066,-1.9453795560421945,-1.7120307362077323,0.07128426436317192,0.05277015072856228,True
1284,0.8770434228143167,-0.5798240088531899,-0.5748385148667514,-3.491659268948197,2.4435693619664547,1.4568674316675065,1.451881937681068,True
1285,1.2079010240598063,0.6829983877661244,0.6207991177073369,-2.2353490311939344,3.5667338165666314,0.5249026362936818,0.5871019063524694,True
1286,-0.7733607460009083,0.8965076266782582,0.9029292002840652,-2.3722936184452044,4.4400693354628205,-1.6698683726791665,-1.6762899462849736,True
1287,-1.9096688662196737,-1.823403799388522,-1.8056025498440937,-1.9485510867068618,-1.7141357092448604,-0.08626506683115176,-0.10406631637557995,True
1288,0.8219466662352767,-0.5249535969642344,-0.5153226762030896,-3.871839090031108,2.6262804995237143,1.346900263199511,1.3372693424383661,True
1289,1.1840813773780046,0.6992496614732288,0.655926214457865,-2.265553493178719,3.5163782506779375,0.4848317159047758,0.5281551629201395,True
1290,0.0387506042360594,0.8782864072434946,0.9344958674874064,-2.4297674565036096,4.373123794043263,-0.8395358030074352,-0.8957452632513471,True
1291,-1.932897357783145,-1.8302182099754483,-1.8104707507702278,-1.9564322404837662,-1.7213677952314324,-0.10267914780769671,-0.12242660701291719,True
1292,0.858619162735543,-0.6378496597724769,-0.5897408361160974,-3.910910139093554,2.4871802399414777,1.4964688225080198,1.4483599988516405,True
1293,1.1998355116837138,0.8782831316191677,0.6739600802380625,-2.0706858605978615,3.5127585600489133,0.3215523800645461,0.5258754314456513,True
1294,-3.2722998032776953,-3.296496330139424,-3.295620600152282,-3.36178781848464,-3.2270480754166146,0.024196526861728795,0.02332079687458677,True
1295,-3.5098860075069442,-2.1480413145550092,-2.0514302696295266,-5.471727998721802,0.9323699145453317,-1.361844692951935,-1.4584557378774177,True
1296,0.36435613585280313,-0.8402882762954408,-0.8282507091602727,-3.543807441689707,2.0041219074797367,1.204644412148244,1.1926068450130758,True
1297,-3.2951591557326863,-3.3007215526512943,-3.301390064886939,-3.3640154991254154,-3.2352987657764,0.005562396918608048,0.006230909154252728,True
1298,-3.566083751081193,-2.0416650220124244,-2.0790827563426664,-5.158096050436687,1.0831095499516759,-1.5244187290687687,-1.4870009947385268,True
1299,0.2899941232989412,-0.7223205715682053,-0.791323101862508,-3.6360810288851977,2.148434797944655,1.0123146948671464,1.0813172251614491,True
1300,-3.306015148445941,-3.3021817213169995,-3.302223565230361,-3.3660946529021762,-3.236209692711824,-0.0038334271289413024,-0.00379158321557993,True
1301,-3.5655230300361507,-1.9426861937204003,-2.046508360508321,-5.172500325148238,0.9622322098431608,-1.6228368363157504,-1.5190146695278295,True
1302,0.41570639347158317,-0.8087359392959631,-0.8246872801178409,-3.740277622594417,2.229744920478927,1.2244423327675462,1.240393673589424,True
1303,-3.3388561252011715,-3.3089539088159596,-3.309133470498664,-3.375553536019852,-3.2458473689318246,-0.029902216385211844,-0.029722654702507345,True
1304,-3.3442494473655424,-2.0200893487959464,-2.0754188797957127,-5.0747832369450565,1.0998292761896733,-1.324160098569596,-1.2688305675698297,True
1305,0.19211998640653163,-0.8154077940236911,-0.7956115301746374,-3.89787909039837,2.1762044383371113,1.0075277804302227,0.987731516581169,True
1306,-2.591450675347927,-2.5733946575095925,-2.571160994744576,-2.641980763773679,-2.5031428629301624,-0.018056017838334437,-0.020289680603351012,True
1307,-2.558836034567375,-2.5775631075815366,-2.5771781355044325,-2.647636968600437,-2.5080688488634695,0.018727073014161544,0.01834210093705746,True
1308,-2.541601993464546,-2.577158173815992,-2.5772906616459927,-2.642251458611758,-2.505185063989968,0.03555618035144592,0.03568866818144656,True
1309,-2.612324730398194,-2.5857070790912284,-2.5848418719014052,-2.65581207643971,-2.515923012555126,-0.026617651306965584,-0.027482858496788776,True
1310,-3.3062490768621235,-3.2970911512567267,-3.297487058669579,-3.3605690724374497,-3.234781317246314,-0.009157925605396855,-0.00876201819254474,True
1311,-3.3002931365186763,-3.301131664051979,-3.3039166078227327,-3.367864096084298,-3.242697144097729,0.0008385275333027131,0.0036234713040563804,True
1312,-3.305532548653717,-3.3079243256589486,-3.3054597938272585,-3.3742647398557684,-3.241105036577575,0.0023917770052315213,-7.275482645852094e-05,True
1313,-3.3046990033886265,-3.311025105283939,-3.3111935405622113,-3.3779614668795452,-3.2475355547782385,0.006326101895312242,0.006494537173584725,True
1314,-4.224703759309119,-4.239869349937541,-4.241320645924971,-4.305355911333048,-4.175638451979258,0.015165590628422265,0.0166168866158527,True
1315,-1.5531505245933515,-1.8197283277763912,-1.8075693541423221,-4.9172910771554665,0.9761611813391394,0.2665778031830397,0.25441882954897066,True
1316,-4.224523809977291,-4.247025298221562,-4.247217970616059,-4.311945023768351,-4.180303103315346,0.022501488244270895,0.022694160638767613,True
1317,-1.5689236575685284,-1.7814378617900681,-1.8115442757669329,-4.722392160762514,1.1178234107478209,0.21251420422153977,0.24262061819840453,True
1318,-4.264925709388416,-4.248952751585785,-4.248851012180365,-4.316669548686503,-4.185537695587405,-0.015972957802631527,-0.016074697208050992,True
1319,-0.5911607718568769,-2.923265557373209,-3.0249677170779696,-6.07338723661176,0.4125247716415868,2.332104785516332,2.4338069452210926,True
1320,-1.5543429418441717,-1.8357828969230674,-1.770460162488013,-4.689691716730885,1.0598794251027301,0.28143995507889574,0.2161172206438413,True
1321,-4.280605567236757,-4.250907402872828,-4.254310051833974,-4.3228342865832365,-4.187563406993327,-0.02969816436392847,-0.026295515402782854,True
1322,-1.637721115821493,-1.7940582002806629,-1.7748216572903779,-4.864534038454219,1.1790259993595043,0.15633708445916983,0.13710054146888484,True
1323,1.5902905347698675,-2.08650036240139,-2.0941028548255556,-3.837776487382411,-0.3321047871520967,3.6767908971712573,3.684393389595423,False
1324,-3.558342510587099,-3.6426330942312597,-3.6421513473640053,-3.7169153289048293,-3.5650988343620433,0.08429058364416075,0.08380883677690631,False
1325,1.576269790559288,-2.1034947300898907,-2.1390761687091384,-3.8606742449957876,-0.37069831043341966,3.6797645206491785,3.7153459592684266,False
1326,-3.633834637330053,-3.646255761115689,-3.6481430395584535,-3.716889101377679,-3.5732841084157223,0.012421123785636201,0.014308402228400574,True
1327,1.5692651342943706,-2.1951550686508474,-2.177391151069405,-3.9800158675994424,-0.44254746752181595,3.7644202029452183,3.746656285363776,False
1328,-3.6627570080924388,-3.649216095892194,-3.6489314472047285,-3.7204635330938163,-3.5748442795497715,-0.01354091220024456,-0.013825560887710253,True
1329,1.5495884029074636,-2.2054061186360436,-2.230624395229689,-3.9565572224746908,-0.4169354413770197,3.754994521543507,3.7802127981371525,False
1330,-3.7097346025982842,-3.6556923842535873,-3.656495055875177,-3.7262637714580342,-3.5824197367999107,-0.05404221834469691,-0.05323954672310727,True
1331,-3.830012350881585,-3.830604996481276,-3.831860004637468,-3.8983367010924916,-3.7633584614222606,0.0005926455996907443,0.0018476537558829165,True
1332,-2.7499346530343924,-2.5273126369866104,-2.5945094949617284,-5.478105212242457,0.45712895798458864,-0.2226220160477821,-0.155425158072664,True
1333,0.6423907989369707,-1.337513548119006,-1.3618904863025063,-4.151960863794945,1.4970842848283745,1.9799043470559767,2.004281285239477,True
1334,-3.827536573623926,-3.836858104129708,-3.836614676693586,-3.9065045892234105,-3.7662427634557067,0.009321530505781883,0.00907810306966006,True
1335,-2.885890289270421,-2.664772546120079,-2.6150686217561905,-5.663727830199757,0.3751966748095208,-0.22111774315034172,-0.2708216675142303,True
1336,0.40730955990681206,-1.273123489460774,-1.3431608689979138,-4.158725689368241,1.7217547145264498,1.6804330493675859,1.750470428904726,True
1337,-3.883529028295924,-3.8396107387038394,-3.839504892568291,-3.9046192785745784,-3.774117290089293,-0.04391828959208466,-0.044024135727632974,True
1338,-2.7906306884282177,-2.588918301798313,-2.5812855155964196,-5.921289058999543,0.8253519416123262,-0.20171238662990465,-0.2093451728317981,True
1339,0.486706575469726,-1.3740174068322768,-1.3704501206821837,-4.294844907373481,1.5804933220026107,1.8607239823020028,1.8571566961519097,True
1340,-3.8356024084057805,-3.843953432890999,-3.8442240032204005,-3.911667305400661,-3.774414954407735,0.008351024485218517,0.008621594814619993,True
1341,-2.5198977239974627,-2.5213918656112075,-2.5833673694364228,-5.638796572993995,0.6278085376236506,0.0014941416137448371,0.06346964543896005,True
1342,0.22598162543235692,-1.4212260171230962,-1.3223927794373262,-4.447823040111728,1.4687614385957264,1.6472076425554532,1.5483744048696833,True
1343,-1.0007680411222153,0.5549056639618279,0.5491917214336706,-2.977867675299995,3.9323353529566787,-1.5556737050840432,-1.5499597625558859,True
1344,-2.1007580563933574,-2.1272436401448003,-2.1274244595926817,-2.192020286198856,-2.0612050058218268,0.02648558375144283,0.02666640319932423,True
1345,-1.847270386142279,-0.8837400240639888,-0.8812911818388368,-4.066356941676834,2.354770777992861,-0.9635303620782902,-0.9659792043034422,True
1346,-1.899834582943989,0.31002100228912427,0.31002272461469205,-2.3982167412123396,3.0815123805685634,-2.209855585233113,-2.209857307558681,True
1347,-1.0016187921947375,0.5259039668448128,0.5474531739043702,-2.953069297226151,3.8340537352185637,-1.5275227590395501,-1.5490719660991077,True
1348,-2.1276105705254706,-2.133953710656965,-2.1344388916531964,-2.1985857741996013,-2.0637176230215974,0.006343140131494174,0.0068283211277258005,True
1349,-1.83503014666532,-0.8935766357210216,-0.8827855299742187,-4.129424467204762,2.026908760340757,-0.9414535109442984,-0.9522446166911014,True
1350,-1.8820132676126422,0.3545548990096897,0.3457004812754739,-2.4802726308938676,3.1265362687136027,-2.236568166622332,-2.227713748888116,True
1351,-1.0007122169987768,0.5878292059148841,0.5790708695196614,-3.012644784413655,4.125802427558195,-1.5885414229136607,-1.5797830865184381,True
1352,-2.1469583760544486,-2.135864975422513,-2.1352365620916447,-2.200984318709599,-2.075298920412041,-0.011093400631935424,-0.011721813962803918,True
1353,-1.8353643366109487,-0.9227819836537199,-0.8487127141846273,-4.081534215501171,2.2229063574242343,-0.9125823529572288,-0.9866516224263213,True
1354,-1.870561735493847,0.3385087974649478,0.332597098324217,-2.4200624280363487,3.227996048438044,-2.209070532958795,-2.203158833818064,True
1355,-1.0009850733161978,0.7236434345130983,0.6233545663472366,-2.9312819711248057,4.193601704259225,-1.724628507829296,-1.6243396396634344,True
1356,-2.1508437711384354,-2.13986758379679,-2.140974228324623,-2.2076667864340465,-2.073957440153786,-0.010976187341645183,-0.009869542813812249,True
1357,-1.8372735087160312,-0.8545716071539619,-0.8594097353587189,-3.9616583088673294,2.2716785313475536,-0.9827019015620694,-0.9778637733573123,True
1358,-1.8279723894607103,0.40647154616283965,0.3673534552946219,-2.4714482489740153,3.227532988785399,-2.23444393562355,-2.1953258447553323,True
1359,-2.224765895955374,-2.213419878254347,-2.2128438538596717,-2.2794519453311586,-2.1460870933820444,-0.011346017701026945,-0.011922042095702245,True
1360,-2.2198833858789806,-2.2173268217248285,-2.219454541876262,-2.285539480905146,-2.1482524703205033,-0.0025565641541520634,-0.00042884400271869794,True
1361,-2.219239636442797,-2.222785397048566,-2.2206326752669705,-2.2863716814385917,-2.1556378171823867,0.003545760605768944,0.0013930388241734093,True
1362,-2.215725822124134,-2.225628324720007,-2.225921355658401,-2.291008601494249,-2.162775623806797,0.009902502595872775,0.010195533534266943,True
1363,-4.174296359797743,-4.172301506290276,-4.172435502359434,-4.236366145804385,-4.1078603393664865,-0.00199485350746631,-0.0018608574383085497,True
1364,-3.651245739662653,-2.888590774162744,-2.9609422256284015,-6.12979633640847,0.38720183148144893,-0.7626549654999093,-0.6903035140342517,True
1365,-1.4813922129056072,-1.6835355844535442,-1.707311014854687,-4.571038142996823,1.115767423127752,0.20214337154793705,0.22591880194907987,True
1366,-4.178853360666983,-4.1775711820319215,-4.178436491352619,-4.246462565897048,-4.111746906144899,-0.001282178635061193,-0.0004168693143640212,True
1367,-3.6656159504542725,-2.878277272293006,-2.8838340773768447,-6.19387987850707,0.19600848070438703,-0.7873386781612663,-0.7817818730774277,True
1368,-1.5120992234066353,-1.775264801556267,-1.7043606190789173,-4.639259115299705,1.0606830727650036,0.2631655781496318,0.19226139567228206,True
1369,-4.155156526283483,-4.177346053902741,-4.178698141054985,-4.246986316677513,-4.114381484796049,0.022189527619257632,0.023541614771501962,True
1370,-3.641449404024179,-2.8306447587484866,-2.9189439970768625,-5.8592196187988534,0.3090437138441456,-0.8108046452756925,-0.7225054069473167,True
1371,-1.528739963568369,-1.704990797801873,-1.743899236159257,-4.54309216902894,1.088295556760266,0.17625083423350407,0.21515927259088796,True
1372,-4.200328357984282,-4.185635546495562,-4.186265335968944,-4.2483186786499765,-4.119314736839163,-0.014692811488719926,-0.014063022015338156,True
1373,-3.6880504164940464,-2.864314022581182,-2.9282054187917064,-6.1445166633388695,0.3626785508112359,-0.8237363939128644,-0.75984499770234,True
1374,-1.5599578291410967,-1.6182264283388639,-1.6269969323970095,-4.397816313875643,1.2496706263318873,0.05826859919776717,0.06703910325591278,True
1375,-1.823071948454174,-1.9587837696569275,-1.9533809182509676,-2.0353384137762873,-1.881814140041528,0.1357118212027535,0.13030896979679363,False
1376,-1.771847601200046,-0.8300799943651628,-0.7250502900233395,-3.9729622561012845,2.440144876554346,-0.9417676068348831,-1.0467973111767064,True
1377,-0.5727036679906965,0.46371476809929624,0.4712759784230233,-2.4195464913357387,3.2468979873534223,-1.0364184360899928,-1.0439796464137199,True
1378,-2.0541306744616588,-1.95843286901085,-1.9584993284171963,-2.034047065059311,-1.8842087376021206,-0.09569780545080886,-0.09563134604446244,False
1379,-1.8346326746124495,-0.642278382625486,-0.7011177182032216,-4.205325904459345,2.556199478983608,-1.1923542919869634,-1.133514956409228,True
1380,-0.5990098164140069,0.5743259704475472,0.5518217106095225,-2.4189968568039015,3.3053462552840185,-1.173335786861554,-1.1508315270235294,True
1381,-1.960348196475373,-1.9624595059967775,-1.959979507133871,-2.0402444153153425,-1.8879661290536223,0.002111309521404481,-0.0003686893415020265,True
1382,-1.7944754241870666,-0.7799292064299458,-0.7553723459535095,-3.820707179710872,2.423466542837445,-1.014546217757121,-1.039103078233557,True
1383,-0.5845507322725152,0.5044160644291624,0.49532443835953555,-2.43674158293127,3.45062788616125,-1.0889667967016776,-1.0798751706320506,True
1384,-1.9568581670092622,-1.9665200442139352,-1.9652412007006088,-2.0454182658000994,-1.895352416895678,0.009661877204673042,0.00838303369134663,True
1385,-1.8009523205330733,-0.6560996145790604,-0.6725396483433838,-3.802787565790688,2.4239723851843054,-1.1448527059540128,-1.1284126721896897,True
1386,-0.5868850941442572,0.5501769762430765,0.5588747967742169,-2.2916002026747435,3.3607531435239,-1.1370620703873335,-1.145759890918474,True
1387,1.3323295153812171,0.6890830947046617,0.6118806253867575,-2.8673091025312605,3.9573608906354716,0.6432464206765555,0.7204488899944597,True
1388,-2.0525798200867618,-2.0446934522522136,-2.045697464662772,-2.1102309446219594,-1.9729815809428641,-0.007886367834548214,-0.00688235542398985,True
1389,-1.9351736823075063,-0.855575412209963,-0.8053778457075464,-3.8914512230772087,2.262991076412151,-1.0795982700975433,-1.1297958365999599,True
1390,-0.6697769175500666,0.4185719394879782,0.42442220685469834,-2.572333912902956,3.2126529563312816,-1.0883488570380448,-1.0941991244047649,True
1391,1.342032724916722,0.6685447143217664,0.6596445336490042,-2.740872185054011,4.37056686991056,0.6734880105949557,0.6823881912677179,True
1392,-2.0493156240057364,-2.052036195451265,-2.0512271700867073,-2.1164817350663747,-1.9849172487944207,0.00272057144552873,0.0019115460809708829,True
1393,-1.9265804449746042,-0.8037471097497748,-0.7751803812317168,-3.8487905128859703,2.3844380907191187,-1.1228333352248294,-1.1514000637428874,True
1394,-0.662828668176569,0.4783174185658146,0.41657766274186203,-2.222126894163396,3.4100642386907043,-1.1411460867423837,-1.079406330918431,True
1395,1.3309254162991822,0.7729101505812225,0.656444785383039,-2.7280073129809326,4.106685641492495,0.5580152657179597,0.6744806309161432,True
1396,-2.0526543211440433,-2.051465636272061,-2.0522800260057994,-2.1176367072735416,-1.9877529250466275,-0.001188684871982204,-0.0003742951382439408,True
1397,-1.9338507831544072,-0.7883425723293132,-0.7989803540000158,-4.1299944286901935,2.3237145362266696,-1.145508210825094,-1.1348704291543914,True
1398,-0.669869354761586,0.39887548113424076,0.4262204019354882,-2.5299445238699287,3.2959009683285485,-1.068744835895827,-1.0960897566970742,True
1399,1.33580884148409,0.7061769128130353,0.69937988373862,-2.7071889336085886,4.063295797087903,0.6296319286710548,0.63642895774547,True
1400,-2.051010907146837,-2.0582788081184273,-2.0587829814572265,-2.120387552755535,-1.987966217126276,0.0072679009715903575,0.00777207431038951,True
1401,-1.930938128608375,-0.783834458334979,-0.7924182776111226,-3.9822114635538886,2.4529213264329393,-1.147103670273396,-1.1385198509972525,True
1402,-0.6689875436410003,0.3318541662679156,0.4387853312436819,-2.683536297045088,3.1654829581749144,-1.000841709908916,-1.1077728748846822,True
1403,-3.7089470171647476,-3.63021887072899,-3.630296729838752,-3.704153304091099,-3.5548940521695727,-0.07872814643575765,-0.07865028732599555,False
1404,-3.5203808376734513,-3.6369045782205593,-3.636990807035245,-3.7138630870268665,-3.561601909752205,0.11652374054710801,0.11660996936179346,False
1405,-3.6473780340165685,-3.635962019728767,-3.6370392528565003,-3.711198802037539,-3.562195591486334,-0.011416014287801257,-0.010338781160068145,True
1406,-3.6286164645358188,-3.643727042955259,-3.6440810347890915,-3.716289478769899,-3.5697807636686174,0.015110578419440301,0.015464570253272747,True
1407,-1.8546983562019208,-1.8775606493092285,-1.8763452496547193,-1.9569990845545941,-1.8050441086244493,0.022862293107307696,0.021646893452798466,True
1408,-1.8547114806134657,-1.8818079279526017,-1.8803526274989266,-1.9569754417898502,-1.8137028976004685,0.027096447339135965,0.02564114688546093,True
1409,-1.9102878195364787,-1.8826898804226175,-1.8817192116879697,-1.9577505352276179,-1.814276762657641,-0.027597939113861214,-0.02856860784850901,True
1410,-1.9836099074179376,-1.8911151521202205,-1.8880889828211038,-1.9641499370705977,-1.8169573688343355,-0.09249475529771711,-0.09552092459683381,False
1411,-4.189750247787937,-4.20620296861439,-4.205685008660396,-4.273726804417037,-4.141348757173907,0.016452720826452882,0.01593476087245893,True
1412,-4.209057791337323,-4.207402931098415,-4.2110742543125,-4.278293285738117,-4.144382039962536,-0.0016548602389079292,0.0020164629751766583,True
1413,-4.209253175822773,-4.212719664244592,-4.211849081903749,-4.276318458765024,-4.148034868734578,0.0034664884218189584,0.0025959060809759293,True
1414,-4.258045657137041,-4.2170009160064925,-4.217384796598433,-4.282267177755635,-4.1522329761112955,-0.041044741130548346,-0.04066086053860829,True
1415,-3.926356157881668,-3.9256452221962195,-3.926754018901324,-3.9868415504155825,-3.859760584395021,-0.0007109356854484439,0.0003978610196559984,True
1416,-4.023003572530775,-2.685762398708477,-2.6856655721035865,-5.811369038286799,0.5671938374359529,-1.337241173822298,-1.3373380004271884,True
1417,-0.7901200321598492,-1.443082295077681,-1.4907872418940489,-4.387109687837022,1.388575348183331,0.6529622629178318,0.7006672097341997,True
1418,-3.937034769033615,-3.9344841823497387,-3.9326565578446155,-4.002693612307298,-3.871440502106621,-0.0025505866838764213,-0.0043782111889996145,True
1419,-3.9699466816716855,-2.634780114875764,-2.6716965242346236,-5.8767186879992765,0.6077001410260784,-1.3351665667959214,-1.298250157437062,True
1420,-0.8057561249425996,-1.4079715438305025,-1.465036957105302,-4.188896150407878,1.4420682794186042,0.6022154188879029,0.6592808321627023,True
1421,-3.9235828355047064,-3.9351713039042653,-3.934262630631355,-3.999388739059194,-3.8742411551322578,0.011588468399558849,0.010679795126648628,True
1422,-3.9615007763587107,-2.7201485745122476,-2.675211537033403,-6.077423933354086,0.5291261233333744,-1.241352201846463,-1.2862892393253076,True
1423,-0.8245491589988738,-1.4489741512962244,-1.415285623927069,-4.272153509321931,1.3909100687519478,0.6244249922973506,0.5907364649281952,True
1424,-3.9455068001112976,-3.941045419934476,-3.9395192001518167,-4.005347104887444,-3.874144807629604,-0.004461380176821628,-0.005987599959480949,True
1425,-3.9458414002123163,-2.6926285668357544,-2.6361179448495125,-5.844662693197004,0.6499755098777525,-1.253212833376562,-1.3097234553628039,True
1426,-0.7957240823040644,-1.5224628301153995,-1.4338356203014582,-4.274542526236834,1.3286267325818475,0.7267387478113351,0.6381115379973937,True
1427,-2.3654989184046156,-2.3538381606428858,-2.3535366301474285,-2.420729146143252,-2.286855306805131,-0.011660757761729812,-0.011962288257187037,True
1428,-1.6792699784750773,-1.0572831249395784,-1.082557427431889,-4.404423498912024,2.161992925491393,-0.6219868535354989,-0.5967125510431883,True
1429,-2.3502503386158167,-2.3592225214186966,-2.358930234207058,-2.4270333648790814,-2.2915323460616697,0.008972182802879924,0.008679895591241493,True
1430,-1.653885297877529,-0.9750353982892217,-1.1186481535631927,-4.3438152397907865,1.9529022668582838,-0.6788498995883072,-0.5352371443143362,True
1431,-2.3447607408704005,-2.3606093504218215,-2.360339464985982,-2.4355843087425066,-2.292799834925941,0.015848609551420978,0.015578724115581366,True
1432,-1.6588080238578125,-1.1083075730649457,-1.0920733758071597,-4.353205974127906,2.1937482853306167,-0.5505004507928668,-0.5667346480506528,True
1433,-2.511424861611015,-2.365504641195052,-2.3658396574344254,-2.4352891187567858,-2.297288387543762,-0.14592022041596264,-0.1455852041765895,False
1434,-1.6708978430878263,-1.030501457637153,-1.120647073204104,-4.277074984893996,2.0770791923854595,-0.6403963854506733,-0.5502507698837222,True
1435,-3.9126192347700397,-3.867790729013089,-3.8667427031171986,-3.9383958322362758,-3.7989508670601517,-0.044828505756950854,-0.04587653165284111,True
1436,-3.88088478469796,-3.8713767625695965,-3.872508730088021,-3.9395794671907485,-3.803696614087762,-0.009508022128363436,-0.008376054609938954,True
1437,-3.820626141465196,-3.8746178790778925,-3.8746495901087448,-3.9418173391040687,-3.804961664525076,0.0539917376126966,0.05402344864354891,True
1438,-3.8718562424760816,-3.878350604604958,-3.8793793829989394,-3.9502701570367,-3.8107334111925173,0.006494362128876219,0.007523140522857741,True
1439,-1.3364116854007697,-1.342400631660843,-1.341794866489452,-1.4070578832487106,-1.2760867749258271,0.005988946260073291,0.005383181088682187,True
1440,-1.3382420031333817,-1.3482209711349453,-1.3479743815304108,-1.4167349148995425,-1.2829179247783298,0.009978968001563615,0.009732378397029118,True
1441,-1.3449642853779604,-1.3500888278024246,-1.3487630084380595,-1.4154310296720294,-1.2812587953762495,0.00512454242446414,0.003798723060099096,True
1442,-1.414667226959857,-1.35560993857093,-1.3555282876842503,-1.4225163336008035,-1.2920607610452024,-0.0590572883889271,-0.05913893927560676,True
1443,-2.5663441659015396,-2.5622865105841544,-2.562417676478569,-2.6304728389191774,-2.4992322879866506,-0.0040576553173852226,-0.0039264894229704694,True
1444,-2.5710103569054206,-2.5678203966914133,-2.5693503590136455,-2.6354061890446823,-2.5049227179992015,-0.0031899602140073036,-0.0016599978917750668,True
1445,-2.5716267657272556,-2.572223625833953,-2.5707285029288465,-2.6353803942870138,-2.505742035553947,0.000596860106697239,-0.0008982627984090996,True
1446,-2.5693572988804037,-2.5751127906363265,-2.5760222171069906,-2.637189613098966,-2.5110071298554537,0.005755491755922826,0.006664918226586991,True
1447,-1.404592626031304,-0.9979061531169428,-0.989602753751136,-1.1329250331343361,-0.9200049952269157,-0.4066864729143612,-0.4149898722801679,False
1448,-1.1611855291207274,-1.0052136409306662,-0.995325032908962,-1.1335520463762907,-0.9259096048786902,-0.15597188819006114,-0.16586049621176535,False
1449,-0.9803511272555463,-1.0040585590028783,-0.9968458579608785,-1.1384867656333937,-0.9286492214693517,0.02370743174733203,0.01649473070533225,True
1450,-0.9977657625426247,-1.0124247327752378,-1.0025746505726594,-1.1435905197223721,-0.9321874873640964,0.014658970232613089,0.004808888030034653,True
1451,2.337023199802466,-1.5241332192240966,-1.6162269824290547,-5.405774717269603,1.9672322988251316,3.8611564190265626,3.9532501822315207,False
1452,-4.223629312796635,-4.2455255442099675,-4.245582269183488,-4.312953060227082,-4.181961084195168,0.021896231413332856,0.021952956386853018,True
1453,-0.6263746087522396,-2.993455377232713,-3.036149717681338,-6.260053242397866,0.028585431027955223,2.3670807684804736,2.4097751089290984,True
1454,0.44358937178450114,-1.7167078700713507,-1.7815598942104174,-4.920328429359638,1.1804359929046173,2.1602972418558517,2.2251492659949186,True
1455,2.3366667156942067,-1.654384347334611,-1.549320969696183,-5.190845828676485,1.6654444020991521,3.9910510630288174,3.88598768539039,False
1456,-4.264127828732185,-4.251597270837817,-4.251995249979906,-4.319916115146767,-4.184487882837847,-0.012530557894367966,-0.012132578752279244,True
1457,-0.6257479918865041,-2.96610608609464,-3.0062847326757742,-6.3748628047567575,0.39023793149448105,2.340358094208136,2.38053674078927,True
1458,0.24730997671189067,-1.7590515265694517,-1.7881286838596817,-4.685694030279336,1.1074389548886803,2.0063615032813424,2.035438660571572,True
1459,2.336498396013109,-1.5014391471247301,-1.4992111330825277,-4.954920724653123,1.9205979107697055,3.8379375431378393,3.835709529095637,False
1460,-4.25995464660975,-4.254360725225423,-4.253629931572756,-4.319413282552478,-4.188349482530269,-0.005593921384327238,-0.006324715036994277,True
1461,-0.6211151113939615,-3.0128568987109743,-2.9579458602849584,-6.252253820018574,0.312419103973247,2.391741787317013,2.336830748890997,True
1462,0.33269500737667707,-1.6861810464674671,-1.7689831711020085,-4.6205956727471715,1.082541135478057,2.0188760538441444,2.1016781784786858,True
1463,2.3362762463886186,-1.4029238173083618,-1.4918136660359094,-4.818759497768794,2.2397935806206926,3.7392000636969804,3.8280899124245282,False
1464,-4.263759255420447,-4.258435716434472,-4.259616507015336,-4.322279117273505,-4.193845838175961,-0.005323538985974707,-0.004142748405111085,True
1465,-0.6516965866376657,-2.9711160806009693,-2.9698107141281618,-6.048240242893253,0.2606325240408057,2.3194194939633035,2.318114127490496,True
1466,0.3387462993543608,-1.8126781518135013,-1.7729015396601127,-4.623510671755757,0.9130632677758317,2.151424451167862,2.1116478390144735,True
1467,-1.7254062490750328,-2.498410903915121,-2.5178764071255118,-4.287311348921012,-0.700677066419463,0.7730046548400884,0.7924701580504789,True
1468,-4.096029143001295,-4.073668105931816,-4.074609121257626,-4.134962654242911,-4.00714501680912,-0.022361037069479117,-0.021420021743669082,True
1469,-2.264548491622823,-2.8488552537511387,-2.8513312607132946,-6.05668532896267,0.5078810168600562,0.5843067621283158,0.5867827690904717,True
1470,-1.6341089506921287,-1.6446649971373795,-1.6395071261479712,-4.5231439421583115,1.1772891304996762,0.010556046445250766,0.0053981754558425354,True
1471,-1.7600479910266982,-2.6115090968864223,-2.5793026932508205,-4.500226921472861,-0.8568747754696666,0.8514611058597241,0.8192547022241223,True
1472,-4.0835319895098685,-4.079193621628097,-4.079844539761966,-4.142293650111813,-4.014038709792685,-0.004338367881771887,-0.0036874497479022494,True
1473,-2.2900325962779493,-2.7763750651669796,-2.8362634283821766,-6.027487685533087,0.40705543252547033,0.4863424688890303,0.5462308321042273,True
1474,-1.602233565104624,-1.6756597497691996,-1.6311948003140295,-4.457720897815854,1.30505392463964,0.07342618466457562,0.028961235209405523,True
1475,-1.45848632775213,-2.573740932079376,-2.5977332603370966,-4.3500124502725415,-0.8030540774799199,1.1152546043272458,1.1392469325849666,True
1476,-4.062996359713568,-4.080243958848991,-4.081093904353601,-4.148128182342271,-4.015394970984437,0.017247599135422398,0.01809754464003266,True
1477,-2.212062931661451,-2.717799104276182,-2.829303571884506,-6.014345773788069,0.41973189279011625,0.5057361726147311,0.6172406402230548,True
1478,-1.5439839396499417,-1.6051905946918685,-1.5480836474630677,-4.333605585462828,1.2306488195247676,0.061206655041926794,0.0040997078131259634,True
1479,-1.5059499264556275,-2.6067005491669097,-2.6336043487203225,-4.390953752658099,-0.8013825022560305,1.1007506227112822,1.127654422264695,True
1480,-4.087730067218691,-4.0800418482282295,-4.0876482052803365,-4.152304608524318,-4.023060023951538,-0.0076882189904612375,-8.186193835424405e-05,True
1481,-2.3335878954864646,-2.7804321698374257,-2.8069714008513174,-5.936738399241653,0.5133103838530133,0.4468442743509611,0.47338350536485274,True
1482,-1.4706736522323338,-1.823313274679753,-1.5736862459467027,-4.669750073423189,1.1575544664902744,0.3526396224474191,0.10301259371436888,True
1483,-0.6038795035496698,-0.5884877372662263,-0.6105113443679083,-3.9457781443007223,2.8434847793932727,-0.01539176628344352,0.0066318408182385324,True
1484,-3.267666417207895,-3.2978939563488305,-3.296669865373446,-3.375041635374183,-3.2264853206799295,0.030227539140935455,0.029003448165550783,True
1485,0.769261505709831,-2.04457267004187,-2.0560732076934563,-5.3876824099141185,1.0834360353396668,2.813834175751701,2.8253347134032873,True
1486,-0.6232985495342251,-0.5939709919043454,-0.6180910793123588,-4.10706286836246,2.9487710430298293,-0.029327557629879708,-0.005207470221866295,True
1487,-3.275635644778595,-3.303256462341018,-3.3028018677665885,-3.377674076357801,-3.2315983010460747,0.027620817562423294,0.02716622298799365,True
1488,0.6518974513428947,-2.0891786451839773,-2.0627246522905427,-5.313158597629734,0.9979156496871151,2.741076096526872,2.7146221036334373,True
1489,-0.4399394427021003,-0.6469672744540392,-0.6359609213703794,-4.25010556032548,2.7090209707808297,0.20702783175193895,0.19602147866827913,True
1490,-3.3345699695400426,-3.3060831368161447,-3.305317262019872,-3.384423761572324,-3.232367563378536,-0.028486832723897848,-0.029252707520170507,True
1491,0.9000677041460565,-1.9109922831158768,-1.9754961546345513,-5.10213077888833,1.3172023698656634,2.8110599872619333,2.875563858780608,True
1492,-0.43363433688305075,-0.49700374024052246,-0.5403854255425007,-3.907911722383563,2.990252346692036,0.06336940335747171,0.10675108865944993,True
1493,-3.371054545654883,-3.311755235216973,-3.3103078126326793,-3.3876458784325236,-3.2367772430565243,-0.05929931043791026,-0.06074673302220379,True
1494,0.941497376909989,-2.0751019411310923,-2.06548382378658,-5.51806121606996,1.2418742339135649,3.0165993180410813,3.006981200696569,True
1495,-2.7257424677798823,-2.7664440687803546,-2.7568967854502104,-2.8838247749147836,-2.683201080435433,0.040701601000472376,0.03115431767032817,True
1496,-2.7561602680133617,-2.7722214148305784,-2.761594060929946,-2.8944948252977745,-2.690116642990187,0.01606114681721671,0.005433792916584412,True
1497,-2.882472396959608,-2.7759182352643132,-2.764050140708118,-2.8969005845807194,-2.6959212477864076,-0.10655416169529497,-0.11842225625149005,True
1498,-3.042311610676261,-2.7794993391958425,-2.770087703936138,-2.8968006609445003,-2.6969363513979174,-0.2628122714804184,-0.27222390674012287,False
1499,-3.84242164233774,-3.8448231724948974,-3.8449873016994935,-3.9083035554657086,-3.779134901096198,0.0024015301571571612,0.0025656593617533474,True
1500,-4.222868319542221,-2.563793980085108,-2.6256442073266735,-5.832241539575734,0.7020643726341411,-1.659074339457113,-1.5972241122155477,True
1501,-1.0022636871713029,-1.285112485605363,-1.3947041878070965,-4.140686451722295,1.627949829096834,0.2828487984340602,0.3924405006357936,True
1502,-3.8473542309292608,-3.8518432489031946,-3.851746314643207,-3.922177096026151,-3.782102471761517,0.004489017973933862,0.004392083713946171,True
1503,-4.226733750267846,-2.560642789979852,-2.6076668438911885,-5.7000746985656185,0.5581097578510615,-1.6660909602879945,-1.6190669063766578,True
1504,-1.0748695459514856,-1.536611183703262,-1.3915632174979875,-4.230326540176835,1.2595237825688366,0.46174163775177646,0.31669367154650185,True
1505,-3.84023768068556,-3.8548136115052145,-3.8538460992601715,-3.9201961338609306,-3.789697055760365,0.01457593081965447,0.01360841857461148,True
1506,-4.156659992348874,-2.664931641316284,-2.599980663495784,-5.741703538207541,0.7387132983074005,-1.4917283510325898,-1.5566793288530896,True
1507,-0.9138541865340506,-1.3512822142748089,-1.4194210653990034,-4.403896173769962,1.7157534606808142,0.4374280277407583,0.5055668788649528,True
1508,-3.907636115105134,-3.8619530296947384,-3.8590667376042473,-3.932509182699396,-3.789893520308102,-0.04568308541039556,-0.048569377500886635,True
1509,-4.248297633116794,-2.5190921831182793,-2.567805359292489,-5.593626741632343,0.4659910001458983,-1.7292054499985143,-1.6804922738243047,True
1510,-0.996063548435343,-1.412677455322047,-1.3623915937051065,-4.3645353798510165,1.3137137305840232,0.41661390688670397,0.3663280452697636,True
1511,-3.303623214311982,-3.1547161859266937,-3.151024967291071,-3.2577116600364016,-3.0696703319091645,-0.14890702838528824,-0.15259824702091107,False
1512,-3.4933816054117943,-1.8774699964552493,-1.9440791727380669,-5.251967585383164,1.29562433361945,-1.615911608956545,-1.5493024326737275,True
1513,-1.6807372985561,-0.6625493129034822,-0.6619720997854831,-3.5468622540616104,2.131068266332998,-1.018187985652618,-1.018765198770617,True
1514,-3.128594882166356,-3.162149405596832,-3.158314189185927,-3.2592791186171373,-3.078542854110286,0.033554523430475935,0.02971930701957115,True
1515,-3.7804160887576903,-1.9793001528628495,-1.8870138210523093,-5.290057362740104,1.214939598520565,-1.8011159358948408,-1.893402267705381,True
1516,-1.9334239314447925,-0.6313002215404996,-0.6695387697177699,-3.445408364889006,2.5013280673595673,-1.302123709904293,-1.2638851617270226,True
1517,-3.2117644446013927,-3.1679010119879902,-3.1582358691023305,-3.264377518593088,-3.078722532758475,-0.04386343261340242,-0.0535285754990622,True
1518,-3.5355330135680116,-1.9308056507076659,-1.8728823991578138,-5.256389368751886,1.322924993512199,-1.6047273628603458,-1.6626506144101978,True
1519,-2.0180458784761814,-0.646895309126473,-0.7047312446405658,-3.731187327408277,2.423362777795088,-1.3711505693497084,-1.3133146338356156,True
1520,-3.113408380701148,-3.169981634987044,-3.1641323992880386,-3.2705599640997334,-3.0854456889094513,0.0565732542858961,0.05072401858689046,True
1521,-3.5037959375413994,-1.9953666053707744,-1.901518904141286,-4.902630092578942,0.9043220679313242,-1.508429332170625,-1.6022770334001133,True
1522,-1.8850678648650463,-0.6743264436793829,-0.6505144414327522,-3.5096374357831754,2.185086460197408,-1.2107414211856633,-1.2345534234322941,True
1523,-2.818853697936357,-2.551595852120458,-2.532251851409581,-4.400110758806067,-0.7050240382537513,-0.26725784581589895,-0.2866018465267759,True
1524,-4.039094844124145,-4.077331168759117,-4.07313269480888,-4.170816040495136,-3.998040205000076,0.03823632463497173,0.03403785068473475,True
1525,-0.5751445611706971,-2.929011460799462,-2.8548171875405988,-6.060647063950852,0.061980569398096194,2.3538668996287653,2.2796726263699014,True
1526,-0.8573797176200832,-1.6830220138402512,-1.6331425219849354,-4.427509633467574,1.2830701743854955,0.8256422962201679,0.7757628043648521,True
1527,-2.816557022449402,-2.565391652155525,-2.588573509537974,-4.402085806282778,-0.7983912885674822,-0.25116537029387676,-0.22798351291142804,True
1528,-4.148016019792413,-4.085503058966748,-4.07932178478218,-4.177085171308404,-4.003362021731276,-0.06251296082566515,-0.0686942350102333,True
1529,-0.4312445610956517,-2.7894139513233083,-2.8162581121573593,-5.798146342251278,0.2368398987263831,2.3581693902276566,2.3850135510617076,True
1530,-0.9182225967239817,-1.6534234598258293,-1.6479643907692478,-4.311041390425513,1.117283660332559,0.7352008631018476,0.7297417940452662,True
1531,-2.8172704105060733,-2.632865432563461,-2.627583495052897,-4.334269587884913,-0.866024016019584,-0.18440497794261246,-0.1896869154531764,True
1532,-4.22460637366045,-4.08571538378931,-4.080826305509214,-4.176268863811145,-4.007622072917649,-0.13889098987113968,-0.14378006815123534,False
1533,-0.19291594115891297,-2.600757057676842,-2.782996025459863,-5.781942075411079,0.4170071141653447,2.407841116517929,2.5900800843009497,True
1534,-0.6579439606987241,-1.5669226563437801,-1.594046684282696,-4.407630143640484,1.1769884888404465,0.9089786956450561,0.9361027235839718,True
1535,-2.6595959372723312,-2.6233268983741587,-2.6441701761017073,-4.338124235516629,-0.701956612907696,-0.03626903889817257,-0.015425761170623886,True
1536,-4.071824793334744,-4.092290309227976,-4.084788162645317,-4.186154413147704,-4.012622925235432,0.020465515893231867,0.012963369310573292,True
1537,-0.44038149961640854,-2.950506297245442,-2.8176213288888228,-6.099597627119831,0.29974265395742955,2.5101247976290333,2.377239829272414,True
1538,-0.8176859846484996,-1.5882168994899206,-1.5571104236578885,-4.467406415399278,1.0603223865656017,0.770530914841421,0.7394244390093889,True
1539,-4.114838266572024,-4.10590232558619,-4.106794820162605,-4.172548888228234,-4.036402455679387,-0.00893594098583339,-0.008043446409418564,True
1540,-4.116234967703237,-4.114119605523,-4.113683091108635,-4.178430635711952,-4.0458887300263715,-0.0021153621802367795,-0.002551876594601765,True
1541,-4.1081369324212,-4.115561869418678,-4.114352588543738,-4.178661667065594,-4.051006212686048,0.007424936997478149,0.006215656122538604,True
1542,-4.11656233753243,-4.118145509605789,-4.120372363243574,-4.18444304587171,-4.050513777436033,0.0015831720733592292,0.0038100257111439717,True
1543,-2.117534430428852,-2.1819014155272884,-2.1817680142849407,-2.25007129704081,-2.111899360725553,0.0643669850984363,0.06423358385608857,True
1544,-0.6542590581162865,-0.9553932892659784,-0.9315071905821584,-4.026640632131032,2.3958660088345742,0.30113423114969196,0.2772481324658719,True
1545,-2.182655233025279,-2.187931092199982,-2.186216074549152,-2.258010341837324,-2.1202854522532633,0.005275859174703079,0.0035608415238730373,True
1546,-0.6360996720580003,-0.9227911885439276,-0.9661486234920569,-4.13043687460163,2.187181292012546,0.2866915164859273,0.33004895143405655,True
1547,-2.1936583710003115,-2.1878475732555445,-2.188207557060649,-2.2535908271554272,-2.1192690334121074,-0.0058107977447670045,-0.005450813939662513,True
1548,-0.6226574620386245,-0.9386509535678291,-0.9037599400032834,-3.9356879663370883,2.215602807230498,0.31599349152920464,0.2811024779646589,True
1549,-2.2521811712060065,-2.1960113429971613,-2.19543760474609,-2.266882267574256,-2.1252385074195295,-0.056169828208845196,-0.056743566459916295,True
1550,-0.6097463431008967,-0.8579713204273159,-0.8741621491880258,-4.0243546444629255,2.2730415263347283,0.24822497732641924,0.2644158060871291,True
1551,-4.120688001831292,-4.117137415872655,-4.118305263882756,-4.185718040253938,-4.045610661662926,-0.003550585958636887,-0.00238273794853594,True
1552,-0.6607890496872305,-2.900733595978657,-2.8694776160351276,-5.875469155462302,0.28764733947443927,2.2399445462914263,2.208688566347897,True
1553,-4.122246602805139,-4.124707131904454,-4.124326422543881,-4.18933644346652,-4.058292240864128,0.0024605290993156004,0.0020798197387419393,True
1554,-0.669536446922143,-2.6906950541103765,-2.8437192175369375,-6.014566701247041,0.3464719396149659,2.0211586071882337,2.1741827706147943,True
1555,-4.130403771784038,-4.126053168942846,-4.125231268866663,-4.190221355684348,-4.066033045333857,-0.004350602841191709,-0.005172502917375255,True
1556,-0.6762787384242744,-2.864497202057181,-2.865512545384177,-5.941633446799034,0.336592703792571,2.1882184636329063,2.1892338069599027,True
1557,-4.128182589250276,-4.132854588003143,-4.132243285631066,-4.197623425923978,-4.069471198171813,0.004671998752867168,0.0040606963807903185,True
1558,-0.6842789538808083,-2.895681370162107,-2.8624105013275503,-5.960343933096196,0.05310432823380468,2.211402416281299,2.1781315474467418,True
1559,1.3666801776055277,1.7115963987770877,1.6356417078067664,-1.7631291985178932,5.055476494368993,-0.34491622117155996,-0.2689615302012387,True
1560,-1.0196410253637351,-1.038850154160673,-1.039430192749008,-1.108312483739437,-0.9723212570631121,0.019209128796937813,0.01978916738527281,True
1561,-0.6616601650149003,0.18463283123363644,0.2046971297763317,-2.943028453388337,3.5806707206483916,-0.8462929962485368,-0.866357294791232,True
1562,-0.3880101724598651,1.5920622885749331,1.396730061961792,-1.3453096461297844,4.345563884378532,-1.9800724610347982,-1.784740234421657,True
1563,1.631344352759134,1.6899162835639547,1.670162681427907,-1.7036151260732404,4.952395288676712,-0.058571930804820704,-0.03881832866877288,True
1564,-1.033905579097939,-1.0453597437730615,-1.0443326023086463,-1.112654882144886,-0.9751716886090416,0.011454164675122502,0.01042702321070732,True
1565,-0.8519144116730266,0.086567347533436,0.1880722826168225,-3.1185729891206297,3.153686762042172,-0.9384817592064626,-1.039986694289849,True
1566,-0.26198412424654144,1.5174182374802514,1.4469362792008413,-1.4001777084278264,4.334792707871824,-1.779402361726793,-1.7089204034473828,True
1567,1.6614502918170193,1.7461109015670424,1.7314326228557317,-1.6747840933626101,5.34580534331365,-0.0846606097500231,-0.06998233103871243,True
1568,-1.0501881584551098,-1.046109718488791,-1.046271195294184,-1.1129146277496589,-0.9805306568987341,-0.0040784399663187365,-0.003916963160925713,True
1569,-0.8519122197910961,0.1882383350331009,0.20665073663331246,-3.011284033728849,3.3313042225566467,-1.040150554824197,-1.0585629564244086,True
1570,-0.2778096540578521,1.2644713282937914,1.4515854032962219,-1.3262396286300415,4.386234788748134,-1.5422809823516435,-1.729395057354074,True
1571,1.6848948141133064,1.625608487755796,1.711906085204531,-1.9036042868058394,5.029921059173825,0.05928632635751052,-0.027011271091224476,True
1572,-1.0751103525570254,-1.0556158561940971,-1.0537855035625585,-1.1206859333472832,-0.9912319588280959,-0.019494496362928215,-0.02132484899446685,True
1573,-0.8519174767173564,0.2706321992821726,0.23480067025555873,-3.098479661894006,3.413539445968036,-1.122549675999529,-1.086718146972915,True
1574,-0.27342480934568764,1.4577453598365409,1.464166445358839,-1.4001409654765224,4.453935531303978,-1.7311701691822285,-1.7375912547045267,True
1575,-3.7265984444390194,-3.777444774283031,-3.774949692702691,-3.849358212361555,-3.700847879534233,0.050846329844011606,0.04835124826367165,True
1576,-3.808072402973799,-3.780012389889789,-3.780773570114242,-3.8561850907985478,-3.7055280072656034,-0.02806001308400985,-0.02729883285955692,True
1577,-3.827132501128704,-3.7847851902508864,-3.7836528724150895,-3.8613553996563184,-3.7084407013743013,-0.04234731087781762,-0.04347962871361455,True
1578,-3.762161807315574,-3.7875380874532976,-3.7886888138754222,-3.856803671954782,-3.7148929312246146,0.02537628013772375,0.02652700655984841,True
1579,-3.2822861709281046,-3.2768251757586766,-3.275904618857079,-3.3398099813122184,-3.2130533530274477,-0.005460995169427996,-0.006381552071025531,True
1580,-3.2822666198702772,-3.2794949304310075,-3.2810210126032664,-3.3464647023965512,-3.2134260674408774,-0.0027716894392697533,-0.0012456072670108398,True
1581,-3.2823969431782283,-3.2874002950503196,-3.28258829219076,-3.3500388168334525,-3.216466246985538,0.005003351872091333,0.00019134901253181624,True
1582,-3.282253818316339,-3.2869877817291,-3.288073923815974,-3.354077724063492,-3.216301351310338,0.004733963412761,0.005820105499635186,True
1583,-2.4262297562715336,-2.784833012039294,-2.784834093102278,-2.853145481489661,-2.715241151324939,0.3586032557677603,0.35860433683074433,False
1584,-3.6624845780111865,-1.6180331060630373,-1.6032608108179054,-4.7923766196714785,1.6463947597678978,-2.0444514719481495,-2.059223767193281,True
1585,-2.809284002788751,-2.79222108631946,-2.7908939008562816,-2.86256072871801,-2.7207377621700295,-0.017062916469290812,-0.01839010193246926,True
1586,-3.67091180831246,-1.5442072963876465,-1.5173359726724227,-4.829444582731897,1.7228804655251988,-2.1267045119248134,-2.153575835640037,True
1587,-2.795610105509535,-2.790440798887491,-2.79138869797726,-2.8572459282487532,-2.719030730314188,-0.0051693066220437345,-0.004221407532274846,True
1588,-3.812309431430444,-1.5275462403615507,-1.5240500207443084,-4.713203833386952,1.6620122489463784,-2.2847631910688935,-2.288259410686136,True
1589,-2.7777270826473166,-2.7991612177126766,-2.798743330252891,-2.8715184538406677,-2.730313135084652,0.02143413506535996,0.02101624760557419,True
1590,-3.919819457037925,-1.4684036240369955,-1.515077538183538,-4.543789576013456,1.8089135044509612,-2.4514158330009295,-2.404741918854387,True
1591,-2.220969974026202,-2.0839813921761956,-2.081732630738909,-2.1491692224768464,-2.02214166801815,-0.1369885818500065,-0.1392373432872933,False
1592,-2.0911841385453216,-2.0879797503016015,-2.0874130467622,-2.153057200213344,-2.0182431969977612,-0.0032043882437200466,-0.0037710917831215163,True
1593,-2.0882953604654877,-2.0890845223401056,-2.08963568559105,-2.1576077532846307,-2.02366459659901,0.0007891618746178608,0.0013403251255623694,True
1594,-2.0793078769426225,-2.095782356429525,-2.0938354880181325,-2.164783144590084,-2.029967785097756,0.016474479486902283,0.014527611075509927,True
1595,1.9528213871914513,-0.03178759638939092,0.09006681142405264,-3.6928889475454842,3.4050043765776064,1.9846089835808423,1.8627545757673987,True
1596,-2.4946698722131084,-2.540808387236644,-2.542500633673926,-2.611081269746834,-2.4688951205853145,0.04613851502353539,0.04783076146081777,True
1597,-0.439372542284576,-1.2643591589189196,-1.3176630297958853,-4.472757040972255,1.9412630029222897,0.8249866166343436,0.8782904875113093,True
1598,-0.1993832414308993,-0.04433254301973992,-0.05318287646732138,-2.8616992147479916,2.6890682968765196,-0.15505069841115937,-0.1462003649635779,True
1599,1.923835266694093,0.16082918143324815,0.1710377714414803,-3.1539552027171327,3.877443731721302,1.763006085260845,1.7527974952526126,True
1600,-2.5266627413918963,-2.5488975653112034,-2.5475266393449747,-2.620924541582541,-2.4785215257998314,0.02223482391930709,0.020863897953078414,True
1601,-0.4393739856515468,-1.2575416963612926,-1.262861994381256,-4.370228141064007,1.8999190089550804,0.8181677107097458,0.8234880087297092,True
1602,-0.19938400739393797,-0.08264750178069048,-0.03399076037896588,-2.8469108787675994,2.9615891680258906,-0.11673650561324748,-0.1653932470149721,True
1603,1.8870876382028998,0.2492426687133142,0.20584068651433457,-3.1362271074336827,3.636100629422864,1.6378449694895856,1.6812469516885653,True
1604,-2.5765406563161344,-2.547274002807205,-2.5495288144363935,-2.6188742871815234,-2.4721194164195555,-0.02926665350892943,-0.027011841879740928,True
1605,-0.4643007761511215,-1.3584285130955884,-1.292074486184762,-4.511131974569302,1.7781629072206504,0.8941277369444669,0.8277737100336404,True
1606,-0.23410834592183385,-0.12876527523364362,-0.09025675155371074,-3.142638305058236,2.824733751602648,-0.10534307068819024,-0.14385159436812311,True
1607,1.8460716695629193,0.15183657031398096,0.1927435528845592,-3.323317790972321,3.7116070575387377,1.6942350992489383,1.6533281166783602,True
1608,-2.5902273701384115,-2.5582131824360417,-2.555755513947468,-2.6272667160098266,-2.484480829504557,-0.032014187702369856,-0.034471856190943395,True
1609,-0.5170168772265071,-1.2005298732048422,-1.2785981034446054,-4.724815828577984,1.8981060333515631,0.683512995978335,0.7615812262180983,True
1610,-0.23753164581573205,-0.08727993255279487,-0.06895093949634258,-2.8970664188359447,2.723933544897956,-0.15025171326293718,-0.16858070631938948,True
1611,-3.328437926116855,-3.3293810626394063,-3.328622934730772,-3.394449022969651,-3.2643177993319106,0.0009431365225514021,0.00018500861391723689,True
1612,-3.330387215505343,-3.3359556736772658,-3.334980343496578,-3.40084356548536,-3.272165618542486,0.005568458171922863,0.004593127991235235,True
1613,-3.322315603643853,-3.3360014070095954,-3.3366694078394326,-3.402957237896253,-3.2687020188973825,0.013685803365742544,0.014353804195579745,True
1614,-3.402936444457303,-3.343213122852565,-3.342414580136669,-3.409724134046737,-3.277470054392104,-0.05972332160473792,-0.06052186432063378,True
